Geography,SUPPRESSION_FLAG,HOUSEHOLDS,PERSONS
C 35 00,RELEASE,21,60
C 35 01,SUPPRESS,9,0
C 36 00,RELEASE,112,266
C 36 01,RELEASE,194,438
C 36 03,SUPPRESS,5,0
C 36 04,SUPPRESS,3,0
C 36 05,SUPPRESS,8,0
C 36 06,SUPPRESS,2,0
C 36 07,RELEASE,21,63
C 36 08,RELEASE,13,48
C 36 09,RELEASE,18,38
C 37 00,RELEASE,24,58
C 37 01,RELEASE,102,268
C 37 02,RELEASE,23,64
C 37 03,RELEASE,27,63
C 37 04,RELEASE,38,104
C 37 05,RELEASE,18,48
C 37 06,RELEASE,21,54
C 37 07,RELEASE,59,160
C 37 08,SUPPRESS,9,0
C 37 09,SUPPRESS,8,0
C 37 10,SUPPRESS,2,0
C 38 00,RELEASE,25,58
C 38 01,RELEASE,249,598
C 38 02,RELEASE,19,58
C 38 03,RELEASE,21,55
C 38 04,RELEASE,16,47
C 38 05,SUPPRESS,7,0
C 38 06,SUPPRESS,7,0
C 38 07,SUPPRESS,2,0
C 38 08,SUPPRESS,7,0
C 38 09,RELEASE,18,51
C 38 10,SUPPRESS,3,0
C 38 12,SUPPRESS,6,0
C 38 13,SUPPRESS,7,0
C 38 14,RELEASE,61,205
C 38 15,SUPPRESS,3,0
C 38 16,SUPPRESS,1,0
C 39 00,SUPPRESS,1,0
C 39 01,RELEASE,22,53
C 39 02,SUPPRESS,4,0
C 39 03,SUPPRESS,8,0
C 39 04,RELEASE,39,90
C 39 05,RELEASE,57,168
C 39 06,RELEASE,14,35
C 39 07,SUPPRESS,1,0
C 39 09,SUPPRESS,10,0
C 39 10,RELEASE,255,575
C 39 12,SUPPRESS,5,0
C 39 13,RELEASE,15,35
C 39 14,RELEASE,14,39
C 39 15,SUPPRESS,7,0
C 39 16,SUPPRESS,4,0
C 39 17,SUPPRESS,3,0
C 39 18,SUPPRESS,1,0
C 39 19,SUPPRESS,3,0
C 39 20,SUPPRESS,1,0
C 40 00,SUPPRESS,7,0
C 40 01,RELEASE,14,36
C 40 02,RELEASE,11,32
C 40 03,RELEASE,14,36
C 40 04,RELEASE,13,34
C 40 05,SUPPRESS,11,0
C 40 06,SUPPRESS,10,0
C 40 07,RELEASE,41,116
C 40 08,SUPPRESS,12,0
C 40 09,SUPPRESS,5,0
C 40 10,RELEASE,13,33
C 40 11,SUPPRESS,8,0
C 40 12,RELEASE,20,50
C 40 13,SUPPRESS,7,0
C 40 14,RELEASE,101,281
C 40 15,SUPPRESS,9,0
C 40 16,SUPPRESS,2,0
C 40 17,RELEASE,17,36
C 40 18,RELEASE,29,71
C 40 20,RELEASE,82,218
C 41 00,SUPPRESS,10,0
C 41 01,RELEASE,13,37
C 41 02,RELEASE,17,45
C 41 03,RELEASE,11,32
C 41 04,RELEASE,10,31
C 41 05,RELEASE,14,37
C 41 06,RELEASE,14,36
C 41 07,SUPPRESS,7,0
C 41 08,SUPPRESS,9,0
C 41 09,RELEASE,22,59
C 41 10,SUPPRESS,9,0
C 41 11,RELEASE,247,615
C 41 12,RELEASE,738,1866
C 41 13,RELEASE,115,319
C 41 14,RELEASE,82,207
C 41 15,RELEASE,299,723
C 41 16,RELEASE,1339,3473
C 41 17,RELEASE,139,305
C 41 18,RELEASE,1529,4182
C 41 19,RELEASE,910,2316
C 41 20,RELEASE,255,662
C 41 21,RELEASE,29,63
C 41 22,SUPPRESS,5,0
C 42 00,SUPPRESS,4,0
C 42 01,SUPPRESS,9,0
C 42 02,RELEASE,13,35
C 42 03,SUPPRESS,5,0
C 42 04,SUPPRESS,9,0
C 42 05,SUPPRESS,8,0
C 42 08,SUPPRESS,10,0
C 42 09,RELEASE,14,43
C 42 10,SUPPRESS,4,0
C 42 11,SUPPRESS,3,0
C 42 12,SUPPRESS,8,0
C 42 13,SUPPRESS,7,0
C 42 14,RELEASE,304,770
C 42 15,RELEASE,592,1248
C 42 16,RELEASE,1715,3895
C 42 17,RELEASE,1660,3885
C 42 18,RELEASE,1276,3239
C 42 19,RELEASE,584,1396
C 42 20,RELEASE,1476,3924
C 42 21,RELEASE,542,1406
C 42 22,SUPPRESS,1,0
C 43 00,SUPPRESS,6,0
C 43 01,RELEASE,16,48
C 43 02,RELEASE,16,44
C 43 03,SUPPRESS,4,0
C 43 04,SUPPRESS,7,0
C 43 05,RELEASE,16,38
C 43 06,SUPPRESS,2,0
C 43 08,SUPPRESS,4,0
C 43 09,SUPPRESS,4,0
C 43 10,RELEASE,19,63
C 43 11,SUPPRESS,5,0
C 43 12,SUPPRESS,5,0
C 43 13,SUPPRESS,3,0
C 43 14,RELEASE,11,31
C 43 15,RELEASE,811,2229
C 43 16,RELEASE,1725,2960
C 43 17,RELEASE,1340,2388
C 43 18,RELEASE,1038,2322
C 43 19,RELEASE,1346,3174
C 43 20,RELEASE,1539,3776
C 43 21,RELEASE,755,2085
C 44 00,RELEASE,16,39
C 44 01,SUPPRESS,12,0
C 44 02,RELEASE,119,300
C 44 03,RELEASE,171,417
C 44 04,SUPPRESS,8,0
C 44 05,SUPPRESS,4,0
C 44 06,RELEASE,17,40
C 44 07,SUPPRESS,1,0
C 44 10,SUPPRESS,4,0
C 44 11,SUPPRESS,10,0
C 44 12,SUPPRESS,6,0
C 44 13,SUPPRESS,8,0
C 44 14,RELEASE,355,1081
C 44 15,RELEASE,1190,2674
C 44 16,RELEASE,2133,4364
C 44 17,RELEASE,363,816
C 44 18,RELEASE,100,182
C 44 19,RELEASE,800,2089
C 44 20,RELEASE,1481,3963
C 44 21,RELEASE,380,1004
C 44 22,SUPPRESS,1,0
C 45 00,SUPPRESS,12,0
C 45 01,RELEASE,36,86
C 45 02,SUPPRESS,5,0
C 45 03,SUPPRESS,1,0
C 45 04,SUPPRESS,12,0
C 45 05,SUPPRESS,6,0
C 45 06,RELEASE,14,33
C 45 07,SUPPRESS,8,0
C 45 08,SUPPRESS,1,0
C 45 09,SUPPRESS,4,0
C 45 10,SUPPRESS,3,0
C 45 12,SUPPRESS,4,0
C 45 13,RELEASE,78,149
C 45 14,RELEASE,1086,2903
C 45 15,RELEASE,718,1942
C 45 16,RELEASE,1679,3783
C 45 17,RELEASE,1187,2671
C 45 18,RELEASE,167,438
C 45 20,RELEASE,149,424
C 45 21,RELEASE,21,62
C 45 22,RELEASE,57,180
C 46 00,SUPPRESS,12,0
C 46 01,SUPPRESS,1,0
C 46 02,SUPPRESS,8,0
C 46 03,SUPPRESS,8,0
C 46 04,SUPPRESS,7,0
C 46 05,SUPPRESS,3,0
C 46 06,RELEASE,16,37
C 46 07,SUPPRESS,2,0
C 46 09,SUPPRESS,8,0
C 46 10,RELEASE,19,70
C 46 11,RELEASE,10,33
C 46 12,RELEASE,19,45
C 46 13,RELEASE,18,40
C 46 14,RELEASE,345,744
C 46 15,RELEASE,330,841
C 46 16,RELEASE,568,1473
C 46 17,RELEASE,1054,2447
C 46 18,RELEASE,77,217
C 46 19,RELEASE,23,61
C 46 20,RELEASE,636,1787
C 46 21,RELEASE,259,684
C 46 22,RELEASE,842,2566
C 46 23,RELEASE,51,140
C 46 24,SUPPRESS,9,0
C 47 00,SUPPRESS,9,0
C 47 02,SUPPRESS,6,0
C 47 03,SUPPRESS,10,0
C 47 04,SUPPRESS,7,0
C 47 05,SUPPRESS,3,0
C 47 06,SUPPRESS,3,0
C 47 08,SUPPRESS,1,0
C 47 09,SUPPRESS,3,0
C 47 10,RELEASE,13,50
C 47 11,RELEASE,16,55
C 47 12,RELEASE,140,383
C 47 13,RELEASE,75,184
C 47 14,RELEASE,158,364
C 47 15,SUPPRESS,6,0
C 47 16,SUPPRESS,2,0
C 47 17,SUPPRESS,4,0
C 47 18,SUPPRESS,6,0
C 47 19,RELEASE,160,418
C 47 20,RELEASE,269,585
C 47 21,RELEASE,62,150
C 47 22,RELEASE,133,374
C 47 23,SUPPRESS,7,0
C 47 24,RELEASE,11,35
C 48 00,SUPPRESS,4,0
C 48 01,SUPPRESS,2,0
C 48 02,SUPPRESS,6,0
C 48 03,SUPPRESS,8,0
C 48 04,SUPPRESS,1,0
C 48 05,SUPPRESS,10,0
C 48 06,SUPPRESS,2,0
C 48 09,SUPPRESS,1,0
C 48 10,RELEASE,18,47
C 48 11,RELEASE,13,41
C 48 12,RELEASE,26,66
C 48 13,SUPPRESS,7,0
C 48 14,RELEASE,16,44
C 48 15,SUPPRESS,8,0
C 48 16,RELEASE,10,30
C 48 17,SUPPRESS,3,0
C 48 18,SUPPRESS,5,0
C 48 19,SUPPRESS,6,0
C 48 20,SUPPRESS,1,0
C 49 00,SUPPRESS,9,0
C 49 01,SUPPRESS,8,0
C 49 02,RELEASE,16,34
C 49 03,SUPPRESS,10,0
C 49 04,SUPPRESS,1,0
C 49 06,SUPPRESS,3,0
C 49 07,RELEASE,12,37
C 49 08,RELEASE,25,67
C 49 09,RELEASE,21,46
C 49 10,RELEASE,34,99
C 49 11,SUPPRESS,9,0
C 49 12,SUPPRESS,9,0
C 49 13,SUPPRESS,7,0
C 49 14,SUPPRESS,4,0
C 49 15,SUPPRESS,4,0
C 49 16,RELEASE,16,48
C 49 17,SUPPRESS,6,0
C 49 18,SUPPRESS,11,0
C 49 19,SUPPRESS,11,0
C 49 20,RELEASE,116,322
C 49 21,SUPPRESS,4,0
C 49 22,SUPPRESS,3,0
C 50 00,SUPPRESS,1,0
C 50 01,SUPPRESS,3,0
C 50 02,RELEASE,14,51
C 50 03,SUPPRESS,9,0
C 50 06,SUPPRESS,4,0
C 50 07,SUPPRESS,8,0
C 50 08,SUPPRESS,5,0
C 50 09,SUPPRESS,13,0
C 50 10,SUPPRESS,6,0
C 50 11,SUPPRESS,8,0
C 50 12,SUPPRESS,7,0
C 50 13,SUPPRESS,4,0
C 50 14,RELEASE,109,303
C 50 15,RELEASE,139,349
C 50 16,SUPPRESS,10,0
C 50 17,SUPPRESS,5,0
C 50 18,SUPPRESS,3,0
C 50 19,RELEASE,17,43
C 50 20,SUPPRESS,6,0
C 50 21,RELEASE,20,67
C 50 22,SUPPRESS,8,0
C 50 23,SUPPRESS,1,0
C 51 01,SUPPRESS,3,0
C 51 02,SUPPRESS,6,0
C 51 03,SUPPRESS,7,0
C 51 04,SUPPRESS,7,0
C 51 05,SUPPRESS,5,0
C 51 06,SUPPRESS,4,0
C 51 07,SUPPRESS,9,0
C 51 08,SUPPRESS,8,0
C 51 09,RELEASE,17,52
C 51 10,SUPPRESS,7,0
C 51 11,SUPPRESS,2,0
C 51 12,SUPPRESS,7,0
C 51 13,SUPPRESS,8,0
C 51 14,RELEASE,29,67
C 51 15,RELEASE,18,63
C 51 16,RELEASE,20,57
C 51 17,RELEASE,10,32
C 51 18,RELEASE,17,40
C 51 19,RELEASE,65,182
C 51 20,RELEASE,26,61
C 51 21,RELEASE,21,57
C 51 22,SUPPRESS,3,0
C 52 00,SUPPRESS,4,0
C 52 01,SUPPRESS,6,0
C 52 03,SUPPRESS,1,0
C 52 04,RELEASE,14,47
C 52 05,SUPPRESS,3,0
C 52 06,RELEASE,10,34
C 52 07,RELEASE,19,54
C 52 08,SUPPRESS,7,0
C 52 09,RELEASE,41,92
C 52 10,SUPPRESS,9,0
C 52 11,SUPPRESS,7,0
C 52 12,RELEASE,13,45
C 52 13,SUPPRESS,9,0
C 52 14,SUPPRESS,10,0
C 52 15,RELEASE,10,35
C 52 16,RELEASE,90,261
C 52 17,RELEASE,18,51
C 52 18,RELEASE,12,83
C 52 19,RELEASE,738,2121
C 52 20,RELEASE,449,1009
C 52 21,RELEASE,46,113
C 52 22,SUPPRESS,8,0
C 53 00,SUPPRESS,9,0
C 53 01,RELEASE,16,37
C 53 03,SUPPRESS,3,0
C 53 04,RELEASE,19,59
C 53 05,SUPPRESS,8,0
C 53 06,RELEASE,12,31
C 53 07,RELEASE,189,410
C 53 08,SUPPRESS,8,0
C 53 09,SUPPRESS,1,0
C 53 12,SUPPRESS,6,0
C 53 14,RELEASE,11,34
C 53 16,RELEASE,14,58
C 53 17,RELEASE,10,40
C 53 18,SUPPRESS,11,0
C 53 19,SUPPRESS,6,0
C 53 20,RELEASE,134,316
C 53 21,RELEASE,14,83
C 54 00,RELEASE,15,48
C 54 01,RELEASE,13,30
C 54 02,SUPPRESS,6,0
C 54 03,RELEASE,21,57
C 54 04,SUPPRESS,7,0
C 54 05,SUPPRESS,9,0
C 54 06,SUPPRESS,8,0
C 54 07,RELEASE,364,946
C 54 08,RELEASE,21,62
C 54 09,SUPPRESS,1,0
C 54 12,SUPPRESS,7,0
C 54 14,SUPPRESS,3,0
C 54 15,SUPPRESS,10,0
C 54 16,SUPPRESS,2,0
C 54 17,SUPPRESS,11,0
C 54 18,SUPPRESS,11,0
C 54 19,RELEASE,12,32
C 54 20,RELEASE,44,119
C 54 21,RELEASE,21,57
C 55 00,SUPPRESS,3,0
C 55 01,RELEASE,12,36
C 55 02,RELEASE,17,53
C 55 04,RELEASE,12,38
C 55 05,SUPPRESS,2,0
C 55 06,SUPPRESS,9,0
C 55 07,RELEASE,67,163
C 55 08,SUPPRESS,3,0
C 55 09,RELEASE,22,59
C 55 12,SUPPRESS,5,0
C 55 13,SUPPRESS,3,0
C 55 14,SUPPRESS,7,0
C 55 15,SUPPRESS,4,0
C 55 16,SUPPRESS,5,0
C 55 17,RELEASE,16,46
C 55 18,RELEASE,12,35
C 55 19,RELEASE,24,69
C 55 20,RELEASE,31,98
C 55 21,RELEASE,12,30
C 56 00,SUPPRESS,1,0
C 56 01,RELEASE,15,40
C 56 02,RELEASE,14,54
C 56 03,RELEASE,15,35
C 56 04,SUPPRESS,11,0
C 56 05,RELEASE,13,43
C 56 06,RELEASE,23,51
C 56 07,RELEASE,16,50
C 56 09,RELEASE,29,95
C 56 10,SUPPRESS,6,0
C 56 11,SUPPRESS,1,0
C 56 12,SUPPRESS,9,0
C 56 13,SUPPRESS,3,0
C 56 14,SUPPRESS,1,0
C 56 15,SUPPRESS,2,0
C 56 16,SUPPRESS,3,0
C 56 17,RELEASE,23,59
C 56 18,RELEASE,20,61
C 56 19,RELEASE,21,68
C 56 20,RELEASE,478,1183
C 56 21,RELEASE,22,62
C 57 01,SUPPRESS,2,0
C 57 02,RELEASE,10,32
C 57 03,RELEASE,47,106
C 57 04,RELEASE,11,41
C 57 05,SUPPRESS,4,0
C 57 06,RELEASE,72,199
C 57 07,SUPPRESS,1,0
C 57 08,SUPPRESS,6,0
C 57 09,RELEASE,31,79
C 57 10,SUPPRESS,7,0
C 57 12,SUPPRESS,3,0
C 57 13,SUPPRESS,2,0
C 57 17,SUPPRESS,2,0
C 57 18,RELEASE,76,211
C 57 19,RELEASE,35,70
C 57 20,RELEASE,53,145
C 57 21,RELEASE,51,143
C 58 00,SUPPRESS,4,0
C 58 01,RELEASE,32,91
C 58 02,RELEASE,117,306
C 58 03,SUPPRESS,2,0
C 58 04,RELEASE,13,44
C 58 05,RELEASE,50,155
C 58 06,RELEASE,67,218
C 58 07,SUPPRESS,2,0
C 58 08,RELEASE,15,56
C 58 09,RELEASE,13,36
C 58 12,SUPPRESS,4,0
C 58 17,SUPPRESS,8,0
C 58 18,SUPPRESS,5,0
C 58 19,SUPPRESS,12,0
C 58 20,RELEASE,15,49
C 58 21,RELEASE,22,48
C 59 00,SUPPRESS,1,0
C 59 01,SUPPRESS,7,0
C 59 02,RELEASE,79,226
C 59 03,RELEASE,13,44
C 59 04,RELEASE,11,32
C 59 05,RELEASE,16,55
C 59 06,RELEASE,13,42
C 59 07,SUPPRESS,5,0
C 59 08,SUPPRESS,3,0
C 59 09,RELEASE,15,47
C 59 10,SUPPRESS,1,0
C 59 12,SUPPRESS,1,0
C 59 18,SUPPRESS,6,0
C 59 19,SUPPRESS,1,0
C 59 20,RELEASE,15,50
C 59 21,RELEASE,13,33
C 59 22,SUPPRESS,1,0
C 60 00,RELEASE,15,64
C 60 01,SUPPRESS,14,0
C 60 02,RELEASE,13,46
C 60 03,SUPPRESS,10,0
C 60 04,SUPPRESS,3,0
C 60 05,RELEASE,12,32
C 60 06,SUPPRESS,6,0
C 60 07,SUPPRESS,3,0
C 60 08,SUPPRESS,5,0
C 60 09,RELEASE,12,35
C 60 10,SUPPRESS,8,0
C 60 13,SUPPRESS,2,0
C 60 14,SUPPRESS,3,0
C 60 15,SUPPRESS,1,0
C 60 17,RELEASE,13,41
C 60 18,SUPPRESS,3,0
C 60 19,SUPPRESS,13,0
C 60 20,SUPPRESS,6,0
C 60 21,SUPPRESS,4,0
C 60 22,SUPPRESS,2,0
C 61 00,SUPPRESS,2,0
C 61 01,SUPPRESS,4,0
C 61 02,SUPPRESS,7,0
C 61 03,SUPPRESS,6,0
C 61 04,SUPPRESS,9,0
C 61 05,SUPPRESS,4,0
C 61 09,RELEASE,49,138
C 61 10,SUPPRESS,4,0
C 61 14,SUPPRESS,1,0
C 61 15,SUPPRESS,3,0
C 61 17,SUPPRESS,8,0
C 61 18,RELEASE,51,155
C 61 19,RELEASE,21,64
C 61 20,RELEASE,13,38
C 61 21,RELEASE,124,340
C 61 22,RELEASE,456,1011
C 61 23,SUPPRESS,4,0
C 62 02,SUPPRESS,9,0
C 62 03,SUPPRESS,4,0
C 62 04,RELEASE,13,33
C 62 05,RELEASE,196,528
C 62 06,SUPPRESS,7,0
C 62 07,SUPPRESS,3,0
C 62 08,SUPPRESS,1,0
C 62 09,RELEASE,111,335
C 62 16,SUPPRESS,2,0
C 62 17,RELEASE,13,39
C 62 18,RELEASE,55,141
C 62 19,RELEASE,41,126
C 62 20,RELEASE,15,42
C 62 21,RELEASE,95,247
C 62 22,RELEASE,374,945
C 63 02,SUPPRESS,0,0
C 63 03,SUPPRESS,5,0
C 63 04,RELEASE,40,109
C 63 05,RELEASE,94,297
C 63 07,SUPPRESS,5,0
C 63 08,SUPPRESS,6,0
C 63 09,RELEASE,16,42
C 63 10,RELEASE,17,52
C 63 11,SUPPRESS,1,0
C 63 12,SUPPRESS,2,0
C 63 13,SUPPRESS,1,0
C 63 16,SUPPRESS,1,0
C 63 17,RELEASE,31,87
C 63 18,RELEASE,18,48
C 63 19,RELEASE,15,44
C 63 20,SUPPRESS,6,0
C 63 21,SUPPRESS,1,0
C 63 22,RELEASE,244,562
C 63 23,RELEASE,10,31
C 63 24,SUPPRESS,1,0
C 63 25,SUPPRESS,2,0
C 63 26,RELEASE,25,67
C 63 27,RELEASE,37,93
C 64 04,RELEASE,10,37
C 64 05,SUPPRESS,5,0
C 64 06,SUPPRESS,2,0
C 64 07,SUPPRESS,2,0
C 64 08,SUPPRESS,5,0
C 64 09,RELEASE,11,32
C 64 10,RELEASE,15,45
C 64 11,RELEASE,18,62
C 64 12,RELEASE,11,42
C 64 13,SUPPRESS,9,0
C 64 14,SUPPRESS,10,0
C 64 15,SUPPRESS,3,0
C 64 16,SUPPRESS,0,0
C 64 17,RELEASE,14,45
C 64 18,SUPPRESS,7,0
C 64 19,RELEASE,35,115
C 64 20,RELEASE,23,61
C 64 21,SUPPRESS,6,0
C 64 22,RELEASE,17,48
C 64 23,RELEASE,17,54
C 64 24,SUPPRESS,8,0
C 64 25,SUPPRESS,5,0
C 64 26,SUPPRESS,3,0
C 64 27,SUPPRESS,5,0
C 64 28,RELEASE,17,54
C 64 29,SUPPRESS,2,0
C 65 03,SUPPRESS,4,0
C 65 04,SUPPRESS,1,0
C 65 05,RELEASE,13,39
C 65 06,RELEASE,13,34
C 65 07,SUPPRESS,8,0
C 65 08,SUPPRESS,6,0
C 65 09,SUPPRESS,6,0
C 65 10,SUPPRESS,4,0
C 65 11,SUPPRESS,5,0
C 65 12,RELEASE,29,96
C 65 14,SUPPRESS,7,0
C 65 15,SUPPRESS,6,0
C 65 16,SUPPRESS,4,0
C 65 17,SUPPRESS,5,0
C 65 18,RELEASE,20,53
C 65 19,RELEASE,17,53
C 65 20,RELEASE,54,136
C 65 21,RELEASE,18,36
C 65 22,SUPPRESS,4,0
C 65 23,SUPPRESS,8,0
C 65 24,SUPPRESS,9,0
C 65 26,SUPPRESS,3,0
C 65 30,SUPPRESS,9,0
C 65 31,SUPPRESS,2,0
C 66 02,SUPPRESS,0,0
C 66 04,SUPPRESS,5,0
C 66 05,SUPPRESS,4,0
C 66 06,SUPPRESS,8,0
C 66 07,RELEASE,14,40
C 66 08,RELEASE,25,75
C 66 09,RELEASE,101,313
C 66 10,SUPPRESS,5,0
C 66 11,SUPPRESS,8,0
C 66 12,RELEASE,108,296
C 66 13,SUPPRESS,7,0
C 66 14,SUPPRESS,9,0
C 66 15,SUPPRESS,5,0
C 66 16,SUPPRESS,3,0
C 66 17,SUPPRESS,9,0
C 66 18,RELEASE,31,85
C 66 19,RELEASE,15,36
C 66 20,SUPPRESS,11,0
C 66 21,RELEASE,14,35
C 66 22,RELEASE,79,171
C 66 23,RELEASE,80,130
C 66 24,RELEASE,16,119
C 66 25,RELEASE,13,30
C 66 26,RELEASE,27,72
C 66 27,RELEASE,29,88
C 66 28,SUPPRESS,3,0
C 66 29,SUPPRESS,2,0
C 66 30,RELEASE,15,41
C 66 31,RELEASE,46,93
C 66 32,RELEASE,14,36
C 66 33,SUPPRESS,9,0
C 66 34,SUPPRESS,3,0
C 66 37,SUPPRESS,0,0
C 67 04,SUPPRESS,1,0
C 67 05,SUPPRESS,7,0
C 67 06,RELEASE,22,48
C 67 07,SUPPRESS,2,0
C 67 08,SUPPRESS,5,0
C 67 09,SUPPRESS,12,0
C 67 10,SUPPRESS,4,0
C 67 11,SUPPRESS,7,0
C 67 12,SUPPRESS,4,0
C 67 13,RELEASE,101,271
C 67 14,SUPPRESS,9,0
C 67 15,RELEASE,11,35
C 67 16,SUPPRESS,8,0
C 67 17,SUPPRESS,11,0
C 67 18,RELEASE,60,177
C 67 19,RELEASE,20,62
C 67 20,SUPPRESS,3,0
C 67 21,RELEASE,584,1266
C 67 22,RELEASE,1216,2512
C 67 23,RELEASE,472,945
C 67 24,SUPPRESS,3,0
C 67 25,RELEASE,53,146
C 67 26,RELEASE,13,35
C 67 27,SUPPRESS,6,0
C 67 28,RELEASE,16,45
C 67 29,SUPPRESS,8,0
C 67 30,SUPPRESS,8,0
C 67 31,RELEASE,17,43
C 67 32,RELEASE,123,307
C 67 33,RELEASE,39,130
C 67 34,SUPPRESS,3,0
C 67 35,SUPPRESS,1,0
C 68 06,SUPPRESS,3,0
C 68 07,RELEASE,19,52
C 68 08,SUPPRESS,9,0
C 68 09,RELEASE,220,480
C 68 10,SUPPRESS,5,0
C 68 11,RELEASE,13,46
C 68 12,SUPPRESS,2,0
C 68 13,RELEASE,15,42
C 68 14,SUPPRESS,6,0
C 68 15,SUPPRESS,5,0
C 68 16,SUPPRESS,2,0
C 68 17,SUPPRESS,7,0
C 68 18,RELEASE,13,33
C 68 19,RELEASE,17,48
C 68 20,RELEASE,63,126
C 68 21,RELEASE,807,2020
C 68 22,RELEASE,1474,3711
C 68 23,RELEASE,278,643
C 68 24,RELEASE,20,34
C 68 25,RELEASE,58,119
C 68 26,SUPPRESS,6,0
C 68 27,SUPPRESS,5,0
C 68 28,SUPPRESS,1,0
C 68 31,SUPPRESS,1,0
C 68 32,RELEASE,21,63
C 68 33,SUPPRESS,7,0
C 68 34,SUPPRESS,13,0
C 68 35,SUPPRESS,5,0
C 69 06,SUPPRESS,6,0
C 69 07,SUPPRESS,8,0
C 69 08,RELEASE,402,1142
C 69 09,RELEASE,655,1658
C 69 10,RELEASE,50,142
C 69 11,RELEASE,12,34
C 69 12,SUPPRESS,2,0
C 69 13,SUPPRESS,9,0
C 69 14,RELEASE,22,57
C 69 15,SUPPRESS,8,0
C 69 16,SUPPRESS,9,0
C 69 17,RELEASE,25,65
C 69 18,RELEASE,16,46
C 69 19,SUPPRESS,12,0
C 69 20,SUPPRESS,14,0
C 69 21,RELEASE,12,35
C 69 22,RELEASE,248,685
C 69 23,SUPPRESS,6,0
C 69 24,SUPPRESS,8,0
C 69 25,RELEASE,15,42
C 69 26,RELEASE,15,44
C 69 27,SUPPRESS,4,0
C 69 28,SUPPRESS,1,0
C 69 32,SUPPRESS,9,0
C 69 33,SUPPRESS,3,0
C 69 34,RELEASE,15,34
C 70 06,SUPPRESS,5,0
C 70 07,RELEASE,12,36
C 70 08,RELEASE,13,40
C 70 09,RELEASE,11,42
C 70 10,SUPPRESS,6,0
C 70 11,SUPPRESS,8,0
C 70 12,RELEASE,14,48
C 70 13,SUPPRESS,2,0
C 70 14,SUPPRESS,7,0
C 70 15,SUPPRESS,5,0
C 70 16,SUPPRESS,2,0
C 70 17,RELEASE,14,42
C 70 18,SUPPRESS,8,0
C 70 19,SUPPRESS,6,0
C 70 20,RELEASE,12,36
C 70 21,RELEASE,20,41
C 70 22,SUPPRESS,5,0
C 70 23,RELEASE,15,39
C 70 24,RELEASE,13,31
C 70 25,SUPPRESS,7,0
C 70 26,RELEASE,26,63
C 70 27,SUPPRESS,7,0
C 70 32,SUPPRESS,4,0
C 70 33,SUPPRESS,5,0
C 70 34,RELEASE,16,37
C 70 35,SUPPRESS,3,0
C 71 05,SUPPRESS,2,0
C 71 06,RELEASE,11,35
C 71 07,RELEASE,18,57
C 71 08,SUPPRESS,1,0
C 71 09,RELEASE,13,45
C 71 10,SUPPRESS,7,0
C 71 11,SUPPRESS,1,0
C 71 12,SUPPRESS,7,0
C 71 13,RELEASE,19,62
C 71 14,SUPPRESS,8,0
C 71 15,SUPPRESS,2,0
C 71 16,RELEASE,15,45
C 71 17,RELEASE,111,307
C 71 18,SUPPRESS,9,0
C 71 19,SUPPRESS,8,0
C 71 20,SUPPRESS,5,0
C 71 21,SUPPRESS,3,0
C 71 22,SUPPRESS,5,0
C 71 23,RELEASE,26,72
C 71 24,RELEASE,11,34
C 71 25,RELEASE,47,104
C 71 26,SUPPRESS,2,0
C 71 27,RELEASE,20,53
C 71 34,SUPPRESS,1,0
C 71 35,RELEASE,18,43
C 72 05,SUPPRESS,5,0
C 72 06,SUPPRESS,8,0
C 72 07,RELEASE,19,73
C 72 08,SUPPRESS,1,0
C 72 13,SUPPRESS,10,0
C 72 14,RELEASE,10,34
C 72 15,SUPPRESS,3,0
C 72 16,RELEASE,82,237
C 72 17,RELEASE,45,125
C 72 18,SUPPRESS,8,0
C 72 19,SUPPRESS,8,0
C 72 20,SUPPRESS,4,0
C 72 21,SUPPRESS,6,0
C 72 22,SUPPRESS,7,0
C 72 23,SUPPRESS,3,0
C 72 25,SUPPRESS,1,0
C 72 26,SUPPRESS,5,0
C 72 27,SUPPRESS,1,0
C 72 35,SUPPRESS,2,0
C 73 00,SUPPRESS,1,0
C 73 05,SUPPRESS,3,0
C 73 06,RELEASE,17,51
C 73 07,RELEASE,12,34
C 73 13,SUPPRESS,9,0
C 73 14,SUPPRESS,4,0
C 73 15,SUPPRESS,9,0
C 73 16,RELEASE,20,60
C 73 17,SUPPRESS,6,0
C 73 18,SUPPRESS,6,0
C 73 19,SUPPRESS,7,0
C 73 20,SUPPRESS,5,0
C 73 21,SUPPRESS,8,0
C 73 22,RELEASE,18,52
C 73 23,SUPPRESS,6,0
C 73 26,SUPPRESS,2,0
C 73 27,SUPPRESS,2,0
C 73 35,RELEASE,11,30
C 74 05,SUPPRESS,5,0
C 74 06,SUPPRESS,4,0
C 74 13,SUPPRESS,8,0
C 74 14,SUPPRESS,9,0
C 74 15,SUPPRESS,10,0
C 74 16,RELEASE,12,36
C 74 23,SUPPRESS,5,0
C 74 31,SUPPRESS,1,0
C 74 32,SUPPRESS,2,0
C 74 33,RELEASE,16,42
C 74 34,RELEASE,19,50
C 74 35,SUPPRESS,3,0
C 74 36,SUPPRESS,5,0
C 75 06,SUPPRESS,2,0
C 75 12,SUPPRESS,1,0
C 75 13,SUPPRESS,1,0
C 75 15,SUPPRESS,2,0
C 75 16,SUPPRESS,4,0
C 75 23,SUPPRESS,1,0
C 75 30,SUPPRESS,1,0
C 75 31,RELEASE,12,35
C 75 32,RELEASE,19,52
C 75 33,RELEASE,33,75
C 75 34,RELEASE,34,79
C 75 35,SUPPRESS,3,0
C 75 36,SUPPRESS,11,0
C 76 06,SUPPRESS,2,0
C 76 14,SUPPRESS,1,0
C 76 22,SUPPRESS,1,0
C 76 23,SUPPRESS,1,0
C 76 28,SUPPRESS,1,0
C 76 29,SUPPRESS,2,0
C 76 30,SUPPRESS,11,0
C 76 31,SUPPRESS,11,0
C 76 32,RELEASE,17,38
C 76 33,RELEASE,43,100
C 76 34,RELEASE,16,41
C 76 35,RELEASE,92,197
C 76 36,RELEASE,37,77
C 77 05,SUPPRESS,1,0
C 77 11,SUPPRESS,5,0
C 77 12,SUPPRESS,3,0
C 77 13,SUPPRESS,2,0
C 77 14,SUPPRESS,4,0
C 77 17,SUPPRESS,5,0
C 77 22,SUPPRESS,3,0
C 77 28,SUPPRESS,4,0
C 77 29,SUPPRESS,9,0
C 77 30,SUPPRESS,4,0
C 77 31,RELEASE,11,37
C 77 32,RELEASE,22,70
C 77 33,RELEASE,19,55
C 77 34,RELEASE,92,222
C 77 35,RELEASE,349,737
C 77 36,RELEASE,90,167
C 78 00,SUPPRESS,1,0
C 78 01,SUPPRESS,1,0
C 78 10,SUPPRESS,3,0
C 78 11,RELEASE,16,45
C 78 12,SUPPRESS,7,0
C 78 13,RELEASE,12,42
C 78 14,SUPPRESS,6,0
C 78 15,SUPPRESS,3,0
C 78 17,SUPPRESS,5,0
C 78 18,SUPPRESS,7,0
C 78 19,SUPPRESS,1,0
C 78 21,RELEASE,13,47
C 78 22,RELEASE,13,39
C 78 24,SUPPRESS,4,0
C 78 26,SUPPRESS,1,0
C 78 27,SUPPRESS,10,0
C 78 28,SUPPRESS,2,0
C 78 29,SUPPRESS,7,0
C 78 30,RELEASE,21,76
C 78 31,RELEASE,17,56
C 78 32,SUPPRESS,7,0
C 78 33,RELEASE,170,414
C 78 34,RELEASE,178,423
C 78 35,SUPPRESS,9,0
C 79 00,RELEASE,15,64
C 79 11,SUPPRESS,5,0
C 79 12,RELEASE,12,40
C 79 13,SUPPRESS,6,0
C 79 14,SUPPRESS,7,0
C 79 15,SUPPRESS,6,0
C 79 16,SUPPRESS,9,0
C 79 17,SUPPRESS,1,0
C 79 18,RELEASE,15,57
C 79 19,SUPPRESS,10,0
C 79 20,SUPPRESS,4,0
C 79 21,RELEASE,22,71
C 79 22,RELEASE,25,74
C 79 23,SUPPRESS,1,0
C 79 24,SUPPRESS,6,0
C 79 25,SUPPRESS,4,0
C 79 26,SUPPRESS,4,0
C 79 27,RELEASE,11,35
C 79 28,SUPPRESS,2,0
C 79 29,SUPPRESS,6,0
C 79 30,SUPPRESS,9,0
C 79 31,SUPPRESS,5,0
C 79 32,SUPPRESS,6,0
C 79 33,SUPPRESS,13,0
C 79 34,SUPPRESS,2,0
C 79 35,SUPPRESS,4,0
C 80 00,RELEASE,10,39
C 80 01,RELEASE,33,130
C 80 02,SUPPRESS,8,0
C 80 08,SUPPRESS,1,0
C 80 11,SUPPRESS,2,0
C 80 12,RELEASE,41,144
C 80 13,RELEASE,20,75
C 80 14,RELEASE,11,30
C 80 15,RELEASE,18,69
C 80 16,SUPPRESS,3,0
C 80 17,RELEASE,15,40
C 80 18,RELEASE,21,68
C 80 19,RELEASE,18,44
C 80 20,RELEASE,16,52
C 80 21,SUPPRESS,8,0
C 80 22,RELEASE,18,59
C 80 23,RELEASE,11,31
C 80 24,RELEASE,11,35
C 80 25,SUPPRESS,8,0
C 80 26,SUPPRESS,1,0
C 80 27,RELEASE,15,41
C 80 28,RELEASE,12,52
C 80 29,RELEASE,12,37
C 80 30,RELEASE,13,34
C 80 31,RELEASE,12,33
C 80 32,SUPPRESS,5,0
C 80 33,SUPPRESS,10,0
C 80 34,SUPPRESS,1,0
C 81 00,RELEASE,31,112
C 81 01,RELEASE,25,90
C 81 02,RELEASE,24,77
C 81 08,SUPPRESS,1,0
C 81 12,RELEASE,23,67
C 81 13,RELEASE,14,44
C 81 14,RELEASE,23,81
C 81 15,SUPPRESS,5,0
C 81 16,RELEASE,17,40
C 81 17,SUPPRESS,4,0
C 81 18,SUPPRESS,6,0
C 81 19,RELEASE,23,73
C 81 20,RELEASE,40,83
C 81 21,SUPPRESS,3,0
C 81 23,RELEASE,10,37
C 81 24,RELEASE,10,37
C 81 25,RELEASE,14,45
C 81 26,RELEASE,14,40
C 81 27,SUPPRESS,3,0
C 81 28,SUPPRESS,12,0
C 81 29,RELEASE,17,39
C 81 30,SUPPRESS,8,0
C 81 31,RELEASE,14,37
C 81 32,RELEASE,16,34
C 81 33,RELEASE,34,85
C 81 34,RELEASE,12,32
C 81 36,RELEASE,173,386
C 81 37,RELEASE,575,1220
C 81 38,RELEASE,349,631
C 82 00,RELEASE,39,109
C 82 01,RELEASE,32,109
C 82 02,RELEASE,21,59
C 82 03,SUPPRESS,7,0
C 82 04,RELEASE,18,58
C 82 05,RELEASE,22,90
C 82 06,SUPPRESS,3,0
C 82 07,SUPPRESS,3,0
C 82 08,SUPPRESS,2,0
C 82 09,SUPPRESS,3,0
C 82 12,SUPPRESS,0,0
C 82 13,RELEASE,19,56
C 82 14,RELEASE,24,75
C 82 15,SUPPRESS,3,0
C 82 16,SUPPRESS,6,0
C 82 17,RELEASE,16,42
C 82 18,SUPPRESS,1,0
C 82 19,SUPPRESS,7,0
C 82 20,SUPPRESS,1,0
C 82 21,SUPPRESS,2,0
C 82 23,SUPPRESS,6,0
C 82 24,RELEASE,15,46
C 82 25,SUPPRESS,2,0
C 82 26,RELEASE,15,45
C 82 27,RELEASE,20,62
C 82 28,RELEASE,233,564
C 82 29,RELEASE,58,126
C 82 30,SUPPRESS,2,0
C 82 31,SUPPRESS,1,0
C 82 32,SUPPRESS,4,0
C 82 33,RELEASE,23,60
C 82 34,SUPPRESS,3,0
C 82 35,SUPPRESS,2,0
C 82 36,RELEASE,567,1445
C 82 37,RELEASE,887,2119
C 82 38,RELEASE,797,1728
C 82 39,SUPPRESS,15,0
C 83 00,RELEASE,61,161
C 83 01,RELEASE,29,80
C 83 02,RELEASE,22,79
C 83 03,RELEASE,10,39
C 83 04,SUPPRESS,8,0
C 83 05,RELEASE,17,59
C 83 06,RELEASE,11,48
C 83 07,SUPPRESS,6,0
C 83 08,RELEASE,18,73
C 83 09,SUPPRESS,5,0
C 83 10,SUPPRESS,3,0
C 83 11,SUPPRESS,0,0
C 83 12,SUPPRESS,3,0
C 83 13,RELEASE,16,68
C 83 14,RELEASE,29,105
C 83 15,RELEASE,152,326
C 83 16,RELEASE,57,160
C 83 17,RELEASE,30,82
C 83 18,SUPPRESS,7,0
C 83 19,SUPPRESS,6,0
C 83 20,RELEASE,13,32
C 83 21,RELEASE,16,37
C 83 22,SUPPRESS,2,0
C 83 23,SUPPRESS,5,0
C 83 24,RELEASE,23,57
C 83 25,SUPPRESS,6,0
C 83 26,SUPPRESS,1,0
C 83 27,SUPPRESS,6,0
C 83 28,SUPPRESS,6,0
C 83 29,RELEASE,16,43
C 83 30,RELEASE,280,649
C 83 31,RELEASE,456,1130
C 83 32,RELEASE,315,782
C 83 33,RELEASE,465,1217
C 83 34,SUPPRESS,7,0
C 83 35,RELEASE,13,38
C 83 36,RELEASE,24,50
C 83 37,RELEASE,49,119
C 83 38,RELEASE,101,231
C 83 39,SUPPRESS,7,0
C 84 00,RELEASE,314,857
C 84 01,RELEASE,117,325
C 84 02,RELEASE,15,36
C 84 03,RELEASE,14,55
C 84 04,RELEASE,33,111
C 84 05,SUPPRESS,1,0
C 84 06,SUPPRESS,4,0
C 84 07,RELEASE,19,71
C 84 08,RELEASE,18,67
C 84 09,RELEASE,16,55
C 84 10,SUPPRESS,11,0
C 84 11,RELEASE,18,54
C 84 12,RELEASE,10,37
C 84 13,RELEASE,14,39
C 84 14,RELEASE,13,34
C 84 15,RELEASE,185,460
C 84 16,RELEASE,162,377
C 84 17,RELEASE,14,38
C 84 18,SUPPRESS,8,0
C 84 19,RELEASE,20,54
C 84 20,SUPPRESS,9,0
C 84 21,RELEASE,30,80
C 84 22,RELEASE,27,64
C 84 23,SUPPRESS,1,0
C 84 24,SUPPRESS,4,0
C 84 25,RELEASE,31,72
C 84 26,RELEASE,16,41
C 84 27,RELEASE,21,52
C 84 28,SUPPRESS,7,0
C 84 29,SUPPRESS,4,0
C 84 30,RELEASE,487,1221
C 84 31,RELEASE,989,2042
C 84 32,RELEASE,1066,2070
C 84 33,RELEASE,435,967
C 84 34,RELEASE,119,533
C 84 35,RELEASE,42,105
C 84 36,RELEASE,15,39
C 84 37,SUPPRESS,10,0
C 84 38,SUPPRESS,2,0
C 84 39,RELEASE,52,104
C 85 00,RELEASE,815,1898
C 85 01,RELEASE,320,958
C 85 02,RELEASE,12,32
C 85 03,RELEASE,17,57
C 85 04,RELEASE,32,100
C 85 05,RELEASE,16,62
C 85 06,RELEASE,15,37
C 85 07,RELEASE,156,416
C 85 08,SUPPRESS,9,0
C 85 09,RELEASE,18,51
C 85 10,RELEASE,33,101
C 85 11,SUPPRESS,4,0
C 85 12,SUPPRESS,10,0
C 85 13,SUPPRESS,7,0
C 85 14,RELEASE,12,30
C 85 15,RELEASE,12,36
C 85 16,RELEASE,23,46
C 85 17,SUPPRESS,7,0
C 85 18,SUPPRESS,4,0
C 85 19,SUPPRESS,7,0
C 85 20,SUPPRESS,8,0
C 85 21,RELEASE,14,30
C 85 22,RELEASE,14,44
C 85 23,RELEASE,10,32
C 85 24,RELEASE,27,85
C 85 25,RELEASE,13,44
C 85 26,SUPPRESS,7,0
C 85 27,SUPPRESS,1,0
C 85 28,RELEASE,14,44
C 85 29,RELEASE,187,462
C 85 30,RELEASE,664,1496
C 85 31,RELEASE,421,1116
C 85 32,RELEASE,1124,2150
C 85 33,RELEASE,1001,2281
C 85 34,RELEASE,878,2089
C 85 35,RELEASE,18,39
C 85 36,RELEASE,19,46
C 85 37,RELEASE,30,76
C 85 38,RELEASE,289,663
C 85 39,RELEASE,809,1753
C 85 40,RELEASE,358,637
C 85 41,RELEASE,78,135
C 86 00,RELEASE,45,115
C 86 01,RELEASE,12,33
C 86 02,SUPPRESS,8,0
C 86 03,RELEASE,14,43
C 86 04,RELEASE,22,78
C 86 05,RELEASE,26,96
C 86 06,RELEASE,13,44
C 86 07,RELEASE,24,77
C 86 08,RELEASE,35,115
C 86 09,RELEASE,10,37
C 86 10,SUPPRESS,4,0
C 86 11,RELEASE,11,41
C 86 12,RELEASE,11,35
C 86 13,RELEASE,13,43
C 86 14,SUPPRESS,5,0
C 86 15,SUPPRESS,6,0
C 86 16,SUPPRESS,9,0
C 86 17,SUPPRESS,7,0
C 86 18,SUPPRESS,9,0
C 86 19,SUPPRESS,10,0
C 86 20,SUPPRESS,6,0
C 86 21,RELEASE,17,54
C 86 22,SUPPRESS,7,0
C 86 23,RELEASE,11,32
C 86 24,SUPPRESS,1,0
C 86 25,RELEASE,14,38
C 86 26,SUPPRESS,3,0
C 86 27,SUPPRESS,8,0
C 86 28,SUPPRESS,11,0
C 86 29,RELEASE,25,55
C 86 30,RELEASE,912,2308
C 86 31,RELEASE,16,43
C 86 32,RELEASE,563,1334
C 86 33,RELEASE,366,932
C 86 34,RELEASE,18,49
C 86 35,SUPPRESS,10,0
C 86 36,RELEASE,24,49
C 86 37,SUPPRESS,7,0
C 86 38,RELEASE,182,492
C 86 39,RELEASE,946,2130
C 86 40,RELEASE,174,297
C 87 00,SUPPRESS,3,0
C 87 01,RELEASE,14,35
C 87 02,RELEASE,14,36
C 87 03,SUPPRESS,9,0
C 87 04,RELEASE,221,514
C 87 05,RELEASE,25,92
C 87 06,RELEASE,15,61
C 87 07,RELEASE,13,46
C 87 08,RELEASE,16,52
C 87 09,RELEASE,14,57
C 87 10,SUPPRESS,3,0
C 87 12,RELEASE,11,47
C 87 13,SUPPRESS,10,0
C 87 14,RELEASE,14,48
C 87 15,SUPPRESS,3,0
C 87 16,SUPPRESS,10,0
C 87 17,SUPPRESS,8,0
C 87 18,SUPPRESS,4,0
C 87 19,SUPPRESS,8,0
C 87 20,SUPPRESS,4,0
C 87 21,RELEASE,48,105
C 87 22,RELEASE,40,106
C 87 23,SUPPRESS,8,0
C 87 24,SUPPRESS,1,0
C 87 25,SUPPRESS,4,0
C 87 26,SUPPRESS,1,0
C 87 27,SUPPRESS,7,0
C 87 28,RELEASE,26,57
C 87 29,RELEASE,37,109
C 87 30,RELEASE,107,256
C 87 31,RELEASE,100,261
C 87 32,SUPPRESS,4,0
C 87 33,SUPPRESS,12,0
C 87 34,SUPPRESS,4,0
C 87 35,RELEASE,57,133
C 87 36,SUPPRESS,8,0
C 87 37,RELEASE,28,66
C 87 38,RELEASE,22,58
C 87 39,RELEASE,27,65
C 88 00,SUPPRESS,9,0
C 88 01,RELEASE,12,42
C 88 02,RELEASE,73,192
C 88 03,RELEASE,19,49
C 88 04,RELEASE,25,79
C 88 05,RELEASE,17,61
C 88 06,RELEASE,13,46
C 88 07,SUPPRESS,8,0
C 88 08,RELEASE,13,48
C 88 09,RELEASE,25,73
C 88 10,SUPPRESS,3,0
C 88 11,SUPPRESS,4,0
C 88 12,SUPPRESS,9,0
C 88 13,RELEASE,49,123
C 88 14,SUPPRESS,7,0
C 88 15,SUPPRESS,3,0
C 88 16,SUPPRESS,9,0
C 88 17,SUPPRESS,7,0
C 88 18,SUPPRESS,8,0
C 88 19,RELEASE,18,52
C 88 20,RELEASE,27,70
C 88 21,RELEASE,29,64
C 88 22,SUPPRESS,5,0
C 88 23,RELEASE,47,123
C 88 24,RELEASE,14,38
C 88 25,RELEASE,32,84
C 88 26,SUPPRESS,10,0
C 88 27,RELEASE,20,43
C 88 28,RELEASE,21,42
C 88 29,SUPPRESS,10,0
C 88 30,SUPPRESS,1,0
C 88 31,SUPPRESS,8,0
C 88 32,SUPPRESS,3,0
C 88 33,RELEASE,18,47
C 88 34,SUPPRESS,7,0
C 88 35,SUPPRESS,8,0
C 88 36,SUPPRESS,5,0
C 88 37,SUPPRESS,1,0
C 88 38,SUPPRESS,13,0
C 88 39,RELEASE,16,41
C 88 40,RELEASE,19,36
C 89 00,RELEASE,11,34
C 89 01,RELEASE,11,42
C 89 02,SUPPRESS,5,0
C 89 03,SUPPRESS,8,0
C 89 04,SUPPRESS,7,0
C 89 05,RELEASE,17,63
C 89 06,RELEASE,18,61
C 89 07,RELEASE,25,72
C 89 08,RELEASE,18,57
C 89 09,RELEASE,24,73
C 89 10,RELEASE,17,51
C 89 11,RELEASE,17,43
C 89 12,SUPPRESS,10,0
C 89 13,RELEASE,21,71
C 89 14,SUPPRESS,5,0
C 89 15,SUPPRESS,9,0
C 89 16,RELEASE,41,119
C 89 17,SUPPRESS,1,0
C 89 18,SUPPRESS,3,0
C 89 19,RELEASE,30,82
C 89 20,RELEASE,13,38
C 89 21,RELEASE,29,83
C 89 22,RELEASE,21,49
C 89 23,RELEASE,37,110
C 89 24,SUPPRESS,1,0
C 89 25,SUPPRESS,4,0
C 89 26,RELEASE,24,57
C 89 27,SUPPRESS,5,0
C 89 28,SUPPRESS,0,0
C 89 29,SUPPRESS,12,0
C 89 30,SUPPRESS,4,0
C 89 31,SUPPRESS,8,0
C 89 32,SUPPRESS,12,0
C 89 33,RELEASE,17,49
C 89 34,RELEASE,10,36
C 89 35,SUPPRESS,6,0
C 89 36,SUPPRESS,3,0
C 89 37,RELEASE,17,45
C 89 38,RELEASE,36,83
C 89 39,RELEASE,11,33
C 89 40,RELEASE,15,37
C 90 00,RELEASE,25,74
C 90 01,RELEASE,14,57
C 90 02,SUPPRESS,7,0
C 90 03,SUPPRESS,7,0
C 90 04,RELEASE,16,51
C 90 05,SUPPRESS,3,0
C 90 06,SUPPRESS,8,0
C 90 07,SUPPRESS,12,0
C 90 08,RELEASE,30,97
C 90 09,RELEASE,31,108
C 90 10,RELEASE,21,64
C 90 11,RELEASE,24,89
C 90 12,RELEASE,17,61
C 90 13,RELEASE,10,32
C 90 14,SUPPRESS,7,0
C 90 15,SUPPRESS,1,0
C 90 16,RELEASE,14,40
C 90 17,SUPPRESS,13,0
C 90 18,RELEASE,12,31
C 90 19,RELEASE,26,79
C 90 20,SUPPRESS,10,0
C 90 21,RELEASE,11,35
C 90 22,SUPPRESS,9,0
C 90 25,SUPPRESS,10,0
C 90 26,RELEASE,47,102
C 90 27,SUPPRESS,12,0
C 90 28,SUPPRESS,6,0
C 90 29,SUPPRESS,2,0
C 90 30,SUPPRESS,7,0
C 90 31,SUPPRESS,5,0
C 90 32,SUPPRESS,7,0
C 90 33,SUPPRESS,6,0
C 90 34,SUPPRESS,8,0
C 90 35,RELEASE,10,32
C 90 36,RELEASE,18,52
C 90 37,SUPPRESS,4,0
C 90 38,SUPPRESS,9,0
C 90 39,SUPPRESS,12,0
C 90 40,SUPPRESS,3,0
C 90 41,SUPPRESS,1,0
C 91 00,RELEASE,20,66
C 91 01,SUPPRESS,7,0
C 91 02,SUPPRESS,10,0
C 91 03,RELEASE,17,37
C 91 04,SUPPRESS,2,0
C 91 05,RELEASE,17,50
C 91 06,RELEASE,64,152
C 91 07,SUPPRESS,6,0
C 91 08,RELEASE,14,44
C 91 09,RELEASE,16,50
C 91 10,RELEASE,34,99
C 91 11,SUPPRESS,7,0
C 91 12,RELEASE,77,201
C 91 13,RELEASE,13,47
C 91 14,RELEASE,16,46
C 91 15,RELEASE,16,38
C 91 16,RELEASE,14,44
C 91 17,RELEASE,14,40
C 91 18,SUPPRESS,8,0
C 91 19,RELEASE,38,102
C 91 20,RELEASE,15,35
C 91 21,RELEASE,19,44
C 91 22,RELEASE,19,51
C 91 23,SUPPRESS,1,0
C 91 24,RELEASE,54,126
C 91 25,RELEASE,220,514
C 91 26,RELEASE,16,49
C 91 27,RELEASE,13,31
C 91 28,RELEASE,42,96
C 91 29,RELEASE,12,36
C 91 30,SUPPRESS,6,0
C 91 31,SUPPRESS,6,0
C 91 32,RELEASE,94,220
C 91 33,RELEASE,17,39
C 91 34,SUPPRESS,10,0
C 91 35,SUPPRESS,3,0
C 91 36,RELEASE,11,44
C 91 37,RELEASE,15,47
C 91 38,RELEASE,23,56
C 91 39,SUPPRESS,2,0
C 91 40,SUPPRESS,2,0
C 92 00,SUPPRESS,3,0
C 92 01,RELEASE,23,78
C 92 02,SUPPRESS,8,0
C 92 03,RELEASE,14,42
C 92 04,SUPPRESS,9,0
C 92 05,SUPPRESS,9,0
C 92 06,SUPPRESS,8,0
C 92 08,RELEASE,13,37
C 92 09,RELEASE,17,38
C 92 10,SUPPRESS,2,0
C 92 11,RELEASE,40,108
C 92 12,RELEASE,572,1361
C 92 13,RELEASE,16,47
C 92 14,SUPPRESS,5,0
C 92 15,SUPPRESS,8,0
C 92 16,RELEASE,16,46
C 92 17,RELEASE,19,44
C 92 18,SUPPRESS,6,0
C 92 19,SUPPRESS,7,0
C 92 20,SUPPRESS,3,0
C 92 21,RELEASE,11,32
C 92 22,RELEASE,32,109
C 92 23,RELEASE,239,637
C 92 24,RELEASE,14,37
C 92 25,RELEASE,77,224
C 92 26,SUPPRESS,8,0
C 92 27,RELEASE,18,50
C 92 28,RELEASE,16,41
C 92 29,SUPPRESS,12,0
C 92 30,RELEASE,16,47
C 92 31,RELEASE,13,37
C 92 32,RELEASE,150,387
C 92 33,SUPPRESS,8,0
C 92 34,SUPPRESS,10,0
C 92 35,RELEASE,22,51
C 92 36,RELEASE,11,32
C 92 37,SUPPRESS,12,0
C 92 38,RELEASE,26,59
C 92 39,RELEASE,15,30
C 92 40,RELEASE,17,34
C 92 41,RELEASE,161,292
C 92 42,RELEASE,63,119
C 93 00,RELEASE,22,76
C 93 01,RELEASE,11,33
C 93 02,RELEASE,13,49
C 93 03,RELEASE,27,77
C 93 04,RELEASE,14,41
C 93 05,RELEASE,11,30
C 93 06,SUPPRESS,9,0
C 93 07,RELEASE,13,31
C 93 08,RELEASE,14,32
C 93 09,SUPPRESS,3,0
C 93 10,SUPPRESS,8,0
C 93 11,RELEASE,35,102
C 93 12,RELEASE,57,180
C 93 13,SUPPRESS,8,0
C 93 14,RELEASE,13,39
C 93 15,RELEASE,13,36
C 93 16,RELEASE,13,35
C 93 17,RELEASE,16,40
C 93 18,RELEASE,23,63
C 93 19,RELEASE,16,45
C 93 20,RELEASE,11,32
C 93 21,SUPPRESS,7,0
C 93 22,RELEASE,11,36
C 93 23,SUPPRESS,10,0
C 93 24,RELEASE,29,68
C 93 25,RELEASE,56,134
C 93 26,RELEASE,104,275
C 93 27,SUPPRESS,12,0
C 93 28,SUPPRESS,2,0
C 93 29,SUPPRESS,3,0
C 93 31,SUPPRESS,1,0
C 93 32,RELEASE,14,34
C 93 33,SUPPRESS,13,0
C 93 34,SUPPRESS,2,0
C 93 35,RELEASE,10,34
C 93 36,SUPPRESS,10,0
C 93 37,RELEASE,16,47
C 93 38,RELEASE,10,33
C 93 39,RELEASE,25,50
C 93 40,RELEASE,155,318
C 93 41,RELEASE,51,88
C 93 42,RELEASE,27,57
C 93 43,SUPPRESS,2,0
C 94 00,SUPPRESS,3,0
C 94 01,SUPPRESS,1,0
C 94 02,RELEASE,39,118
C 94 03,RELEASE,73,204
C 94 04,SUPPRESS,7,0
C 94 05,RELEASE,29,73
C 94 06,SUPPRESS,6,0
C 94 07,SUPPRESS,2,0
C 94 08,SUPPRESS,11,0
C 94 09,SUPPRESS,7,0
C 94 10,RELEASE,13,44
C 94 11,SUPPRESS,8,0
C 94 12,RELEASE,10,32
C 94 13,RELEASE,16,68
C 94 14,RELEASE,14,43
C 94 15,RELEASE,38,117
C 94 16,RELEASE,17,58
C 94 17,SUPPRESS,2,0
C 94 18,SUPPRESS,1,0
C 94 19,SUPPRESS,1,0
C 94 20,SUPPRESS,11,0
C 94 21,SUPPRESS,10,0
C 94 22,SUPPRESS,5,0
C 94 23,RELEASE,13,35
C 94 24,RELEASE,561,1409
C 94 25,RELEASE,530,945
C 94 26,RELEASE,703,1746
C 94 27,SUPPRESS,9,0
C 94 32,SUPPRESS,1,0
C 94 33,SUPPRESS,11,0
C 94 34,RELEASE,10,33
C 94 35,SUPPRESS,2,0
C 94 36,RELEASE,15,43
C 94 37,SUPPRESS,6,0
C 94 38,SUPPRESS,5,0
C 94 39,RELEASE,79,171
C 94 40,RELEASE,336,673
C 94 41,RELEASE,45,106
C 94 42,SUPPRESS,3,0
C 94 43,SUPPRESS,11,0
C 94 44,SUPPRESS,1,0
C 95 00,RELEASE,19,60
C 95 01,RELEASE,12,45
C 95 02,RELEASE,31,99
C 95 03,RELEASE,180,463
C 95 04,RELEASE,14,40
C 95 05,SUPPRESS,7,0
C 95 06,SUPPRESS,11,0
C 95 07,RELEASE,20,56
C 95 08,SUPPRESS,8,0
C 95 09,SUPPRESS,5,0
C 95 10,SUPPRESS,6,0
C 95 11,RELEASE,13,39
C 95 12,RELEASE,15,43
C 95 13,RELEASE,15,46
C 95 14,SUPPRESS,7,0
C 95 15,SUPPRESS,8,0
C 95 16,RELEASE,22,56
C 95 17,RELEASE,14,42
C 95 18,RELEASE,47,131
C 95 19,RELEASE,38,128
C 95 20,RELEASE,28,79
C 95 21,RELEASE,47,122
C 95 22,RELEASE,24,62
C 95 23,RELEASE,55,121
C 95 24,RELEASE,107,290
C 95 25,RELEASE,826,1911
C 95 26,RELEASE,1361,3158
C 95 27,RELEASE,54,145
C 95 30,SUPPRESS,6,0
C 95 31,RELEASE,15,35
C 95 32,RELEASE,13,45
C 95 33,RELEASE,16,33
C 95 34,SUPPRESS,10,0
C 95 35,SUPPRESS,8,0
C 95 36,SUPPRESS,13,0
C 95 37,RELEASE,30,81
C 95 38,RELEASE,13,33
C 95 39,RELEASE,19,41
C 95 40,SUPPRESS,11,0
C 95 41,RELEASE,11,30
C 95 42,SUPPRESS,10,0
C 95 44,RELEASE,15,33
C 96 00,RELEASE,29,96
C 96 01,RELEASE,61,206
C 96 02,RELEASE,17,53
C 96 03,RELEASE,53,157
C 96 04,RELEASE,36,106
C 96 05,SUPPRESS,4,0
C 96 06,SUPPRESS,8,0
C 96 07,RELEASE,17,54
C 96 08,RELEASE,14,44
C 96 09,RELEASE,23,71
C 96 10,RELEASE,22,72
C 96 11,SUPPRESS,6,0
C 96 12,RELEASE,21,70
C 96 13,RELEASE,30,95
C 96 14,RELEASE,16,45
C 96 15,RELEASE,13,36
C 96 16,SUPPRESS,8,0
C 96 17,SUPPRESS,2,0
C 96 18,RELEASE,11,39
C 96 19,SUPPRESS,2,0
C 96 20,RELEASE,23,80
C 96 21,RELEASE,13,42
C 96 22,RELEASE,16,38
C 96 23,RELEASE,14,38
C 96 24,RELEASE,34,91
C 96 25,RELEASE,466,953
C 96 26,RELEASE,175,436
C 96 27,SUPPRESS,2,0
C 96 28,RELEASE,15,33
C 96 29,SUPPRESS,3,0
C 96 30,SUPPRESS,2,0
C 96 31,RELEASE,16,38
C 96 32,SUPPRESS,6,0
C 96 33,RELEASE,67,161
C 96 34,SUPPRESS,4,0
C 96 36,SUPPRESS,2,0
C 96 37,SUPPRESS,11,0
C 96 38,SUPPRESS,10,0
C 96 39,RELEASE,10,34
C 96 40,SUPPRESS,9,0
C 96 41,SUPPRESS,4,0
C 96 42,RELEASE,17,33
C 96 43,SUPPRESS,5,0
C 96 44,SUPPRESS,11,0
C 97 00,RELEASE,61,199
C 97 01,RELEASE,35,119
C 97 03,RELEASE,271,651
C 97 04,RELEASE,134,337
C 97 05,RELEASE,26,66
C 97 06,RELEASE,14,34
C 97 07,RELEASE,25,64
C 97 08,RELEASE,31,79
C 97 09,RELEASE,27,93
C 97 10,RELEASE,27,79
C 97 11,RELEASE,23,61
C 97 12,RELEASE,171,454
C 97 13,RELEASE,258,620
C 97 14,SUPPRESS,10,0
C 97 15,SUPPRESS,2,0
C 97 16,RELEASE,11,40
C 97 17,RELEASE,13,38
C 97 18,RELEASE,36,103
C 97 19,RELEASE,16,43
C 97 20,RELEASE,11,41
C 97 21,RELEASE,18,64
C 97 22,RELEASE,15,42
C 97 23,SUPPRESS,9,0
C 97 24,SUPPRESS,9,0
C 97 25,RELEASE,28,67
C 97 26,RELEASE,127,307
C 97 28,RELEASE,16,43
C 97 29,RELEASE,11,39
C 97 30,SUPPRESS,9,0
C 97 31,RELEASE,295,682
C 97 32,RELEASE,61,152
C 97 33,SUPPRESS,4,0
C 97 34,SUPPRESS,6,0
C 97 35,SUPPRESS,1,0
C 97 36,RELEASE,11,34
C 97 37,RELEASE,11,35
C 97 38,SUPPRESS,15,0
C 97 39,SUPPRESS,4,0
C 97 40,SUPPRESS,9,0
C 97 41,SUPPRESS,1,0
C 97 42,RELEASE,23,36
C 97 43,SUPPRESS,1,0
C 97 44,SUPPRESS,6,0
C 98 01,SUPPRESS,6,0
C 98 02,SUPPRESS,12,0
C 98 03,RELEASE,87,199
C 98 04,RELEASE,307,748
C 98 05,RELEASE,21,48
C 98 06,RELEASE,12,35
C 98 07,RELEASE,15,47
C 98 08,RELEASE,21,53
C 98 09,RELEASE,13,45
C 98 10,RELEASE,15,52
C 98 11,RELEASE,51,132
C 98 12,RELEASE,15,39
C 98 13,RELEASE,14,50
C 98 14,SUPPRESS,6,0
C 98 15,SUPPRESS,8,0
C 98 16,SUPPRESS,2,0
C 98 18,RELEASE,11,44
C 98 19,RELEASE,12,38
C 98 20,RELEASE,19,60
C 98 21,RELEASE,27,77
C 98 22,RELEASE,31,90
C 98 23,SUPPRESS,7,0
C 98 24,RELEASE,14,33
C 98 25,RELEASE,25,77
C 98 26,RELEASE,26,53
C 98 27,SUPPRESS,5,0
C 98 28,SUPPRESS,8,0
C 98 29,RELEASE,16,43
C 98 30,SUPPRESS,4,0
C 98 31,SUPPRESS,7,0
C 98 32,SUPPRESS,5,0
C 98 33,SUPPRESS,7,0
C 98 34,RELEASE,21,48
C 98 35,SUPPRESS,6,0
C 98 36,RELEASE,96,235
C 98 37,SUPPRESS,9,0
C 98 38,SUPPRESS,6,0
C 98 39,SUPPRESS,3,0
C 98 40,SUPPRESS,2,0
C 98 41,SUPPRESS,4,0
C 98 42,SUPPRESS,12,0
C 98 43,SUPPRESS,6,0
C 98 44,SUPPRESS,9,0
C 99 00,RELEASE,28,99
C 99 01,RELEASE,25,81
C 99 02,RELEASE,19,61
C 99 03,RELEASE,21,62
C 99 04,RELEASE,23,70
C 99 05,RELEASE,18,51
C 99 06,RELEASE,15,36
C 99 07,RELEASE,15,46
C 99 08,RELEASE,19,65
C 99 09,RELEASE,13,30
C 99 10,RELEASE,35,91
C 99 11,SUPPRESS,9,0
C 99 12,SUPPRESS,3,0
C 99 13,SUPPRESS,4,0
C 99 14,SUPPRESS,10,0
C 99 18,SUPPRESS,0,0
C 99 19,RELEASE,17,56
C 99 20,SUPPRESS,3,0
C 99 21,RELEASE,18,36
C 99 22,SUPPRESS,9,0
C 99 23,SUPPRESS,1,0
C 99 24,RELEASE,17,52
C 99 25,RELEASE,25,70
C 99 26,RELEASE,44,104
C 99 27,RELEASE,11,35
C 99 28,SUPPRESS,7,0
C 99 29,SUPPRESS,10,0
C 99 30,RELEASE,15,31
C 99 31,SUPPRESS,6,0
C 99 32,SUPPRESS,1,0
C 99 33,SUPPRESS,6,0
C 99 34,RELEASE,29,83
C 99 35,RELEASE,11,30
C 99 36,SUPPRESS,4,0
C 99 37,SUPPRESS,2,0
C 99 38,SUPPRESS,6,0
C 99 39,SUPPRESS,6,0
C 99 40,SUPPRESS,4,0
C 99 41,SUPPRESS,10,0
C 99 42,SUPPRESS,9,0
C 99 43,RELEASE,16,41
C 99 44,RELEASE,18,32
D 00 00,SUPPRESS,9,0
D 00 01,RELEASE,33,93
D 00 02,RELEASE,33,82
D 00 03,RELEASE,14,35
D 00 04,RELEASE,14,32
D 00 05,RELEASE,20,67
D 00 06,RELEASE,23,68
D 00 07,RELEASE,24,80
D 00 08,RELEASE,13,36
D 00 09,SUPPRESS,3,0
D 00 10,SUPPRESS,2,0
D 00 12,SUPPRESS,4,0
D 00 13,SUPPRESS,6,0
D 00 15,SUPPRESS,6,0
D 00 18,SUPPRESS,2,0
D 00 19,RELEASE,24,75
D 00 20,RELEASE,31,88
D 00 21,SUPPRESS,4,0
D 00 23,RELEASE,11,31
D 00 24,SUPPRESS,5,0
D 00 25,RELEASE,22,48
D 00 26,RELEASE,18,47
D 00 27,SUPPRESS,9,0
D 00 28,SUPPRESS,6,0
D 00 29,SUPPRESS,9,0
D 00 30,RELEASE,115,307
D 00 31,SUPPRESS,11,0
D 00 32,SUPPRESS,9,0
D 00 33,SUPPRESS,6,0
D 00 34,SUPPRESS,5,0
D 00 35,SUPPRESS,2,0
D 00 36,RELEASE,11,33
D 00 37,SUPPRESS,9,0
D 00 38,RELEASE,13,38
D 00 39,SUPPRESS,14,0
D 00 40,RELEASE,15,32
D 00 41,SUPPRESS,8,0
D 00 42,SUPPRESS,7,0
D 00 43,RELEASE,19,50
D 00 44,SUPPRESS,5,0
D 01 00,RELEASE,27,81
D 01 01,RELEASE,12,40
D 01 02,RELEASE,15,42
D 01 03,RELEASE,19,50
D 01 04,RELEASE,17,53
D 01 05,RELEASE,10,30
D 01 06,RELEASE,30,88
D 01 07,RELEASE,23,78
D 01 08,RELEASE,19,44
D 01 09,SUPPRESS,7,0
D 01 11,SUPPRESS,1,0
D 01 12,SUPPRESS,7,0
D 01 13,RELEASE,16,55
D 01 15,SUPPRESS,5,0
D 01 17,RELEASE,10,37
D 01 18,RELEASE,134,438
D 01 19,RELEASE,312,812
D 01 20,RELEASE,21,64
D 01 21,SUPPRESS,9,0
D 01 22,SUPPRESS,9,0
D 01 23,RELEASE,15,39
D 01 24,SUPPRESS,5,0
D 01 25,RELEASE,20,50
D 01 26,RELEASE,12,32
D 01 27,SUPPRESS,6,0
D 01 28,SUPPRESS,11,0
D 01 29,RELEASE,19,50
D 01 30,RELEASE,13,35
D 01 31,RELEASE,17,50
D 01 32,SUPPRESS,5,0
D 01 33,RELEASE,14,44
D 01 34,RELEASE,16,45
D 01 35,RELEASE,154,340
D 01 36,SUPPRESS,11,0
D 01 39,SUPPRESS,6,0
D 01 40,RELEASE,12,36
D 01 41,SUPPRESS,5,0
D 01 42,SUPPRESS,0,0
D 01 43,SUPPRESS,8,0
D 02 00,RELEASE,15,42
D 02 01,RELEASE,24,65
D 02 02,RELEASE,28,91
D 02 03,SUPPRESS,11,0
D 02 04,RELEASE,37,96
D 02 05,RELEASE,30,80
D 02 06,RELEASE,37,98
D 02 07,RELEASE,13,46
D 02 08,RELEASE,29,84
D 02 09,RELEASE,17,48
D 02 10,RELEASE,24,70
D 02 11,SUPPRESS,5,0
D 02 12,SUPPRESS,3,0
D 02 13,RELEASE,36,87
D 02 14,RELEASE,14,45
D 02 15,RELEASE,11,37
D 02 16,RELEASE,23,77
D 02 17,RELEASE,24,61
D 02 18,RELEASE,41,120
D 02 19,RELEASE,64,216
D 02 20,SUPPRESS,4,0
D 02 21,SUPPRESS,8,0
D 02 22,SUPPRESS,9,0
D 02 23,SUPPRESS,5,0
D 02 24,SUPPRESS,12,0
D 02 25,SUPPRESS,3,0
D 02 26,SUPPRESS,11,0
D 02 27,SUPPRESS,6,0
D 02 28,SUPPRESS,8,0
D 02 29,RELEASE,52,138
D 02 30,RELEASE,13,46
D 02 31,SUPPRESS,6,0
D 02 32,RELEASE,14,35
D 02 33,SUPPRESS,8,0
D 02 34,SUPPRESS,2,0
D 02 35,RELEASE,17,41
D 02 36,RELEASE,10,35
D 02 37,SUPPRESS,3,0
D 02 38,SUPPRESS,7,0
D 02 39,SUPPRESS,4,0
D 02 40,RELEASE,25,66
D 02 41,SUPPRESS,7,0
D 02 42,SUPPRESS,8,0
D 02 43,SUPPRESS,6,0
D 03 00,RELEASE,16,44
D 03 01,RELEASE,14,43
D 03 02,RELEASE,23,63
D 03 03,RELEASE,17,45
D 03 04,RELEASE,24,68
D 03 05,RELEASE,26,76
D 03 06,RELEASE,21,55
D 03 07,RELEASE,31,70
D 03 08,RELEASE,24,67
D 03 09,RELEASE,16,43
D 03 10,SUPPRESS,8,0
D 03 11,RELEASE,17,49
D 03 12,RELEASE,12,36
D 03 13,RELEASE,18,43
D 03 14,RELEASE,17,58
D 03 15,SUPPRESS,1,0
D 03 16,RELEASE,20,58
D 03 17,SUPPRESS,6,0
D 03 18,SUPPRESS,5,0
D 03 20,SUPPRESS,7,0
D 03 21,RELEASE,17,54
D 03 22,SUPPRESS,4,0
D 03 23,RELEASE,12,37
D 03 24,SUPPRESS,10,0
D 03 25,SUPPRESS,9,0
D 03 26,RELEASE,23,56
D 03 27,RELEASE,13,45
D 03 28,SUPPRESS,4,0
D 03 29,RELEASE,22,58
D 03 30,SUPPRESS,6,0
D 03 31,SUPPRESS,7,0
D 03 32,SUPPRESS,7,0
D 03 33,RELEASE,19,46
D 03 34,SUPPRESS,5,0
D 03 35,RELEASE,10,31
D 03 36,RELEASE,14,32
D 03 37,SUPPRESS,5,0
D 03 38,RELEASE,12,30
D 03 39,RELEASE,20,52
D 03 40,SUPPRESS,10,0
D 03 41,SUPPRESS,3,0
D 03 42,SUPPRESS,4,0
D 03 43,SUPPRESS,1,0
D 03 44,SUPPRESS,7,0
D 03 45,SUPPRESS,1,0
D 04 00,RELEASE,19,55
D 04 01,RELEASE,661,1612
D 04 02,RELEASE,191,481
D 04 03,RELEASE,12,37
D 04 04,RELEASE,24,57
D 04 05,RELEASE,53,110
D 04 06,RELEASE,50,125
D 04 07,RELEASE,33,108
D 04 08,RELEASE,22,47
D 04 09,RELEASE,19,52
D 04 10,RELEASE,15,46
D 04 11,RELEASE,13,38
D 04 12,SUPPRESS,3,0
D 04 13,SUPPRESS,10,0
D 04 14,SUPPRESS,9,0
D 04 15,SUPPRESS,9,0
D 04 16,RELEASE,13,33
D 04 17,RELEASE,15,45
D 04 18,SUPPRESS,5,0
D 04 19,SUPPRESS,8,0
D 04 20,SUPPRESS,8,0
D 04 21,RELEASE,13,33
D 04 22,SUPPRESS,7,0
D 04 23,RELEASE,14,37
D 04 24,SUPPRESS,11,0
D 04 25,RELEASE,12,30
D 04 26,RELEASE,13,30
D 04 27,RELEASE,14,35
D 04 28,SUPPRESS,11,0
D 04 29,RELEASE,19,54
D 04 30,SUPPRESS,4,0
D 04 31,RELEASE,61,145
D 04 32,SUPPRESS,8,0
D 04 33,SUPPRESS,6,0
D 04 34,SUPPRESS,8,0
D 04 35,SUPPRESS,6,0
D 04 37,RELEASE,12,31
D 04 38,SUPPRESS,5,0
D 04 39,SUPPRESS,8,0
D 04 40,RELEASE,15,38
D 04 41,SUPPRESS,7,0
D 04 42,SUPPRESS,7,0
D 04 44,RELEASE,58,142
D 05 00,RELEASE,19,61
D 05 01,RELEASE,587,1390
D 05 02,RELEASE,38,96
D 05 03,RELEASE,10,36
D 05 04,RELEASE,17,43
D 05 05,RELEASE,374,775
D 05 06,RELEASE,339,768
D 05 07,RELEASE,14,30
D 05 08,RELEASE,41,108
D 05 09,RELEASE,28,68
D 05 10,RELEASE,21,68
D 05 11,RELEASE,19,51
D 05 12,RELEASE,19,41
D 05 13,RELEASE,21,48
D 05 16,SUPPRESS,4,0
D 05 17,SUPPRESS,9,0
D 05 18,RELEASE,14,32
D 05 19,RELEASE,18,47
D 05 20,RELEASE,13,44
D 05 21,SUPPRESS,9,0
D 05 22,RELEASE,13,36
D 05 23,RELEASE,18,46
D 05 24,SUPPRESS,3,0
D 05 25,RELEASE,18,49
D 05 26,SUPPRESS,7,0
D 05 27,SUPPRESS,12,0
D 05 28,RELEASE,46,124
D 05 29,SUPPRESS,4,0
D 05 30,RELEASE,11,32
D 05 31,SUPPRESS,5,0
D 05 32,RELEASE,24,68
D 05 33,RELEASE,17,45
D 05 35,SUPPRESS,1,0
D 05 36,RELEASE,10,34
D 05 37,SUPPRESS,6,0
D 05 38,SUPPRESS,5,0
D 05 40,SUPPRESS,5,0
D 05 41,SUPPRESS,6,0
D 05 42,SUPPRESS,2,0
D 05 43,SUPPRESS,2,0
D 05 44,SUPPRESS,1,0
D 06 00,RELEASE,21,58
D 06 01,RELEASE,76,196
D 06 02,RELEASE,29,75
D 06 03,RELEASE,32,70
D 06 04,SUPPRESS,10,0
D 06 05,RELEASE,486,1090
D 06 06,RELEASE,66,164
D 06 07,RELEASE,19,96
D 06 08,RELEASE,21,63
D 06 09,RELEASE,22,57
D 06 10,SUPPRESS,2,0
D 06 11,RELEASE,17,37
D 06 12,RELEASE,11,32
D 06 13,RELEASE,10,32
D 06 14,RELEASE,11,33
D 06 15,RELEASE,10,34
D 06 16,SUPPRESS,9,0
D 06 17,RELEASE,49,110
D 06 18,RELEASE,400,895
D 06 19,SUPPRESS,7,0
D 06 20,SUPPRESS,9,0
D 06 21,RELEASE,23,83
D 06 22,RELEASE,14,37
D 06 23,SUPPRESS,4,0
D 06 24,SUPPRESS,2,0
D 06 25,RELEASE,22,70
D 06 26,SUPPRESS,9,0
D 06 27,SUPPRESS,1,0
D 06 29,RELEASE,16,46
D 06 30,RELEASE,14,48
D 06 31,RELEASE,15,48
D 06 32,RELEASE,181,430
D 06 33,RELEASE,38,106
D 06 34,SUPPRESS,2,0
D 06 36,SUPPRESS,1,0
D 06 37,SUPPRESS,11,0
D 06 38,SUPPRESS,14,0
D 06 39,SUPPRESS,3,0
D 06 40,SUPPRESS,3,0
D 06 41,SUPPRESS,8,0
D 06 42,SUPPRESS,9,0
D 06 43,SUPPRESS,5,0
D 07 00,SUPPRESS,8,0
D 07 01,RELEASE,170,418
D 07 02,RELEASE,416,954
D 07 03,RELEASE,118,306
D 07 04,RELEASE,24,53
D 07 05,RELEASE,16,40
D 07 06,RELEASE,25,54
D 07 07,RELEASE,13,43
D 07 08,RELEASE,11,37
D 07 09,SUPPRESS,7,0
D 07 10,RELEASE,28,79
D 07 11,RELEASE,11,34
D 07 12,RELEASE,13,34
D 07 13,RELEASE,17,49
D 07 14,SUPPRESS,2,0
D 07 15,SUPPRESS,10,0
D 07 16,SUPPRESS,7,0
D 07 17,RELEASE,48,147
D 07 18,RELEASE,66,158
D 07 19,SUPPRESS,1,0
D 07 20,SUPPRESS,3,0
D 07 21,SUPPRESS,11,0
D 07 22,SUPPRESS,9,0
D 07 23,SUPPRESS,4,0
D 07 24,RELEASE,19,63
D 07 25,SUPPRESS,8,0
D 07 26,RELEASE,21,63
D 07 27,RELEASE,14,45
D 07 28,RELEASE,14,38
D 07 29,RELEASE,43,114
D 07 30,RELEASE,11,36
D 07 31,SUPPRESS,5,0
D 07 32,SUPPRESS,6,0
D 07 33,SUPPRESS,8,0
D 07 34,RELEASE,10,33
D 07 35,SUPPRESS,5,0
D 07 36,RELEASE,20,48
D 07 38,RELEASE,21,50
D 07 39,SUPPRESS,5,0
D 07 40,SUPPRESS,5,0
D 07 42,SUPPRESS,3,0
D 07 43,SUPPRESS,1,0
D 08 00,RELEASE,21,51
D 08 01,RELEASE,10,30
D 08 02,RELEASE,568,1419
D 08 03,RELEASE,197,450
D 08 04,RELEASE,63,149
D 08 05,RELEASE,21,57
D 08 06,RELEASE,17,45
D 08 07,RELEASE,16,42
D 08 08,RELEASE,20,44
D 08 09,RELEASE,10,33
D 08 10,RELEASE,10,35
D 08 11,SUPPRESS,8,0
D 08 12,RELEASE,17,57
D 08 13,RELEASE,17,46
D 08 14,SUPPRESS,12,0
D 08 15,RELEASE,11,32
D 08 16,SUPPRESS,10,0
D 08 17,SUPPRESS,10,0
D 08 18,SUPPRESS,9,0
D 08 19,SUPPRESS,7,0
D 08 20,RELEASE,18,53
D 08 21,RELEASE,21,67
D 08 22,RELEASE,34,97
D 08 23,RELEASE,30,79
D 08 24,RELEASE,43,125
D 08 25,RELEASE,158,452
D 08 26,RELEASE,30,70
D 08 27,RELEASE,15,48
D 08 28,RELEASE,20,80
D 08 29,SUPPRESS,4,0
D 08 30,SUPPRESS,2,0
D 08 31,SUPPRESS,2,0
D 08 32,SUPPRESS,4,0
D 08 33,RELEASE,30,93
D 08 34,SUPPRESS,8,0
D 08 35,RELEASE,27,88
D 08 36,RELEASE,25,56
D 08 37,SUPPRESS,9,0
D 08 38,RELEASE,13,32
D 08 39,SUPPRESS,2,0
D 08 40,RELEASE,10,31
D 08 41,SUPPRESS,3,0
D 08 42,SUPPRESS,3,0
D 08 43,SUPPRESS,5,0
D 09 00,RELEASE,90,209
D 09 01,RELEASE,703,1809
D 09 02,RELEASE,479,1199
D 09 03,RELEASE,362,963
D 09 04,RELEASE,1036,2459
D 09 05,RELEASE,17,41
D 09 06,RELEASE,13,31
D 09 07,SUPPRESS,2,0
D 09 08,RELEASE,13,36
D 09 09,RELEASE,18,45
D 09 10,RELEASE,12,36
D 09 11,SUPPRESS,5,0
D 09 12,SUPPRESS,9,0
D 09 13,SUPPRESS,7,0
D 09 14,RELEASE,121,276
D 09 15,RELEASE,12,38
D 09 16,SUPPRESS,6,0
D 09 17,SUPPRESS,6,0
D 09 18,SUPPRESS,7,0
D 09 19,SUPPRESS,9,0
D 09 20,SUPPRESS,6,0
D 09 21,RELEASE,68,195
D 09 22,SUPPRESS,3,0
D 09 23,SUPPRESS,1,0
D 09 24,SUPPRESS,3,0
D 09 25,RELEASE,14,43
D 09 26,RELEASE,18,60
D 09 27,RELEASE,16,48
D 09 28,SUPPRESS,5,0
D 09 29,SUPPRESS,7,0
D 09 33,RELEASE,12,44
D 09 34,SUPPRESS,5,0
D 09 35,SUPPRESS,3,0
D 09 36,SUPPRESS,1,0
D 09 37,SUPPRESS,7,0
D 09 38,SUPPRESS,4,0
D 09 39,RELEASE,11,33
D 09 40,RELEASE,12,36
D 09 41,RELEASE,26,60
D 09 42,RELEASE,25,53
D 10 00,SUPPRESS,12,0
D 10 01,RELEASE,581,1198
D 10 02,RELEASE,1174,2594
D 10 03,RELEASE,1339,3302
D 10 04,RELEASE,953,2154
D 10 05,RELEASE,665,1626
D 10 06,SUPPRESS,7,0
D 10 07,SUPPRESS,3,0
D 10 08,RELEASE,12,43
D 10 09,RELEASE,21,65
D 10 10,RELEASE,14,46
D 10 11,SUPPRESS,11,0
D 10 12,SUPPRESS,10,0
D 10 13,RELEASE,16,42
D 10 14,SUPPRESS,7,0
D 10 15,RELEASE,14,42
D 10 16,SUPPRESS,7,0
D 10 17,SUPPRESS,8,0
D 10 18,RELEASE,22,67
D 10 19,SUPPRESS,6,0
D 10 24,SUPPRESS,6,0
D 10 25,SUPPRESS,1,0
D 10 33,SUPPRESS,6,0
D 10 34,SUPPRESS,6,0
D 10 35,SUPPRESS,2,0
D 10 38,SUPPRESS,1,0
D 10 39,RELEASE,26,78
D 10 40,RELEASE,999,2384
D 10 41,RELEASE,384,1076
D 10 51,SUPPRESS,1,0
D 11 00,RELEASE,58,125
D 11 01,RELEASE,408,1057
D 11 02,RELEASE,1143,2318
D 11 03,RELEASE,698,1421
D 11 04,RELEASE,1117,2931
D 11 05,RELEASE,449,1118
D 11 06,RELEASE,26,57
D 11 07,RELEASE,48,107
D 11 08,RELEASE,32,88
D 11 09,RELEASE,11,31
D 11 10,RELEASE,23,63
D 11 11,SUPPRESS,7,0
D 11 12,RELEASE,25,75
D 11 13,SUPPRESS,11,0
D 11 14,RELEASE,16,54
D 11 15,SUPPRESS,11,0
D 11 16,SUPPRESS,10,0
D 11 17,SUPPRESS,3,0
D 11 18,SUPPRESS,4,0
D 11 24,SUPPRESS,4,0
D 11 33,SUPPRESS,1,0
D 11 34,SUPPRESS,3,0
D 11 35,SUPPRESS,2,0
D 11 39,SUPPRESS,2,0
D 11 40,RELEASE,343,616
D 11 41,RELEASE,538,1302
D 11 51,SUPPRESS,5,0
D 12 00,RELEASE,10,30
D 12 01,RELEASE,19,44
D 12 02,RELEASE,460,1065
D 12 03,RELEASE,141,338
D 12 04,RELEASE,18,47
D 12 05,RELEASE,24,59
D 12 06,RELEASE,14,41
D 12 07,RELEASE,17,44
D 12 08,RELEASE,23,67
D 12 09,SUPPRESS,12,0
D 12 10,RELEASE,27,86
D 12 11,RELEASE,23,56
D 12 12,RELEASE,22,61
D 12 13,SUPPRESS,6,0
D 12 14,SUPPRESS,7,0
D 12 15,RELEASE,13,35
D 12 16,SUPPRESS,5,0
D 12 17,SUPPRESS,2,0
D 12 18,SUPPRESS,7,0
D 12 34,SUPPRESS,3,0
D 12 35,SUPPRESS,2,0
D 12 39,RELEASE,14,31
D 12 40,RELEASE,113,259
D 12 41,RELEASE,73,106
D 12 51,SUPPRESS,1,0
D 13 00,RELEASE,26,69
D 13 01,RELEASE,40,95
D 13 02,RELEASE,16,44
D 13 03,RELEASE,16,46
D 13 04,RELEASE,17,45
D 13 05,RELEASE,50,122
D 13 06,SUPPRESS,6,0
D 13 07,SUPPRESS,7,0
D 13 08,RELEASE,20,61
D 13 09,SUPPRESS,9,0
D 13 10,SUPPRESS,3,0
D 13 11,SUPPRESS,6,0
D 13 12,SUPPRESS,10,0
D 13 13,RELEASE,39,130
D 13 14,RELEASE,148,440
D 13 15,RELEASE,14,46
D 13 16,RELEASE,15,47
D 13 17,RELEASE,12,41
D 13 19,SUPPRESS,1,0
D 13 32,SUPPRESS,1,0
D 13 35,SUPPRESS,8,0
D 13 36,SUPPRESS,1,0
D 13 37,SUPPRESS,1,0
D 13 38,SUPPRESS,5,0
D 13 39,SUPPRESS,7,0
D 13 40,RELEASE,20,52
D 13 41,SUPPRESS,5,0
D 13 51,SUPPRESS,0,0
D 14 00,RELEASE,16,42
D 14 01,RELEASE,20,57
D 14 02,SUPPRESS,7,0
D 14 03,SUPPRESS,10,0
D 14 04,SUPPRESS,7,0
D 14 05,RELEASE,164,348
D 14 06,RELEASE,629,1458
D 14 07,RELEASE,27,83
D 14 08,RELEASE,24,67
D 14 09,RELEASE,16,47
D 14 10,SUPPRESS,1,0
D 14 11,SUPPRESS,2,0
D 14 12,SUPPRESS,3,0
D 14 13,RELEASE,14,51
D 14 14,RELEASE,30,87
D 14 15,RELEASE,30,83
D 14 16,RELEASE,23,79
D 14 17,RELEASE,61,165
D 14 18,SUPPRESS,7,0
D 14 19,SUPPRESS,2,0
D 14 34,RELEASE,12,37
D 14 35,SUPPRESS,7,0
D 14 38,SUPPRESS,10,0
D 14 39,SUPPRESS,8,0
D 14 40,RELEASE,18,51
D 14 41,RELEASE,15,35
D 14 50,RELEASE,26,49
D 14 51,RELEASE,17,31
D 15 00,RELEASE,15,46
D 15 01,RELEASE,22,64
D 15 02,RELEASE,21,54
D 15 03,RELEASE,10,34
D 15 04,SUPPRESS,9,0
D 15 05,SUPPRESS,6,0
D 15 06,RELEASE,545,1186
D 15 07,RELEASE,29,74
D 15 08,RELEASE,13,43
D 15 09,RELEASE,20,53
D 15 10,SUPPRESS,5,0
D 15 13,SUPPRESS,4,0
D 15 14,SUPPRESS,7,0
D 15 15,RELEASE,16,60
D 15 16,RELEASE,14,45
D 15 17,SUPPRESS,9,0
D 15 18,SUPPRESS,1,0
D 15 38,SUPPRESS,3,0
D 15 39,SUPPRESS,9,0
D 15 40,RELEASE,66,144
D 15 41,SUPPRESS,8,0
D 15 47,SUPPRESS,1,0
D 15 49,SUPPRESS,2,0
D 15 50,SUPPRESS,13,0
D 15 51,SUPPRESS,4,0
D 16 00,SUPPRESS,4,0
D 16 01,SUPPRESS,4,0
D 16 02,RELEASE,23,64
D 16 03,RELEASE,11,32
D 16 04,RELEASE,11,40
D 16 05,RELEASE,17,43
D 16 06,SUPPRESS,13,0
D 16 07,RELEASE,24,71
D 16 08,RELEASE,10,32
D 16 09,SUPPRESS,8,0
D 16 10,RELEASE,14,47
D 16 11,SUPPRESS,1,0
D 16 12,SUPPRESS,1,0
D 16 15,SUPPRESS,6,0
D 16 16,RELEASE,11,35
D 16 17,RELEASE,173,478
D 16 18,RELEASE,90,205
D 16 37,SUPPRESS,3,0
D 16 38,SUPPRESS,3,0
D 16 39,RELEASE,14,37
D 16 40,RELEASE,17,40
D 16 41,SUPPRESS,3,0
D 17 00,RELEASE,27,86
D 17 01,SUPPRESS,6,0
D 17 02,SUPPRESS,9,0
D 17 03,RELEASE,20,54
D 17 04,RELEASE,27,70
D 17 05,SUPPRESS,7,0
D 17 06,SUPPRESS,12,0
D 17 07,SUPPRESS,10,0
D 17 08,SUPPRESS,9,0
D 17 09,SUPPRESS,9,0
D 17 10,RELEASE,14,44
D 17 11,SUPPRESS,8,0
D 17 12,SUPPRESS,3,0
D 17 16,SUPPRESS,4,0
D 17 17,SUPPRESS,7,0
D 17 38,SUPPRESS,12,0
D 17 39,SUPPRESS,7,0
D 17 40,SUPPRESS,5,0
D 17 41,SUPPRESS,4,0
D 17 42,SUPPRESS,2,0
D 18 00,RELEASE,17,56
D 18 01,RELEASE,14,33
D 18 02,RELEASE,11,30
D 18 03,RELEASE,13,46
D 18 04,SUPPRESS,4,0
D 18 05,SUPPRESS,10,0
D 18 06,RELEASE,18,50
D 18 07,RELEASE,22,48
D 18 08,SUPPRESS,10,0
D 18 09,RELEASE,10,34
D 18 10,SUPPRESS,3,0
D 18 11,SUPPRESS,1,0
D 18 17,SUPPRESS,3,0
D 18 21,SUPPRESS,0,0
D 18 38,SUPPRESS,4,0
D 18 39,SUPPRESS,12,0
D 18 40,SUPPRESS,7,0
D 18 42,SUPPRESS,3,0
D 19 00,SUPPRESS,1,0
D 19 01,SUPPRESS,8,0
D 19 02,SUPPRESS,3,0
D 19 03,RELEASE,12,38
D 19 04,RELEASE,14,46
D 19 05,RELEASE,21,54
D 19 06,RELEASE,28,72
D 19 07,RELEASE,15,41
D 19 08,RELEASE,13,34
D 19 09,SUPPRESS,8,0
D 19 10,SUPPRESS,3,0
D 19 20,SUPPRESS,3,0
D 19 28,SUPPRESS,1,0
D 19 31,SUPPRESS,4,0
D 19 37,SUPPRESS,1,0
D 19 38,SUPPRESS,3,0
D 19 39,SUPPRESS,2,0
D 19 40,SUPPRESS,2,0
D 19 42,SUPPRESS,1,0
D 20 00,SUPPRESS,7,0
D 20 01,SUPPRESS,3,0
D 20 02,SUPPRESS,1,0
D 20 03,SUPPRESS,2,0
D 20 04,RELEASE,14,36
D 20 05,SUPPRESS,5,0
D 20 06,RELEASE,12,35
D 20 07,RELEASE,15,77
D 20 08,SUPPRESS,7,0
D 20 09,RELEASE,12,34
D 20 10,SUPPRESS,5,0
D 20 20,SUPPRESS,8,0
D 20 24,SUPPRESS,2,0
D 20 25,SUPPRESS,4,0
D 20 27,SUPPRESS,4,0
D 20 28,SUPPRESS,7,0
D 20 31,SUPPRESS,2,0
D 20 37,SUPPRESS,1,0
D 21 00,SUPPRESS,4,0
D 21 01,SUPPRESS,7,0
D 21 03,SUPPRESS,3,0
D 21 05,SUPPRESS,2,0
D 21 06,RELEASE,15,46
D 21 07,RELEASE,32,74
D 21 08,RELEASE,12,41
D 21 09,RELEASE,21,62
D 21 10,SUPPRESS,5,0
D 21 20,SUPPRESS,2,0
D 21 24,SUPPRESS,7,0
D 21 25,RELEASE,16,52
D 21 26,RELEASE,12,35
D 21 27,RELEASE,17,49
D 21 28,SUPPRESS,11,0
D 21 29,SUPPRESS,9,0
D 21 31,SUPPRESS,2,0
D 21 32,SUPPRESS,2,0
D 22 00,SUPPRESS,6,0
D 22 01,SUPPRESS,1,0
D 22 02,SUPPRESS,2,0
D 22 04,SUPPRESS,1,0
D 22 06,SUPPRESS,10,0
D 22 07,RELEASE,16,40
D 22 08,SUPPRESS,9,0
D 22 09,RELEASE,24,63
D 22 10,RELEASE,13,30
D 22 11,RELEASE,13,37
D 22 20,SUPPRESS,1,0
D 22 21,RELEASE,15,37
D 22 22,RELEASE,16,43
D 22 23,RELEASE,17,58
D 22 24,SUPPRESS,3,0
D 22 25,SUPPRESS,2,0
D 22 26,RELEASE,15,39
D 22 27,RELEASE,44,143
D 22 28,RELEASE,29,74
D 22 29,RELEASE,14,41
D 22 30,RELEASE,21,70
D 22 31,SUPPRESS,5,0
D 22 32,SUPPRESS,10,0
D 22 39,SUPPRESS,8,0
D 22 40,SUPPRESS,5,0
D 23 00,SUPPRESS,4,0
D 23 01,SUPPRESS,4,0
D 23 06,SUPPRESS,5,0
D 23 07,RELEASE,19,46
D 23 08,SUPPRESS,13,0
D 23 09,RELEASE,16,53
D 23 10,RELEASE,18,47
D 23 11,RELEASE,11,33
D 23 12,SUPPRESS,2,0
D 23 22,SUPPRESS,9,0
D 23 23,SUPPRESS,3,0
D 23 24,RELEASE,20,61
D 23 25,RELEASE,78,181
D 23 26,RELEASE,24,50
D 23 27,RELEASE,296,695
D 23 28,RELEASE,21,50
D 23 29,SUPPRESS,2,0
D 23 31,RELEASE,28,75
D 23 32,RELEASE,31,72
D 23 33,SUPPRESS,1,0
D 23 38,SUPPRESS,2,0
D 24 04,SUPPRESS,1,0
D 24 05,SUPPRESS,2,0
D 24 06,SUPPRESS,1,0
D 24 08,SUPPRESS,7,0
D 24 09,SUPPRESS,1,0
D 24 10,SUPPRESS,5,0
D 24 11,SUPPRESS,5,0
D 24 23,RELEASE,14,50
D 24 24,RELEASE,68,188
D 24 25,RELEASE,128,313
D 24 26,RELEASE,65,210
D 24 27,RELEASE,146,348
D 24 28,RELEASE,26,60
D 24 29,SUPPRESS,12,0
D 24 30,SUPPRESS,2,0
D 24 31,SUPPRESS,4,0
D 24 32,RELEASE,148,387
D 24 33,RELEASE,20,44
D 24 34,SUPPRESS,3,0
D 24 35,SUPPRESS,3,0
D 25 00,SUPPRESS,2,0
D 25 01,SUPPRESS,1,0
D 25 04,SUPPRESS,2,0
D 25 07,SUPPRESS,4,0
D 25 10,SUPPRESS,6,0
D 25 11,SUPPRESS,10,0
D 25 24,RELEASE,25,54
D 25 32,SUPPRESS,10,0
D 25 33,SUPPRESS,5,0
D 25 34,RELEASE,13,42
D 25 35,SUPPRESS,2,0
D 25 36,SUPPRESS,1,0
D 25 37,SUPPRESS,1,0
D 26 04,SUPPRESS,1,0
D 26 05,SUPPRESS,4,0
D 26 06,SUPPRESS,7,0
D 26 07,RELEASE,12,38
D 26 08,SUPPRESS,9,0
D 26 10,SUPPRESS,2,0
D 26 12,SUPPRESS,4,0
D 26 13,SUPPRESS,9,0
D 26 15,SUPPRESS,1,0
D 26 18,SUPPRESS,3,0
D 26 24,SUPPRESS,4,0
D 27 00,SUPPRESS,1,0
D 27 06,SUPPRESS,3,0
D 27 07,SUPPRESS,7,0
D 27 08,RELEASE,15,40
D 27 09,RELEASE,12,38
D 27 11,SUPPRESS,9,0
D 27 12,SUPPRESS,3,0
D 27 13,SUPPRESS,5,0
D 27 14,RELEASE,10,32
D 27 15,SUPPRESS,8,0
D 27 16,SUPPRESS,4,0
D 27 17,SUPPRESS,6,0
D 27 18,SUPPRESS,6,0
D 27 25,SUPPRESS,2,0
D 28 00,SUPPRESS,3,0
D 28 07,RELEASE,18,37
D 28 08,RELEASE,14,36
D 28 09,SUPPRESS,10,0
D 28 10,RELEASE,13,39
D 28 11,SUPPRESS,4,0
D 28 12,SUPPRESS,3,0
D 28 13,SUPPRESS,8,0
D 28 14,SUPPRESS,5,0
D 28 15,SUPPRESS,10,0
D 28 16,RELEASE,50,120
D 28 17,RELEASE,248,574
D 28 18,RELEASE,351,888
D 28 19,RELEASE,16,36
D 28 20,SUPPRESS,5,0
D 28 21,SUPPRESS,1,0
D 28 25,SUPPRESS,1,0
D 29 06,SUPPRESS,1,0
D 29 08,SUPPRESS,12,0
D 29 09,SUPPRESS,5,0
D 29 10,SUPPRESS,6,0
D 29 11,RELEASE,18,43
D 29 12,SUPPRESS,6,0
D 29 13,SUPPRESS,5,0
D 29 14,SUPPRESS,5,0
D 29 15,SUPPRESS,6,0
D 29 16,RELEASE,14,36
D 29 19,SUPPRESS,8,0
D 29 20,SUPPRESS,9,0
D 29 21,SUPPRESS,5,0
D 29 22,SUPPRESS,6,0
D 29 24,SUPPRESS,4,0
D 30 03,SUPPRESS,1,0
D 30 04,SUPPRESS,2,0
D 30 07,SUPPRESS,10,0
D 30 08,SUPPRESS,6,0
D 30 09,SUPPRESS,2,0
D 30 12,SUPPRESS,2,0
D 30 13,SUPPRESS,1,0
D 30 14,SUPPRESS,3,0
D 30 15,RELEASE,80,163
D 30 16,SUPPRESS,2,0
D 30 23,SUPPRESS,4,0
D 30 24,SUPPRESS,2,0
D 31 05,SUPPRESS,7,0
D 31 06,SUPPRESS,3,0
D 31 07,SUPPRESS,3,0
D 31 08,SUPPRESS,3,0
D 31 09,SUPPRESS,9,0
D 31 10,SUPPRESS,7,0
D 31 11,SUPPRESS,3,0
D 31 13,SUPPRESS,2,0
D 31 14,RELEASE,35,86
D 31 15,RELEASE,129,265
D 32 04,SUPPRESS,3,0
D 32 05,SUPPRESS,8,0
D 32 06,SUPPRESS,1,0
D 32 08,SUPPRESS,1,0
D 32 13,SUPPRESS,4,0
D 32 14,SUPPRESS,7,0
D 33 01,SUPPRESS,2,0
D 33 02,SUPPRESS,3,0
D 33 04,SUPPRESS,1,0
D 33 12,SUPPRESS,2,0
D 33 13,SUPPRESS,7,0
D 33 14,SUPPRESS,1,0
D 34 00,SUPPRESS,6,0
D 34 01,SUPPRESS,4,0
D 34 03,SUPPRESS,3,0
D 34 04,SUPPRESS,1,0
D 34 06,SUPPRESS,3,0
D 34 07,SUPPRESS,1,0
D 34 08,SUPPRESS,2,0
D 34 09,SUPPRESS,2,0
D 34 10,SUPPRESS,6,0
D 34 11,RELEASE,11,36
D 34 12,RELEASE,12,34
D 34 13,SUPPRESS,1,0
D 35 00,RELEASE,34,85
D 35 01,SUPPRESS,8,0
D 35 02,SUPPRESS,7,0
D 35 03,SUPPRESS,4,0
D 35 05,RELEASE,13,35
D 35 06,SUPPRESS,7,0
D 35 07,RELEASE,31,91
D 35 08,RELEASE,14,38
D 35 09,SUPPRESS,8,0
D 35 10,SUPPRESS,5,0
D 35 11,SUPPRESS,1,0
D 36 00,RELEASE,16,39
D 36 01,RELEASE,17,38
D 36 02,SUPPRESS,7,0
D 36 03,SUPPRESS,3,0
D 36 04,RELEASE,17,47
D 36 05,SUPPRESS,8,0
D 36 06,RELEASE,12,33
D 36 07,RELEASE,34,97
D 36 08,RELEASE,24,50
D 37 00,RELEASE,18,45
D 37 01,RELEASE,409,914
D 37 02,RELEASE,28,68
D 37 03,RELEASE,103,213
D 37 04,RELEASE,14,35
D 37 05,SUPPRESS,8,0
D 37 06,RELEASE,18,46
D 37 07,RELEASE,343,785
D 37 08,SUPPRESS,5,0
D 38 00,RELEASE,23,67
D 38 01,RELEASE,221,598
D 38 02,RELEASE,919,2313
D 38 03,RELEASE,1756,3831
D 38 04,RELEASE,247,586
D 38 05,RELEASE,47,73
D 38 06,SUPPRESS,7,0
D 38 07,SUPPRESS,1,0
D 39 00,SUPPRESS,5,0
D 39 01,RELEASE,89,208
D 39 02,RELEASE,1093,2029
D 39 03,RELEASE,623,1333
D 39 04,RELEASE,439,1103
D 39 05,RELEASE,118,260
D 40 00,RELEASE,38,73
D 40 01,RELEASE,36,58
D 40 02,RELEASE,692,1304
D 40 03,RELEASE,1268,2660
D 40 04,RELEASE,231,539
D 41 01,RELEASE,24,121
D 41 02,RELEASE,377,809
D 42 02,RELEASE,53,103
D 43 00,SUPPRESS,5,0
D 43 01,RELEASE,18,49
D 43 02,RELEASE,18,34
D 44 00,SUPPRESS,12,0
D 44 01,SUPPRESS,3,0
D 44 02,RELEASE,16,40
D 44 03,SUPPRESS,1,0
D 45 00,RELEASE,19,46
D 45 01,RELEASE,19,40
D 45 02,SUPPRESS,5,0
D 46 00,RELEASE,149,356
D 46 01,RELEASE,38,105
D 46 02,SUPPRESS,5,0
G 89 57,SUPPRESS,10,0
G 90 54,SUPPRESS,6,0
G 90 55,SUPPRESS,3,0
G 90 56,SUPPRESS,4,0
G 90 57,RELEASE,10,32
G 91 53,SUPPRESS,1,0
G 91 54,SUPPRESS,2,0
G 91 55,SUPPRESS,2,0
G 91 56,RELEASE,12,31
G 91 57,SUPPRESS,8,0
G 92 53,SUPPRESS,7,0
G 92 54,SUPPRESS,3,0
G 92 55,SUPPRESS,3,0
G 92 56,SUPPRESS,2,0
G 92 57,SUPPRESS,8,0
G 92 58,SUPPRESS,2,0
G 93 51,SUPPRESS,4,0
G 93 52,RELEASE,42,101
G 93 53,SUPPRESS,3,0
G 93 54,SUPPRESS,1,0
G 93 55,SUPPRESS,6,0
G 93 56,SUPPRESS,9,0
G 93 57,RELEASE,10,39
G 93 58,RELEASE,76,176
G 93 59,RELEASE,20,41
G 94 50,RELEASE,11,36
G 94 51,RELEASE,86,196
G 94 52,RELEASE,52,123
G 94 53,RELEASE,14,30
G 94 54,SUPPRESS,8,0
G 94 55,SUPPRESS,9,0
G 94 56,RELEASE,15,48
G 94 57,SUPPRESS,4,0
G 94 58,RELEASE,37,66
G 94 59,RELEASE,289,594
G 95 48,SUPPRESS,2,0
G 95 49,SUPPRESS,10,0
G 95 50,SUPPRESS,9,0
G 95 51,SUPPRESS,2,0
G 95 52,SUPPRESS,5,0
G 95 53,SUPPRESS,6,0
G 95 54,SUPPRESS,1,0
G 95 55,SUPPRESS,9,0
G 95 56,SUPPRESS,6,0
G 95 57,SUPPRESS,2,0
G 95 58,SUPPRESS,11,0
G 95 59,RELEASE,52,129
G 96 46,SUPPRESS,2,0
G 96 47,SUPPRESS,0,0
G 96 48,SUPPRESS,10,0
G 96 49,SUPPRESS,6,0
G 96 50,SUPPRESS,1,0
G 96 51,SUPPRESS,3,0
G 96 52,SUPPRESS,8,0
G 96 53,SUPPRESS,4,0
G 96 54,SUPPRESS,1,0
G 96 55,SUPPRESS,8,0
G 96 56,SUPPRESS,6,0
G 96 57,SUPPRESS,8,0
G 96 58,SUPPRESS,4,0
G 96 59,RELEASE,15,48
G 97 46,SUPPRESS,6,0
G 97 47,SUPPRESS,9,0
G 97 48,SUPPRESS,3,0
G 97 49,SUPPRESS,2,0
G 97 50,SUPPRESS,1,0
G 97 51,SUPPRESS,2,0
G 97 52,SUPPRESS,9,0
G 97 53,SUPPRESS,1,0
G 97 54,SUPPRESS,5,0
G 97 55,SUPPRESS,5,0
G 97 56,SUPPRESS,8,0
G 97 57,RELEASE,20,50
G 97 58,SUPPRESS,2,0
G 97 59,SUPPRESS,9,0
G 97 60,SUPPRESS,2,0
G 98 45,SUPPRESS,1,0
G 98 46,SUPPRESS,8,0
G 98 47,RELEASE,15,34
G 98 48,SUPPRESS,1,0
G 98 49,SUPPRESS,2,0
G 98 51,SUPPRESS,3,0
G 98 52,SUPPRESS,7,0
G 98 54,SUPPRESS,1,0
G 98 56,SUPPRESS,4,0
G 98 57,RELEASE,18,43
G 98 58,SUPPRESS,6,0
G 98 59,RELEASE,14,35
G 98 60,SUPPRESS,9,0
G 99 45,SUPPRESS,0,0
G 99 46,SUPPRESS,11,0
G 99 47,SUPPRESS,1,0
G 99 48,SUPPRESS,3,0
G 99 49,SUPPRESS,5,0
G 99 51,SUPPRESS,6,0
G 99 52,SUPPRESS,5,0
G 99 53,SUPPRESS,3,0
G 99 56,SUPPRESS,2,0
G 99 57,SUPPRESS,2,0
G 99 58,SUPPRESS,1,0
G 99 59,RELEASE,17,42
G 99 60,SUPPRESS,3,0
G 99 61,SUPPRESS,4,0
G 99 65,SUPPRESS,2,0
H 00 44,SUPPRESS,5,0
H 00 45,SUPPRESS,9,0
H 00 46,SUPPRESS,3,0
H 00 48,SUPPRESS,3,0
H 00 49,SUPPRESS,1,0
H 00 51,SUPPRESS,2,0
H 00 52,SUPPRESS,4,0
H 00 56,SUPPRESS,1,0
H 00 57,SUPPRESS,9,0
H 00 59,SUPPRESS,6,0
H 00 60,SUPPRESS,7,0
H 00 61,RELEASE,15,48
H 00 62,SUPPRESS,2,0
H 00 63,SUPPRESS,3,0
H 00 64,SUPPRESS,3,0
H 01 43,SUPPRESS,9,0
H 01 44,RELEASE,13,33
H 01 45,SUPPRESS,3,0
H 01 46,SUPPRESS,3,0
H 01 47,SUPPRESS,1,0
H 01 48,SUPPRESS,3,0
H 01 51,SUPPRESS,2,0
H 01 53,SUPPRESS,1,0
H 01 54,SUPPRESS,1,0
H 01 57,SUPPRESS,6,0
H 01 58,SUPPRESS,1,0
H 01 59,SUPPRESS,1,0
H 01 60,SUPPRESS,5,0
H 01 61,RELEASE,15,43
H 01 62,SUPPRESS,6,0
H 01 63,SUPPRESS,4,0
H 01 64,SUPPRESS,5,0
H 02 42,SUPPRESS,7,0
H 02 43,SUPPRESS,5,0
H 02 45,SUPPRESS,5,0
H 02 46,SUPPRESS,1,0
H 02 47,SUPPRESS,1,0
H 02 48,SUPPRESS,1,0
H 02 51,SUPPRESS,1,0
H 02 58,SUPPRESS,2,0
H 02 59,SUPPRESS,1,0
H 02 61,RELEASE,12,34
H 02 62,SUPPRESS,8,0
H 02 65,SUPPRESS,4,0
H 03 40,SUPPRESS,2,0
H 03 41,SUPPRESS,5,0
H 03 42,SUPPRESS,3,0
H 03 43,SUPPRESS,2,0
H 03 45,SUPPRESS,1,0
H 03 46,SUPPRESS,4,0
H 03 47,SUPPRESS,1,0
H 03 49,SUPPRESS,1,0
H 03 51,SUPPRESS,1,0
H 03 53,SUPPRESS,1,0
H 03 58,SUPPRESS,5,0
H 03 62,RELEASE,12,31
H 03 63,SUPPRESS,1,0
H 04 39,SUPPRESS,1,0
H 04 40,RELEASE,15,35
H 04 41,SUPPRESS,2,0
H 04 43,SUPPRESS,1,0
H 04 49,SUPPRESS,2,0
H 04 51,SUPPRESS,3,0
H 04 53,SUPPRESS,1,0
H 04 58,SUPPRESS,2,0
H 04 62,SUPPRESS,3,0
H 05 39,SUPPRESS,2,0
H 05 40,SUPPRESS,3,0
H 05 41,SUPPRESS,12,0
H 05 51,SUPPRESS,3,0
H 05 54,SUPPRESS,1,0
H 05 58,SUPPRESS,3,0
H 05 62,SUPPRESS,3,0
H 05 63,SUPPRESS,3,0
H 06 39,RELEASE,12,34
H 06 40,SUPPRESS,7,0
H 06 41,SUPPRESS,1,0
H 06 51,SUPPRESS,5,0
H 06 54,SUPPRESS,10,0
H 06 62,SUPPRESS,1,0
H 06 63,SUPPRESS,7,0
H 06 64,SUPPRESS,1,0
H 07 38,SUPPRESS,3,0
H 07 39,RELEASE,23,73
H 07 40,SUPPRESS,2,0
H 07 50,SUPPRESS,1,0
H 07 51,SUPPRESS,1,0
H 07 62,SUPPRESS,1,0
H 07 63,RELEASE,11,30
H 07 64,SUPPRESS,3,0
H 08 36,SUPPRESS,1,0
H 08 37,SUPPRESS,2,0
H 08 38,RELEASE,159,343
H 08 39,RELEASE,25,52
H 08 40,SUPPRESS,1,0
H 08 41,SUPPRESS,1,0
H 08 42,SUPPRESS,4,0
H 08 51,SUPPRESS,2,0
H 08 52,SUPPRESS,1,0
H 08 54,SUPPRESS,3,0
H 08 62,SUPPRESS,3,0
H 08 64,SUPPRESS,6,0
H 09 34,SUPPRESS,4,0
H 09 35,SUPPRESS,3,0
H 09 36,SUPPRESS,5,0
H 09 38,RELEASE,20,52
H 09 39,SUPPRESS,1,0
H 09 40,SUPPRESS,7,0
H 09 41,SUPPRESS,10,0
H 09 42,SUPPRESS,1,0
H 09 47,SUPPRESS,4,0
H 09 48,SUPPRESS,1,0
H 09 49,SUPPRESS,1,0
H 09 50,SUPPRESS,2,0
H 09 51,SUPPRESS,6,0
H 09 52,SUPPRESS,5,0
H 09 54,SUPPRESS,7,0
H 09 55,SUPPRESS,1,0
H 09 57,SUPPRESS,3,0
H 09 62,SUPPRESS,4,0
H 09 65,SUPPRESS,1,0
H 10 33,SUPPRESS,3,0
H 10 36,SUPPRESS,1,0
H 10 38,SUPPRESS,4,0
H 10 39,RELEASE,18,51
H 10 42,SUPPRESS,1,0
H 10 43,SUPPRESS,2,0
H 10 47,SUPPRESS,6,0
H 10 48,SUPPRESS,4,0
H 10 49,SUPPRESS,8,0
H 10 50,SUPPRESS,7,0
H 10 51,RELEASE,12,45
H 10 52,RELEASE,12,33
H 10 53,SUPPRESS,7,0
H 10 54,SUPPRESS,4,0
H 10 55,SUPPRESS,3,0
H 10 56,SUPPRESS,2,0
H 10 57,SUPPRESS,6,0
H 10 62,SUPPRESS,7,0
H 10 63,SUPPRESS,3,0
H 10 65,SUPPRESS,2,0
H 10 66,RELEASE,13,30
H 10 67,SUPPRESS,2,0
H 10 81,SUPPRESS,2,0
H 10 87,SUPPRESS,3,0
H 11 33,SUPPRESS,3,0
H 11 36,SUPPRESS,6,0
H 11 38,SUPPRESS,4,0
H 11 39,SUPPRESS,5,0
H 11 43,SUPPRESS,6,0
H 11 44,SUPPRESS,1,0
H 11 45,SUPPRESS,10,0
H 11 46,RELEASE,16,47
H 11 47,SUPPRESS,11,0
H 11 48,SUPPRESS,6,0
H 11 49,SUPPRESS,9,0
H 11 50,SUPPRESS,2,0
H 11 51,RELEASE,26,86
H 11 52,RELEASE,144,337
H 11 53,RELEASE,13,34
H 11 54,RELEASE,11,33
H 11 55,RELEASE,17,49
H 11 56,SUPPRESS,10,0
H 11 63,SUPPRESS,6,0
H 11 65,SUPPRESS,1,0
H 11 66,RELEASE,27,55
H 11 67,SUPPRESS,6,0
H 11 81,SUPPRESS,6,0
H 11 86,SUPPRESS,1,0
H 12 35,SUPPRESS,1,0
H 12 36,SUPPRESS,2,0
H 12 38,SUPPRESS,11,0
H 12 39,SUPPRESS,9,0
H 12 43,SUPPRESS,9,0
H 12 44,RELEASE,13,31
H 12 45,RELEASE,13,38
H 12 46,SUPPRESS,12,0
H 12 47,SUPPRESS,10,0
H 12 49,RELEASE,13,40
H 12 50,SUPPRESS,11,0
H 12 51,RELEASE,29,67
H 12 52,RELEASE,79,156
H 12 53,SUPPRESS,7,0
H 12 54,SUPPRESS,5,0
H 12 55,SUPPRESS,11,0
H 12 56,SUPPRESS,8,0
H 12 63,SUPPRESS,10,0
H 12 66,SUPPRESS,10,0
H 12 67,SUPPRESS,2,0
H 12 68,SUPPRESS,3,0
H 12 81,SUPPRESS,2,0
H 12 82,SUPPRESS,1,0
H 12 83,SUPPRESS,1,0
H 12 85,SUPPRESS,3,0
H 12 86,SUPPRESS,1,0
H 13 34,SUPPRESS,1,0
H 13 35,SUPPRESS,9,0
H 13 36,SUPPRESS,7,0
H 13 37,SUPPRESS,5,0
H 13 38,RELEASE,17,49
H 13 39,SUPPRESS,5,0
H 13 43,SUPPRESS,1,0
H 13 44,RELEASE,22,50
H 13 45,RELEASE,11,32
H 13 47,SUPPRESS,9,0
H 13 48,SUPPRESS,7,0
H 13 49,SUPPRESS,5,0
H 13 50,RELEASE,15,49
H 13 51,SUPPRESS,1,0
H 13 52,SUPPRESS,2,0
H 13 53,SUPPRESS,10,0
H 13 54,SUPPRESS,9,0
H 13 55,SUPPRESS,10,0
H 13 63,SUPPRESS,4,0
H 13 64,SUPPRESS,4,0
H 13 65,SUPPRESS,1,0
H 13 66,SUPPRESS,11,0
H 13 67,SUPPRESS,2,0
H 13 78,SUPPRESS,2,0
H 13 79,SUPPRESS,1,0
H 13 80,SUPPRESS,1,0
H 13 81,SUPPRESS,11,0
H 13 84,SUPPRESS,3,0
H 14 34,SUPPRESS,9,0
H 14 35,SUPPRESS,7,0
H 14 36,SUPPRESS,7,0
H 14 37,SUPPRESS,3,0
H 14 38,RELEASE,18,50
H 14 39,SUPPRESS,14,0
H 14 43,SUPPRESS,2,0
H 14 44,RELEASE,12,31
H 14 45,SUPPRESS,8,0
H 14 47,SUPPRESS,7,0
H 14 48,RELEASE,13,35
H 14 49,RELEASE,12,31
H 14 50,RELEASE,20,63
H 14 51,RELEASE,11,31
H 14 52,SUPPRESS,3,0
H 14 53,SUPPRESS,11,0
H 14 54,SUPPRESS,3,0
H 14 64,SUPPRESS,9,0
H 14 65,SUPPRESS,9,0
H 14 66,SUPPRESS,7,0
H 14 78,SUPPRESS,5,0
H 14 79,SUPPRESS,1,0
H 14 80,SUPPRESS,3,0
H 14 81,SUPPRESS,1,0
H 14 84,RELEASE,11,41
H 15 34,SUPPRESS,4,0
H 15 35,SUPPRESS,8,0
H 15 36,SUPPRESS,5,0
H 15 37,SUPPRESS,11,0
H 15 38,RELEASE,13,38
H 15 39,SUPPRESS,4,0
H 15 40,SUPPRESS,2,0
H 15 43,SUPPRESS,3,0
H 15 44,RELEASE,12,36
H 15 45,SUPPRESS,6,0
H 15 46,SUPPRESS,4,0
H 15 47,SUPPRESS,10,0
H 15 48,RELEASE,47,144
H 15 49,RELEASE,49,129
H 15 50,RELEASE,19,59
H 15 51,SUPPRESS,5,0
H 15 52,SUPPRESS,7,0
H 15 53,SUPPRESS,8,0
H 15 54,SUPPRESS,2,0
H 15 61,SUPPRESS,2,0
H 15 64,SUPPRESS,1,0
H 15 65,SUPPRESS,7,0
H 15 66,SUPPRESS,8,0
H 15 67,SUPPRESS,8,0
H 15 68,SUPPRESS,2,0
H 15 69,SUPPRESS,3,0
H 15 70,SUPPRESS,2,0
H 15 71,SUPPRESS,1,0
H 15 77,SUPPRESS,1,0
H 15 78,RELEASE,12,34
H 15 79,SUPPRESS,4,0
H 15 80,SUPPRESS,7,0
H 15 83,SUPPRESS,5,0
H 15 84,SUPPRESS,3,0
H 16 30,SUPPRESS,1,0
H 16 34,SUPPRESS,4,0
H 16 35,RELEASE,15,39
H 16 36,SUPPRESS,9,0
H 16 37,SUPPRESS,8,0
H 16 38,SUPPRESS,7,0
H 16 39,SUPPRESS,12,0
H 16 40,SUPPRESS,3,0
H 16 41,SUPPRESS,3,0
H 16 42,SUPPRESS,4,0
H 16 43,SUPPRESS,3,0
H 16 44,SUPPRESS,8,0
H 16 45,SUPPRESS,8,0
H 16 46,SUPPRESS,9,0
H 16 47,RELEASE,25,72
H 16 48,SUPPRESS,5,0
H 16 49,RELEASE,12,33
H 16 50,RELEASE,28,93
H 16 51,SUPPRESS,7,0
H 16 52,RELEASE,15,41
H 16 53,SUPPRESS,2,0
H 16 61,SUPPRESS,7,0
H 16 62,SUPPRESS,2,0
H 16 63,SUPPRESS,3,0
H 16 64,SUPPRESS,9,0
H 16 65,RELEASE,16,42
H 16 66,RELEASE,10,46
H 16 67,SUPPRESS,4,0
H 16 68,SUPPRESS,1,0
H 16 69,SUPPRESS,4,0
H 16 70,SUPPRESS,3,0
H 16 76,SUPPRESS,1,0
H 16 77,SUPPRESS,3,0
H 16 78,SUPPRESS,6,0
H 16 79,SUPPRESS,9,0
H 16 80,RELEASE,10,35
H 16 81,SUPPRESS,2,0
H 16 82,SUPPRESS,3,0
H 16 83,SUPPRESS,6,0
H 16 84,SUPPRESS,2,0
H 17 28,SUPPRESS,1,0
H 17 29,SUPPRESS,6,0
H 17 30,SUPPRESS,3,0
H 17 32,SUPPRESS,1,0
H 17 34,RELEASE,18,40
H 17 35,RELEASE,38,93
H 17 36,RELEASE,18,48
H 17 37,SUPPRESS,9,0
H 17 38,SUPPRESS,11,0
H 17 39,RELEASE,13,30
H 17 40,RELEASE,29,60
H 17 41,SUPPRESS,11,0
H 17 42,SUPPRESS,7,0
H 17 43,RELEASE,12,40
H 17 44,SUPPRESS,13,0
H 17 45,SUPPRESS,3,0
H 17 46,RELEASE,39,101
H 17 47,RELEASE,11,33
H 17 48,SUPPRESS,3,0
H 17 49,SUPPRESS,12,0
H 17 50,SUPPRESS,1,0
H 17 51,SUPPRESS,4,0
H 17 52,SUPPRESS,1,0
H 17 55,SUPPRESS,4,0
H 17 56,SUPPRESS,2,0
H 17 57,SUPPRESS,3,0
H 17 60,SUPPRESS,8,0
H 17 61,SUPPRESS,6,0
H 17 62,SUPPRESS,6,0
H 17 63,RELEASE,140,300
H 17 64,SUPPRESS,3,0
H 17 65,RELEASE,19,53
H 17 66,SUPPRESS,3,0
H 17 67,SUPPRESS,1,0
H 17 68,SUPPRESS,2,0
H 17 69,SUPPRESS,5,0
H 17 70,SUPPRESS,5,0
H 17 72,SUPPRESS,1,0
H 17 76,SUPPRESS,1,0
H 17 77,SUPPRESS,1,0
H 17 78,SUPPRESS,2,0
H 17 79,SUPPRESS,5,0
H 17 80,SUPPRESS,1,0
H 17 81,SUPPRESS,10,0
H 17 82,SUPPRESS,5,0
H 17 83,SUPPRESS,5,0
H 17 84,SUPPRESS,5,0
H 18 28,SUPPRESS,4,0
H 18 29,SUPPRESS,7,0
H 18 30,SUPPRESS,2,0
H 18 32,SUPPRESS,1,0
H 18 33,SUPPRESS,3,0
H 18 34,SUPPRESS,5,0
H 18 35,RELEASE,13,32
H 18 37,SUPPRESS,6,0
H 18 38,SUPPRESS,6,0
H 18 39,RELEASE,13,34
H 18 40,RELEASE,20,41
H 18 41,SUPPRESS,5,0
H 18 42,RELEASE,11,38
H 18 43,SUPPRESS,9,0
H 18 44,SUPPRESS,13,0
H 18 45,SUPPRESS,5,0
H 18 46,RELEASE,16,40
H 18 47,RELEASE,11,36
H 18 48,SUPPRESS,8,0
H 18 49,RELEASE,17,42
H 18 50,SUPPRESS,12,0
H 18 51,SUPPRESS,1,0
H 18 54,SUPPRESS,7,0
H 18 56,SUPPRESS,2,0
H 18 57,SUPPRESS,9,0
H 18 58,SUPPRESS,1,0
H 18 59,SUPPRESS,2,0
H 18 60,SUPPRESS,7,0
H 18 61,SUPPRESS,8,0
H 18 62,RELEASE,104,268
H 18 63,RELEASE,240,547
H 18 64,RELEASE,13,44
H 18 65,SUPPRESS,1,0
H 18 66,SUPPRESS,7,0
H 18 67,SUPPRESS,2,0
H 18 68,SUPPRESS,6,0
H 18 69,SUPPRESS,3,0
H 18 70,SUPPRESS,2,0
H 18 72,SUPPRESS,2,0
H 18 79,SUPPRESS,7,0
H 18 80,SUPPRESS,8,0
H 18 81,SUPPRESS,9,0
H 18 82,SUPPRESS,3,0
H 18 83,SUPPRESS,3,0
H 18 84,RELEASE,23,54
H 18 85,SUPPRESS,9,0
H 19 28,SUPPRESS,1,0
H 19 29,SUPPRESS,4,0
H 19 30,RELEASE,15,40
H 19 31,SUPPRESS,8,0
H 19 32,RELEASE,17,47
H 19 33,RELEASE,18,55
H 19 34,RELEASE,14,33
H 19 35,RELEASE,28,64
H 19 36,RELEASE,11,69
H 19 37,SUPPRESS,7,0
H 19 38,RELEASE,18,41
H 19 39,SUPPRESS,3,0
H 19 40,RELEASE,21,59
H 19 41,SUPPRESS,6,0
H 19 42,SUPPRESS,8,0
H 19 43,RELEASE,13,53
H 19 44,SUPPRESS,2,0
H 19 45,SUPPRESS,11,0
H 19 46,SUPPRESS,10,0
H 19 47,SUPPRESS,3,0
H 19 48,RELEASE,18,48
H 19 49,RELEASE,29,60
H 19 51,SUPPRESS,4,0
H 19 54,SUPPRESS,6,0
H 19 55,SUPPRESS,7,0
H 19 56,SUPPRESS,3,0
H 19 57,SUPPRESS,9,0
H 19 58,RELEASE,73,145
H 19 59,RELEASE,32,87
H 19 60,RELEASE,10,38
H 19 61,RELEASE,19,56
H 19 62,SUPPRESS,5,0
H 19 63,SUPPRESS,12,0
H 19 64,SUPPRESS,9,0
H 19 65,SUPPRESS,1,0
H 19 66,SUPPRESS,7,0
H 19 67,SUPPRESS,7,0
H 19 68,SUPPRESS,3,0
H 19 69,SUPPRESS,3,0
H 19 70,RELEASE,13,35
H 19 77,SUPPRESS,1,0
H 19 79,RELEASE,13,48
H 19 80,SUPPRESS,8,0
H 19 81,RELEASE,14,49
H 19 82,RELEASE,13,36
H 19 83,SUPPRESS,5,0
H 19 84,SUPPRESS,7,0
H 19 85,SUPPRESS,3,0
H 19 86,SUPPRESS,0,0
H 20 27,SUPPRESS,2,0
H 20 29,RELEASE,20,52
H 20 30,SUPPRESS,8,0
H 20 31,RELEASE,11,35
H 20 32,SUPPRESS,3,0
H 20 33,SUPPRESS,7,0
H 20 34,RELEASE,27,73
H 20 35,SUPPRESS,8,0
H 20 36,SUPPRESS,7,0
H 20 37,RELEASE,16,49
H 20 38,RELEASE,30,75
H 20 39,RELEASE,41,113
H 20 40,RELEASE,12,34
H 20 41,RELEASE,16,47
H 20 42,SUPPRESS,3,0
H 20 43,SUPPRESS,7,0
H 20 44,SUPPRESS,2,0
H 20 45,SUPPRESS,4,0
H 20 46,SUPPRESS,4,0
H 20 47,SUPPRESS,7,0
H 20 48,SUPPRESS,2,0
H 20 49,SUPPRESS,1,0
H 20 52,SUPPRESS,2,0
H 20 53,SUPPRESS,4,0
H 20 54,RELEASE,44,102
H 20 55,RELEASE,12,39
H 20 57,SUPPRESS,9,0
H 20 58,RELEASE,33,77
H 20 59,RELEASE,18,51
H 20 60,SUPPRESS,4,0
H 20 61,RELEASE,14,47
H 20 62,RELEASE,12,32
H 20 63,RELEASE,12,32
H 20 64,RELEASE,12,34
H 20 65,SUPPRESS,3,0
H 20 66,SUPPRESS,6,0
H 20 67,SUPPRESS,4,0
H 20 68,RELEASE,10,32
H 20 69,SUPPRESS,4,0
H 20 70,SUPPRESS,8,0
H 20 71,SUPPRESS,3,0
H 20 73,SUPPRESS,4,0
H 20 77,SUPPRESS,1,0
H 20 78,SUPPRESS,7,0
H 20 79,SUPPRESS,10,0
H 20 80,RELEASE,50,99
H 20 81,RELEASE,14,33
H 20 82,SUPPRESS,8,0
H 20 83,RELEASE,14,48
H 20 84,RELEASE,10,37
H 21 26,SUPPRESS,1,0
H 21 27,SUPPRESS,4,0
H 21 28,RELEASE,12,36
H 21 29,RELEASE,10,30
H 21 30,RELEASE,17,55
H 21 31,RELEASE,10,42
H 21 32,RELEASE,12,41
H 21 33,SUPPRESS,6,0
H 21 34,RELEASE,12,34
H 21 35,SUPPRESS,6,0
H 21 36,SUPPRESS,4,0
H 21 37,RELEASE,19,56
H 21 38,RELEASE,12,34
H 21 39,SUPPRESS,7,0
H 21 41,SUPPRESS,7,0
H 21 42,RELEASE,119,341
H 21 43,RELEASE,21,65
H 21 44,RELEASE,88,220
H 21 45,RELEASE,413,1009
H 21 46,SUPPRESS,11,0
H 21 50,SUPPRESS,1,0
H 21 51,SUPPRESS,2,0
H 21 52,RELEASE,16,35
H 21 53,SUPPRESS,1,0
H 21 54,RELEASE,13,46
H 21 55,SUPPRESS,4,0
H 21 56,RELEASE,12,33
H 21 57,RELEASE,14,41
H 21 58,SUPPRESS,11,0
H 21 59,RELEASE,16,42
H 21 60,SUPPRESS,6,0
H 21 61,SUPPRESS,7,0
H 21 62,SUPPRESS,4,0
H 21 63,RELEASE,15,30
H 21 64,RELEASE,78,201
H 21 65,SUPPRESS,5,0
H 21 66,RELEASE,12,47
H 21 67,RELEASE,13,34
H 21 68,SUPPRESS,10,0
H 21 69,SUPPRESS,1,0
H 21 70,SUPPRESS,5,0
H 21 71,SUPPRESS,3,0
H 21 73,SUPPRESS,11,0
H 21 74,SUPPRESS,7,0
H 21 77,SUPPRESS,1,0
H 21 78,SUPPRESS,8,0
H 21 79,SUPPRESS,2,0
H 21 80,SUPPRESS,2,0
H 21 81,SUPPRESS,11,0
H 21 82,SUPPRESS,6,0
H 21 83,SUPPRESS,7,0
H 21 84,RELEASE,19,58
H 21 85,SUPPRESS,5,0
H 21 86,SUPPRESS,8,0
H 21 87,SUPPRESS,2,0
H 22 25,SUPPRESS,1,0
H 22 26,SUPPRESS,8,0
H 22 27,RELEASE,12,43
H 22 28,RELEASE,10,32
H 22 29,RELEASE,22,58
H 22 30,RELEASE,43,90
H 22 31,RELEASE,19,51
H 22 32,SUPPRESS,1,0
H 22 33,RELEASE,15,42
H 22 34,SUPPRESS,9,0
H 22 35,RELEASE,13,50
H 22 37,SUPPRESS,1,0
H 22 38,RELEASE,12,43
H 22 39,SUPPRESS,2,0
H 22 40,RELEASE,12,42
H 22 41,SUPPRESS,9,0
H 22 42,RELEASE,358,821
H 22 43,RELEASE,466,938
H 22 44,RELEASE,702,1443
H 22 45,SUPPRESS,12,0
H 22 46,SUPPRESS,4,0
H 22 49,SUPPRESS,2,0
H 22 50,RELEASE,29,85
H 22 51,RELEASE,14,32
H 22 52,RELEASE,16,33
H 22 53,SUPPRESS,2,0
H 22 54,SUPPRESS,5,0
H 22 55,SUPPRESS,4,0
H 22 56,SUPPRESS,3,0
H 22 57,SUPPRESS,8,0
H 22 58,RELEASE,97,251
H 22 59,RELEASE,18,64
H 22 60,RELEASE,12,37
H 22 61,SUPPRESS,8,0
H 22 63,SUPPRESS,2,0
H 22 64,RELEASE,88,174
H 22 65,RELEASE,99,196
H 22 66,RELEASE,19,39
H 22 67,SUPPRESS,1,0
H 22 68,RELEASE,10,31
H 22 69,SUPPRESS,3,0
H 22 70,SUPPRESS,5,0
H 22 76,SUPPRESS,8,0
H 22 77,SUPPRESS,11,0
H 22 78,SUPPRESS,7,0
H 22 79,SUPPRESS,4,0
H 22 80,SUPPRESS,5,0
H 22 81,SUPPRESS,10,0
H 22 82,SUPPRESS,9,0
H 22 83,SUPPRESS,12,0
H 22 84,SUPPRESS,6,0
H 22 85,RELEASE,17,48
H 22 86,RELEASE,10,30
H 22 87,RELEASE,14,38
H 22 88,SUPPRESS,1,0
H 23 26,SUPPRESS,5,0
H 23 27,SUPPRESS,3,0
H 23 28,SUPPRESS,0,0
H 23 29,RELEASE,15,41
H 23 30,RELEASE,27,56
H 23 31,SUPPRESS,2,0
H 23 32,RELEASE,11,36
H 23 33,SUPPRESS,11,0
H 23 34,RELEASE,15,50
H 23 35,RELEASE,15,44
H 23 36,RELEASE,14,42
H 23 37,SUPPRESS,7,0
H 23 38,RELEASE,225,691
H 23 39,RELEASE,19,39
H 23 40,RELEASE,11,31
H 23 41,SUPPRESS,5,0
H 23 42,RELEASE,20,42
H 23 43,RELEASE,243,532
H 23 44,RELEASE,740,1346
H 23 45,RELEASE,553,1231
H 23 46,SUPPRESS,3,0
H 23 47,SUPPRESS,4,0
H 23 48,SUPPRESS,8,0
H 23 49,RELEASE,68,146
H 23 50,RELEASE,73,173
H 23 51,RELEASE,25,54
H 23 52,RELEASE,16,42
H 23 53,RELEASE,25,65
H 23 54,SUPPRESS,8,0
H 23 55,RELEASE,12,31
H 23 56,SUPPRESS,2,0
H 23 57,RELEASE,97,209
H 23 58,RELEASE,558,1160
H 23 59,SUPPRESS,6,0
H 23 60,SUPPRESS,3,0
H 23 61,SUPPRESS,1,0
H 23 62,SUPPRESS,2,0
H 23 63,SUPPRESS,8,0
H 23 64,SUPPRESS,3,0
H 23 65,RELEASE,13,34
H 23 66,SUPPRESS,8,0
H 23 67,SUPPRESS,3,0
H 23 68,SUPPRESS,3,0
H 23 69,SUPPRESS,3,0
H 23 70,SUPPRESS,2,0
H 23 77,SUPPRESS,5,0
H 23 78,SUPPRESS,4,0
H 23 79,SUPPRESS,4,0
H 23 80,SUPPRESS,11,0
H 23 81,SUPPRESS,4,0
H 23 82,SUPPRESS,6,0
H 23 83,RELEASE,12,37
H 23 84,RELEASE,15,37
H 23 85,SUPPRESS,9,0
H 23 86,SUPPRESS,8,0
H 23 87,SUPPRESS,6,0
H 24 26,SUPPRESS,1,0
H 24 29,RELEASE,19,50
H 24 30,RELEASE,14,39
H 24 31,SUPPRESS,3,0
H 24 32,RELEASE,22,60
H 24 33,RELEASE,11,30
H 24 34,SUPPRESS,6,0
H 24 35,SUPPRESS,5,0
H 24 36,RELEASE,13,34
H 24 37,SUPPRESS,7,0
H 24 38,SUPPRESS,12,0
H 24 39,SUPPRESS,7,0
H 24 40,SUPPRESS,2,0
H 24 42,RELEASE,43,109
H 24 43,RELEASE,489,1017
H 24 44,RELEASE,451,1187
H 24 45,RELEASE,329,783
H 24 46,RELEASE,16,84
H 24 47,RELEASE,26,52
H 24 48,SUPPRESS,2,0
H 24 49,SUPPRESS,3,0
H 24 50,SUPPRESS,4,0
H 24 51,RELEASE,14,30
H 24 52,RELEASE,15,38
H 24 53,RELEASE,18,48
H 24 54,SUPPRESS,5,0
H 24 55,SUPPRESS,9,0
H 24 56,SUPPRESS,9,0
H 24 57,RELEASE,24,62
H 24 58,RELEASE,294,687
H 24 59,RELEASE,17,36
H 24 60,RELEASE,16,47
H 24 61,RELEASE,14,54
H 24 62,RELEASE,11,36
H 24 63,SUPPRESS,2,0
H 24 64,SUPPRESS,4,0
H 24 65,SUPPRESS,1,0
H 24 66,RELEASE,11,37
H 24 67,SUPPRESS,9,0
H 24 68,SUPPRESS,4,0
H 24 77,SUPPRESS,2,0
H 24 78,SUPPRESS,9,0
H 24 79,RELEASE,10,34
H 24 80,RELEASE,107,267
H 24 81,RELEASE,14,44
H 24 82,RELEASE,12,47
H 24 83,SUPPRESS,4,0
H 24 84,RELEASE,15,36
H 24 85,RELEASE,12,30
H 24 86,RELEASE,11,34
H 24 87,SUPPRESS,12,0
H 25 24,SUPPRESS,1,0
H 25 25,SUPPRESS,0,0
H 25 26,SUPPRESS,8,0
H 25 27,SUPPRESS,3,0
H 25 28,SUPPRESS,6,0
H 25 29,RELEASE,14,41
H 25 30,SUPPRESS,6,0
H 25 31,RELEASE,16,44
H 25 32,RELEASE,13,35
H 25 33,SUPPRESS,5,0
H 25 34,SUPPRESS,8,0
H 25 35,SUPPRESS,6,0
H 25 36,SUPPRESS,9,0
H 25 37,SUPPRESS,8,0
H 25 38,SUPPRESS,6,0
H 25 40,SUPPRESS,2,0
H 25 41,SUPPRESS,5,0
H 25 42,RELEASE,27,57
H 25 43,RELEASE,17,48
H 25 44,RELEASE,356,966
H 25 45,RELEASE,629,1453
H 25 46,RELEASE,19,46
H 25 47,SUPPRESS,2,0
H 25 48,RELEASE,15,35
H 25 49,SUPPRESS,10,0
H 25 50,SUPPRESS,10,0
H 25 51,RELEASE,44,129
H 25 52,RELEASE,65,180
H 25 53,RELEASE,21,64
H 25 54,RELEASE,23,68
H 25 55,SUPPRESS,9,0
H 25 56,SUPPRESS,4,0
H 25 57,SUPPRESS,6,0
H 25 58,SUPPRESS,9,0
H 25 59,SUPPRESS,5,0
H 25 60,SUPPRESS,5,0
H 25 61,SUPPRESS,7,0
H 25 62,RELEASE,13,31
H 25 63,SUPPRESS,4,0
H 25 64,RELEASE,14,35
H 25 65,SUPPRESS,10,0
H 25 66,SUPPRESS,11,0
H 25 67,RELEASE,11,37
H 25 68,SUPPRESS,8,0
H 25 69,SUPPRESS,4,0
H 25 77,SUPPRESS,5,0
H 25 78,SUPPRESS,15,0
H 25 79,RELEASE,16,48
H 25 80,RELEASE,14,41
H 25 81,SUPPRESS,4,0
H 25 82,RELEASE,28,77
H 25 83,RELEASE,77,249
H 25 84,RELEASE,308,762
H 25 85,RELEASE,33,100
H 25 86,SUPPRESS,8,0
H 25 87,SUPPRESS,4,0
H 25 88,SUPPRESS,2,0
H 26 22,SUPPRESS,3,0
H 26 23,SUPPRESS,11,0
H 26 24,RELEASE,20,72
H 26 25,SUPPRESS,3,0
H 26 26,SUPPRESS,8,0
H 26 27,SUPPRESS,4,0
H 26 28,RELEASE,15,30
H 26 29,SUPPRESS,10,0
H 26 30,RELEASE,22,71
H 26 31,SUPPRESS,11,0
H 26 34,SUPPRESS,4,0
H 26 35,SUPPRESS,9,0
H 26 36,SUPPRESS,1,0
H 26 37,SUPPRESS,2,0
H 26 40,SUPPRESS,3,0
H 26 41,SUPPRESS,4,0
H 26 42,SUPPRESS,2,0
H 26 43,SUPPRESS,2,0
H 26 44,RELEASE,13,36
H 26 45,RELEASE,163,441
H 26 46,SUPPRESS,7,0
H 26 47,SUPPRESS,13,0
H 26 48,RELEASE,10,30
H 26 49,SUPPRESS,3,0
H 26 50,SUPPRESS,6,0
H 26 51,RELEASE,30,74
H 26 52,RELEASE,243,516
H 26 53,RELEASE,242,561
H 26 54,SUPPRESS,11,0
H 26 55,SUPPRESS,6,0
H 26 56,RELEASE,12,33
H 26 57,SUPPRESS,4,0
H 26 58,RELEASE,18,39
H 26 59,RELEASE,14,45
H 26 60,SUPPRESS,4,0
H 26 61,RELEASE,15,41
H 26 62,SUPPRESS,5,0
H 26 63,SUPPRESS,1,0
H 26 64,SUPPRESS,7,0
H 26 65,SUPPRESS,6,0
H 26 66,RELEASE,11,32
H 26 67,SUPPRESS,9,0
H 26 68,SUPPRESS,5,0
H 26 69,SUPPRESS,7,0
H 26 70,SUPPRESS,4,0
H 26 72,SUPPRESS,2,0
H 26 77,SUPPRESS,1,0
H 26 78,RELEASE,13,31
H 26 79,RELEASE,10,31
H 26 80,RELEASE,14,40
H 26 81,SUPPRESS,5,0
H 26 82,SUPPRESS,3,0
H 26 83,RELEASE,31,86
H 26 84,RELEASE,398,786
H 26 85,RELEASE,425,965
H 26 86,RELEASE,19,48
H 26 87,SUPPRESS,10,0
H 27 20,SUPPRESS,1,0
H 27 22,SUPPRESS,8,0
H 27 23,RELEASE,14,33
H 27 24,SUPPRESS,10,0
H 27 25,RELEASE,16,46
H 27 26,RELEASE,11,32
H 27 27,RELEASE,70,153
H 27 28,RELEASE,42,82
H 27 29,RELEASE,15,46
H 27 30,SUPPRESS,2,0
H 27 31,SUPPRESS,8,0
H 27 34,SUPPRESS,1,0
H 27 35,SUPPRESS,5,0
H 27 36,SUPPRESS,5,0
H 27 37,SUPPRESS,4,0
H 27 38,SUPPRESS,4,0
H 27 39,SUPPRESS,4,0
H 27 40,RELEASE,30,94
H 27 41,RELEASE,124,279
H 27 42,SUPPRESS,5,0
H 27 43,RELEASE,21,68
H 27 44,RELEASE,14,46
H 27 45,RELEASE,21,62
H 27 46,RELEASE,20,45
H 27 47,SUPPRESS,12,0
H 27 48,RELEASE,11,33
H 27 49,SUPPRESS,4,0
H 27 50,SUPPRESS,6,0
H 27 51,SUPPRESS,9,0
H 27 52,RELEASE,14,30
H 27 53,RELEASE,13,44
H 27 54,SUPPRESS,10,0
H 27 55,SUPPRESS,9,0
H 27 56,SUPPRESS,5,0
H 27 57,RELEASE,10,33
H 27 58,SUPPRESS,8,0
H 27 59,RELEASE,11,32
H 27 60,RELEASE,11,36
H 27 61,RELEASE,15,45
H 27 62,SUPPRESS,7,0
H 27 63,SUPPRESS,12,0
H 27 64,SUPPRESS,3,0
H 27 66,RELEASE,59,122
H 27 67,SUPPRESS,12,0
H 27 70,SUPPRESS,9,0
H 27 72,SUPPRESS,5,0
H 27 73,SUPPRESS,1,0
H 27 74,SUPPRESS,2,0
H 27 78,SUPPRESS,7,0
H 27 79,RELEASE,17,45
H 27 80,SUPPRESS,11,0
H 27 81,RELEASE,26,70
H 27 82,RELEASE,31,70
H 27 83,SUPPRESS,9,0
H 27 84,RELEASE,75,158
H 27 85,RELEASE,10,32
H 27 86,SUPPRESS,5,0
H 27 87,SUPPRESS,8,0
H 27 89,SUPPRESS,1,0
H 28 20,SUPPRESS,7,0
H 28 21,SUPPRESS,5,0
H 28 22,SUPPRESS,8,0
H 28 23,RELEASE,12,36
H 28 24,SUPPRESS,10,0
H 28 25,RELEASE,11,31
H 28 26,RELEASE,38,125
H 28 27,RELEASE,160,393
H 28 28,RELEASE,18,50
H 28 29,SUPPRESS,9,0
H 28 30,SUPPRESS,9,0
H 28 31,SUPPRESS,2,0
H 28 34,SUPPRESS,1,0
H 28 35,SUPPRESS,2,0
H 28 36,SUPPRESS,1,0
H 28 37,SUPPRESS,2,0
H 28 38,SUPPRESS,2,0
H 28 39,SUPPRESS,10,0
H 28 40,RELEASE,13,42
H 28 41,RELEASE,20,48
H 28 42,RELEASE,11,39
H 28 43,RELEASE,19,63
H 28 44,RELEASE,18,60
H 28 45,RELEASE,27,73
H 28 46,RELEASE,12,36
H 28 47,RELEASE,15,49
H 28 48,SUPPRESS,4,0
H 28 49,RELEASE,15,42
H 28 50,RELEASE,19,67
H 28 51,RELEASE,10,30
H 28 52,SUPPRESS,6,0
H 28 53,RELEASE,13,31
H 28 54,SUPPRESS,6,0
H 28 55,SUPPRESS,8,0
H 28 56,SUPPRESS,3,0
H 28 57,SUPPRESS,7,0
H 28 58,RELEASE,29,89
H 28 59,SUPPRESS,11,0
H 28 60,RELEASE,24,70
H 28 61,RELEASE,14,39
H 28 62,SUPPRESS,10,0
H 28 63,SUPPRESS,4,0
H 28 64,SUPPRESS,9,0
H 28 65,SUPPRESS,6,0
H 28 66,RELEASE,12,31
H 28 67,SUPPRESS,4,0
H 28 70,RELEASE,10,37
H 28 72,SUPPRESS,1,0
H 28 73,SUPPRESS,4,0
H 28 74,SUPPRESS,4,0
H 28 75,SUPPRESS,1,0
H 28 77,SUPPRESS,1,0
H 28 78,RELEASE,13,33
H 28 79,RELEASE,13,41
H 28 80,RELEASE,18,45
H 28 81,RELEASE,15,46
H 28 82,RELEASE,17,45
H 28 83,SUPPRESS,5,0
H 28 84,RELEASE,39,90
H 28 85,RELEASE,94,217
H 28 86,SUPPRESS,8,0
H 28 87,SUPPRESS,5,0
H 29 19,SUPPRESS,1,0
H 29 20,SUPPRESS,7,0
H 29 21,SUPPRESS,4,0
H 29 22,RELEASE,17,51
H 29 23,SUPPRESS,8,0
H 29 24,SUPPRESS,8,0
H 29 25,SUPPRESS,11,0
H 29 26,SUPPRESS,4,0
H 29 27,SUPPRESS,7,0
H 29 28,SUPPRESS,6,0
H 29 29,SUPPRESS,6,0
H 29 30,SUPPRESS,8,0
H 29 31,SUPPRESS,5,0
H 29 35,SUPPRESS,4,0
H 29 36,SUPPRESS,7,0
H 29 37,RELEASE,11,32
H 29 38,SUPPRESS,7,0
H 29 39,RELEASE,38,90
H 29 40,RELEASE,97,254
H 29 41,RELEASE,77,178
H 29 42,RELEASE,14,38
H 29 43,SUPPRESS,3,0
H 29 44,RELEASE,16,61
H 29 45,RELEASE,16,41
H 29 46,RELEASE,27,66
H 29 47,SUPPRESS,3,0
H 29 48,SUPPRESS,8,0
H 29 49,SUPPRESS,8,0
H 29 50,RELEASE,23,78
H 29 51,RELEASE,23,57
H 29 52,RELEASE,15,44
H 29 53,RELEASE,10,33
H 29 54,RELEASE,25,64
H 29 55,RELEASE,18,43
H 29 56,SUPPRESS,9,0
H 29 57,SUPPRESS,9,0
H 29 58,SUPPRESS,4,0
H 29 59,SUPPRESS,10,0
H 29 60,SUPPRESS,5,0
H 29 61,RELEASE,31,85
H 29 62,SUPPRESS,3,0
H 29 63,SUPPRESS,5,0
H 29 64,SUPPRESS,5,0
H 29 65,SUPPRESS,6,0
H 29 66,SUPPRESS,3,0
H 29 67,SUPPRESS,2,0
H 29 70,SUPPRESS,4,0
H 29 73,RELEASE,16,50
H 29 74,SUPPRESS,6,0
H 29 75,SUPPRESS,2,0
H 29 78,RELEASE,11,31
H 29 79,SUPPRESS,7,0
H 29 81,SUPPRESS,8,0
H 29 82,SUPPRESS,8,0
H 29 83,RELEASE,11,38
H 29 84,RELEASE,58,132
H 29 85,RELEASE,132,381
H 29 86,SUPPRESS,8,0
H 29 87,RELEASE,11,32
H 29 89,SUPPRESS,3,0
H 29 91,RELEASE,17,55
H 29 92,SUPPRESS,8,0
H 29 93,RELEASE,50,123
H 29 94,RELEASE,188,455
H 30 20,SUPPRESS,6,0
H 30 21,SUPPRESS,5,0
H 30 22,RELEASE,42,120
H 30 23,SUPPRESS,3,0
H 30 24,SUPPRESS,9,0
H 30 25,SUPPRESS,2,0
H 30 26,SUPPRESS,7,0
H 30 27,SUPPRESS,7,0
H 30 28,SUPPRESS,9,0
H 30 29,SUPPRESS,6,0
H 30 30,SUPPRESS,8,0
H 30 32,SUPPRESS,1,0
H 30 34,SUPPRESS,4,0
H 30 35,RELEASE,12,32
H 30 36,SUPPRESS,9,0
H 30 37,SUPPRESS,10,0
H 30 38,RELEASE,20,61
H 30 39,RELEASE,10,37
H 30 40,RELEASE,104,241
H 30 41,RELEASE,200,439
H 30 42,RELEASE,26,56
H 30 43,RELEASE,18,56
H 30 44,SUPPRESS,2,0
H 30 45,SUPPRESS,2,0
H 30 46,RELEASE,11,35
H 30 47,SUPPRESS,9,0
H 30 48,SUPPRESS,7,0
H 30 49,SUPPRESS,3,0
H 30 50,RELEASE,14,51
H 30 51,SUPPRESS,10,0
H 30 52,RELEASE,13,40
H 30 53,SUPPRESS,7,0
H 30 54,RELEASE,17,35
H 30 55,SUPPRESS,2,0
H 30 56,SUPPRESS,13,0
H 30 57,RELEASE,18,46
H 30 58,SUPPRESS,11,0
H 30 59,SUPPRESS,4,0
H 30 60,SUPPRESS,4,0
H 30 61,SUPPRESS,8,0
H 30 62,SUPPRESS,3,0
H 30 63,RELEASE,13,31
H 30 64,SUPPRESS,8,0
H 30 65,SUPPRESS,5,0
H 30 66,SUPPRESS,7,0
H 30 70,SUPPRESS,1,0
H 30 71,SUPPRESS,5,0
H 30 73,SUPPRESS,8,0
H 30 74,SUPPRESS,4,0
H 30 75,SUPPRESS,4,0
H 30 76,SUPPRESS,5,0
H 30 77,SUPPRESS,3,0
H 30 78,SUPPRESS,8,0
H 30 81,SUPPRESS,5,0
H 30 82,SUPPRESS,1,0
H 30 83,RELEASE,13,40
H 30 84,RELEASE,12,31
H 30 85,SUPPRESS,5,0
H 30 86,RELEASE,14,46
H 30 87,SUPPRESS,6,0
H 30 88,SUPPRESS,3,0
H 30 89,RELEASE,14,39
H 30 90,SUPPRESS,8,0
H 30 91,SUPPRESS,7,0
H 30 92,SUPPRESS,13,0
H 30 93,RELEASE,16,41
H 30 94,RELEASE,43,124
H 30 95,SUPPRESS,4,0
H 31 20,SUPPRESS,1,0
H 31 21,SUPPRESS,7,0
H 31 22,RELEASE,38,114
H 31 23,SUPPRESS,9,0
H 31 24,SUPPRESS,2,0
H 31 25,SUPPRESS,7,0
H 31 26,SUPPRESS,8,0
H 31 27,RELEASE,19,50
H 31 28,SUPPRESS,7,0
H 31 31,SUPPRESS,1,0
H 31 32,SUPPRESS,7,0
H 31 33,SUPPRESS,1,0
H 31 34,RELEASE,14,45
H 31 35,RELEASE,10,30
H 31 36,RELEASE,11,30
H 31 37,RELEASE,12,44
H 31 38,SUPPRESS,8,0
H 31 39,RELEASE,14,35
H 31 40,RELEASE,12,36
H 31 41,RELEASE,22,75
H 31 42,RELEASE,13,39
H 31 43,SUPPRESS,5,0
H 31 44,SUPPRESS,4,0
H 31 45,SUPPRESS,8,0
H 31 46,RELEASE,11,33
H 31 47,SUPPRESS,9,0
H 31 48,SUPPRESS,7,0
H 31 49,SUPPRESS,4,0
H 31 50,RELEASE,10,40
H 31 51,SUPPRESS,3,0
H 31 52,RELEASE,15,51
H 31 53,RELEASE,14,37
H 31 54,SUPPRESS,9,0
H 31 55,SUPPRESS,9,0
H 31 56,RELEASE,13,40
H 31 57,SUPPRESS,9,0
H 31 58,SUPPRESS,2,0
H 31 59,SUPPRESS,3,0
H 31 60,RELEASE,12,32
H 31 61,SUPPRESS,3,0
H 31 62,SUPPRESS,10,0
H 31 63,SUPPRESS,11,0
H 31 64,SUPPRESS,9,0
H 31 65,SUPPRESS,5,0
H 31 66,SUPPRESS,9,0
H 31 68,SUPPRESS,1,0
H 31 70,SUPPRESS,4,0
H 31 71,SUPPRESS,2,0
H 31 72,SUPPRESS,2,0
H 31 73,RELEASE,10,37
H 31 74,RELEASE,11,39
H 31 75,SUPPRESS,4,0
H 31 76,RELEASE,13,35
H 31 77,SUPPRESS,6,0
H 31 78,SUPPRESS,6,0
H 31 79,SUPPRESS,2,0
H 31 80,RELEASE,16,46
H 31 81,SUPPRESS,9,0
H 31 82,SUPPRESS,6,0
H 31 83,SUPPRESS,6,0
H 31 84,RELEASE,18,42
H 31 85,SUPPRESS,7,0
H 31 86,SUPPRESS,8,0
H 31 87,RELEASE,10,31
H 31 88,SUPPRESS,4,0
H 31 89,SUPPRESS,6,0
H 31 90,SUPPRESS,8,0
H 31 91,SUPPRESS,6,0
H 31 92,RELEASE,25,69
H 31 93,RELEASE,28,80
H 31 94,SUPPRESS,10,0
H 31 95,SUPPRESS,9,0
H 32 20,SUPPRESS,7,0
H 32 21,SUPPRESS,7,0
H 32 22,SUPPRESS,2,0
H 32 23,SUPPRESS,6,0
H 32 24,SUPPRESS,7,0
H 32 25,SUPPRESS,6,0
H 32 26,SUPPRESS,4,0
H 32 27,SUPPRESS,6,0
H 32 28,SUPPRESS,4,0
H 32 30,SUPPRESS,1,0
H 32 31,SUPPRESS,1,0
H 32 32,SUPPRESS,7,0
H 32 33,SUPPRESS,9,0
H 32 34,SUPPRESS,3,0
H 32 35,RELEASE,17,41
H 32 36,RELEASE,19,48
H 32 37,RELEASE,13,44
H 32 38,RELEASE,24,65
H 32 39,RELEASE,16,51
H 32 40,SUPPRESS,8,0
H 32 41,RELEASE,12,33
H 32 42,RELEASE,17,46
H 32 43,RELEASE,15,34
H 32 44,SUPPRESS,9,0
H 32 45,SUPPRESS,5,0
H 32 46,RELEASE,17,46
H 32 47,SUPPRESS,1,0
H 32 48,SUPPRESS,9,0
H 32 49,SUPPRESS,5,0
H 32 50,SUPPRESS,2,0
H 32 51,SUPPRESS,3,0
H 32 52,SUPPRESS,3,0
H 32 53,SUPPRESS,9,0
H 32 54,SUPPRESS,9,0
H 32 55,SUPPRESS,11,0
H 32 56,SUPPRESS,6,0
H 32 57,SUPPRESS,2,0
H 32 58,SUPPRESS,2,0
H 32 59,SUPPRESS,9,0
H 32 60,SUPPRESS,8,0
H 32 61,RELEASE,15,37
H 32 62,SUPPRESS,10,0
H 32 63,RELEASE,20,49
H 32 64,RELEASE,20,47
H 32 65,RELEASE,12,35
H 32 66,SUPPRESS,1,0
H 32 67,SUPPRESS,7,0
H 32 70,RELEASE,14,36
H 32 71,RELEASE,15,43
H 32 72,RELEASE,49,118
H 32 73,RELEASE,11,37
H 32 74,RELEASE,66,129
H 32 75,RELEASE,13,30
H 32 76,SUPPRESS,8,0
H 32 77,RELEASE,12,33
H 32 78,SUPPRESS,5,0
H 32 79,SUPPRESS,7,0
H 32 80,RELEASE,11,31
H 32 82,SUPPRESS,6,0
H 32 83,SUPPRESS,5,0
H 32 84,SUPPRESS,3,0
H 32 85,SUPPRESS,5,0
H 32 86,RELEASE,11,30
H 32 87,SUPPRESS,9,0
H 32 88,SUPPRESS,2,0
H 32 89,SUPPRESS,2,0
H 32 90,SUPPRESS,4,0
H 32 91,SUPPRESS,9,0
H 32 92,RELEASE,25,80
H 32 93,RELEASE,225,622
H 32 94,SUPPRESS,10,0
H 32 95,SUPPRESS,9,0
H 32 96,SUPPRESS,10,0
H 32 97,SUPPRESS,8,0
H 33 19,SUPPRESS,2,0
H 33 20,RELEASE,12,41
H 33 21,SUPPRESS,3,0
H 33 22,SUPPRESS,3,0
H 33 23,SUPPRESS,2,0
H 33 24,SUPPRESS,5,0
H 33 25,SUPPRESS,4,0
H 33 26,RELEASE,10,35
H 33 27,SUPPRESS,4,0
H 33 28,SUPPRESS,8,0
H 33 31,SUPPRESS,3,0
H 33 32,SUPPRESS,10,0
H 33 33,SUPPRESS,9,0
H 33 34,SUPPRESS,9,0
H 33 35,RELEASE,24,70
H 33 36,SUPPRESS,8,0
H 33 37,SUPPRESS,10,0
H 33 38,RELEASE,16,54
H 33 39,SUPPRESS,7,0
H 33 40,SUPPRESS,4,0
H 33 41,SUPPRESS,8,0
H 33 42,SUPPRESS,11,0
H 33 43,SUPPRESS,6,0
H 33 44,SUPPRESS,6,0
H 33 45,SUPPRESS,10,0
H 33 46,RELEASE,19,46
H 33 47,SUPPRESS,2,0
H 33 48,RELEASE,12,41
H 33 49,SUPPRESS,2,0
H 33 50,RELEASE,11,37
H 33 51,RELEASE,10,35
H 33 52,SUPPRESS,4,0
H 33 53,RELEASE,19,74
H 33 54,SUPPRESS,8,0
H 33 55,RELEASE,70,176
H 33 56,RELEASE,70,147
H 33 57,SUPPRESS,6,0
H 33 58,SUPPRESS,1,0
H 33 59,SUPPRESS,9,0
H 33 60,SUPPRESS,2,0
H 33 61,RELEASE,10,41
H 33 62,SUPPRESS,7,0
H 33 63,RELEASE,10,32
H 33 64,RELEASE,15,48
H 33 65,SUPPRESS,3,0
H 33 68,SUPPRESS,10,0
H 33 69,SUPPRESS,4,0
H 33 70,SUPPRESS,5,0
H 33 71,RELEASE,18,56
H 33 72,SUPPRESS,9,0
H 33 73,RELEASE,35,100
H 33 74,RELEASE,164,367
H 33 75,SUPPRESS,10,0
H 33 76,SUPPRESS,4,0
H 33 79,SUPPRESS,9,0
H 33 80,RELEASE,34,104
H 33 81,SUPPRESS,9,0
H 33 82,SUPPRESS,2,0
H 33 83,SUPPRESS,2,0
H 33 84,SUPPRESS,3,0
H 33 85,SUPPRESS,3,0
H 33 86,RELEASE,17,41
H 33 87,SUPPRESS,3,0
H 33 88,SUPPRESS,5,0
H 33 89,RELEASE,13,35
H 33 90,SUPPRESS,7,0
H 33 91,RELEASE,14,38
H 33 92,RELEASE,196,472
H 33 93,RELEASE,654,1416
H 33 94,SUPPRESS,9,0
H 33 95,RELEASE,308,991
H 33 96,RELEASE,824,2182
H 33 97,RELEASE,708,1770
H 34 19,SUPPRESS,1,0
H 34 20,SUPPRESS,2,0
H 34 21,SUPPRESS,2,0
H 34 22,SUPPRESS,3,0
H 34 23,SUPPRESS,2,0
H 34 27,SUPPRESS,8,0
H 34 28,RELEASE,17,46
H 34 29,SUPPRESS,4,0
H 34 30,SUPPRESS,10,0
H 34 31,SUPPRESS,7,0
H 34 33,SUPPRESS,5,0
H 34 34,SUPPRESS,9,0
H 34 35,RELEASE,36,116
H 34 36,SUPPRESS,9,0
H 34 37,RELEASE,12,35
H 34 38,RELEASE,249,587
H 34 39,RELEASE,17,45
H 34 40,RELEASE,11,39
H 34 41,SUPPRESS,6,0
H 34 42,RELEASE,19,50
H 34 43,SUPPRESS,9,0
H 34 44,SUPPRESS,9,0
H 34 45,SUPPRESS,5,0
H 34 46,RELEASE,26,74
H 34 47,RELEASE,52,131
H 34 48,RELEASE,47,112
H 34 49,SUPPRESS,9,0
H 34 50,RELEASE,23,59
H 34 51,SUPPRESS,1,0
H 34 53,SUPPRESS,7,0
H 34 54,RELEASE,12,41
H 34 55,SUPPRESS,9,0
H 34 56,RELEASE,20,68
H 34 57,SUPPRESS,8,0
H 34 58,SUPPRESS,8,0
H 34 59,SUPPRESS,9,0
H 34 60,SUPPRESS,2,0
H 34 61,RELEASE,10,38
H 34 62,RELEASE,111,270
H 34 63,RELEASE,86,184
H 34 64,SUPPRESS,3,0
H 34 65,SUPPRESS,9,0
H 34 66,SUPPRESS,5,0
H 34 67,SUPPRESS,1,0
H 34 68,RELEASE,13,47
H 34 69,SUPPRESS,8,0
H 34 72,SUPPRESS,3,0
H 34 73,RELEASE,18,55
H 34 74,RELEASE,12,34
H 34 75,SUPPRESS,7,0
H 34 76,SUPPRESS,3,0
H 34 77,SUPPRESS,4,0
H 34 78,SUPPRESS,6,0
H 34 79,SUPPRESS,1,0
H 34 80,SUPPRESS,8,0
H 34 82,SUPPRESS,7,0
H 34 83,RELEASE,23,57
H 34 84,SUPPRESS,2,0
H 34 85,SUPPRESS,6,0
H 34 86,SUPPRESS,4,0
H 34 87,RELEASE,23,60
H 34 88,SUPPRESS,2,0
H 34 89,SUPPRESS,8,0
H 34 90,RELEASE,107,251
H 34 91,RELEASE,14,33
H 34 92,RELEASE,110,294
H 34 93,RELEASE,67,163
H 34 94,SUPPRESS,5,0
H 34 95,RELEASE,107,283
H 34 96,RELEASE,778,1865
H 34 97,RELEASE,1390,2707
H 34 98,RELEASE,233,601
H 34 99,SUPPRESS,5,0
H 35 22,SUPPRESS,2,0
H 35 23,SUPPRESS,1,0
H 35 24,SUPPRESS,9,0
H 35 25,SUPPRESS,2,0
H 35 26,SUPPRESS,5,0
H 35 27,SUPPRESS,9,0
H 35 28,SUPPRESS,3,0
H 35 29,SUPPRESS,9,0
H 35 30,RELEASE,20,50
H 35 31,SUPPRESS,7,0
H 35 32,SUPPRESS,4,0
H 35 33,RELEASE,46,134
H 35 34,RELEASE,363,847
H 35 35,RELEASE,75,213
H 35 36,RELEASE,12,31
H 35 37,RELEASE,36,109
H 35 38,RELEASE,167,404
H 35 39,RELEASE,21,52
H 35 40,RELEASE,17,51
H 35 41,RELEASE,16,44
H 35 42,RELEASE,10,31
H 35 43,SUPPRESS,8,0
H 35 44,SUPPRESS,6,0
H 35 45,SUPPRESS,5,0
H 35 46,SUPPRESS,6,0
H 35 47,RELEASE,78,161
H 35 48,RELEASE,76,189
H 35 49,SUPPRESS,9,0
H 35 50,SUPPRESS,6,0
H 35 51,SUPPRESS,2,0
H 35 53,SUPPRESS,2,0
H 35 54,RELEASE,18,58
H 35 55,SUPPRESS,3,0
H 35 56,SUPPRESS,4,0
H 35 57,SUPPRESS,3,0
H 35 58,SUPPRESS,3,0
H 35 59,SUPPRESS,4,0
H 35 60,SUPPRESS,9,0
H 35 61,RELEASE,21,55
H 35 62,RELEASE,132,282
H 35 63,RELEASE,205,496
H 35 64,SUPPRESS,6,0
H 35 65,RELEASE,14,47
H 35 66,RELEASE,18,54
H 35 67,SUPPRESS,6,0
H 35 68,SUPPRESS,6,0
H 35 69,SUPPRESS,1,0
H 35 72,SUPPRESS,6,0
H 35 73,RELEASE,15,38
H 35 74,SUPPRESS,1,0
H 35 75,SUPPRESS,8,0
H 35 76,SUPPRESS,3,0
H 35 77,SUPPRESS,2,0
H 35 78,SUPPRESS,4,0
H 35 79,SUPPRESS,5,0
H 35 81,SUPPRESS,4,0
H 35 83,SUPPRESS,1,0
H 35 85,SUPPRESS,3,0
H 35 86,RELEASE,10,30
H 35 87,RELEASE,79,192
H 35 88,SUPPRESS,8,0
H 35 89,SUPPRESS,7,0
H 35 90,RELEASE,63,169
H 35 91,RELEASE,32,83
H 35 92,RELEASE,18,54
H 35 93,RELEASE,24,62
H 35 94,SUPPRESS,7,0
H 35 95,SUPPRESS,6,0
H 35 96,RELEASE,117,276
H 35 97,RELEASE,642,1573
H 35 98,RELEASE,204,586
H 35 99,RELEASE,267,740
H 36 24,SUPPRESS,2,0
H 36 25,SUPPRESS,1,0
H 36 26,SUPPRESS,4,0
H 36 27,SUPPRESS,8,0
H 36 28,SUPPRESS,8,0
H 36 29,SUPPRESS,2,0
H 36 30,SUPPRESS,7,0
H 36 31,RELEASE,16,54
H 36 32,RELEASE,115,320
H 36 33,RELEASE,482,1049
H 36 34,RELEASE,127,289
H 36 35,RELEASE,44,117
H 36 36,SUPPRESS,6,0
H 36 37,RELEASE,12,34
H 36 38,SUPPRESS,2,0
H 36 39,RELEASE,19,51
H 36 40,SUPPRESS,11,0
H 36 41,SUPPRESS,9,0
H 36 42,RELEASE,14,39
H 36 43,SUPPRESS,4,0
H 36 44,SUPPRESS,8,0
H 36 45,RELEASE,12,40
H 36 46,RELEASE,16,47
H 36 47,SUPPRESS,7,0
H 36 48,RELEASE,14,39
H 36 49,RELEASE,15,48
H 36 50,SUPPRESS,8,0
H 36 54,RELEASE,12,43
H 36 55,RELEASE,13,37
H 36 56,SUPPRESS,3,0
H 36 57,SUPPRESS,3,0
H 36 58,SUPPRESS,5,0
H 36 59,SUPPRESS,4,0
H 36 60,RELEASE,14,51
H 36 61,SUPPRESS,10,0
H 36 62,RELEASE,17,56
H 36 63,RELEASE,20,74
H 36 64,SUPPRESS,10,0
H 36 65,SUPPRESS,5,0
H 36 66,RELEASE,32,92
H 36 67,SUPPRESS,5,0
H 36 68,RELEASE,12,49
H 36 72,SUPPRESS,5,0
H 36 73,SUPPRESS,13,0
H 36 74,SUPPRESS,1,0
H 36 75,SUPPRESS,10,0
H 36 76,SUPPRESS,1,0
H 36 77,SUPPRESS,9,0
H 36 78,SUPPRESS,7,0
H 36 79,SUPPRESS,9,0
H 36 81,SUPPRESS,4,0
H 36 82,SUPPRESS,6,0
H 36 83,SUPPRESS,1,0
H 36 84,SUPPRESS,7,0
H 36 85,SUPPRESS,5,0
H 36 86,RELEASE,14,40
H 36 87,RELEASE,11,39
H 36 88,SUPPRESS,6,0
H 36 89,SUPPRESS,1,0
H 36 90,SUPPRESS,7,0
H 36 91,SUPPRESS,7,0
H 36 92,RELEASE,15,42
H 36 93,SUPPRESS,10,0
H 36 95,SUPPRESS,6,0
H 36 96,RELEASE,13,37
H 36 97,SUPPRESS,6,0
H 36 98,RELEASE,12,43
H 36 99,RELEASE,17,41
H 37 24,SUPPRESS,1,0
H 37 25,SUPPRESS,1,0
H 37 26,SUPPRESS,1,0
H 37 27,SUPPRESS,5,0
H 37 28,RELEASE,21,71
H 37 29,SUPPRESS,11,0
H 37 30,RELEASE,15,52
H 37 31,RELEASE,15,41
H 37 32,RELEASE,19,46
H 37 33,RELEASE,19,53
H 37 34,RELEASE,12,36
H 37 35,SUPPRESS,10,0
H 37 36,SUPPRESS,10,0
H 37 37,SUPPRESS,8,0
H 37 38,SUPPRESS,6,0
H 37 39,SUPPRESS,4,0
H 37 40,SUPPRESS,9,0
H 37 41,SUPPRESS,7,0
H 37 42,RELEASE,12,31
H 37 43,SUPPRESS,5,0
H 37 44,RELEASE,14,39
H 37 45,SUPPRESS,9,0
H 37 46,SUPPRESS,9,0
H 37 47,RELEASE,13,44
H 37 48,SUPPRESS,4,0
H 37 49,RELEASE,17,48
H 37 50,RELEASE,18,46
H 37 51,SUPPRESS,8,0
H 37 52,RELEASE,12,31
H 37 53,SUPPRESS,2,0
H 37 55,SUPPRESS,4,0
H 37 56,SUPPRESS,1,0
H 37 57,SUPPRESS,8,0
H 37 58,SUPPRESS,3,0
H 37 59,SUPPRESS,5,0
H 37 60,SUPPRESS,2,0
H 37 61,SUPPRESS,2,0
H 37 62,RELEASE,11,37
H 37 63,SUPPRESS,5,0
H 37 64,SUPPRESS,10,0
H 37 65,SUPPRESS,5,0
H 37 66,RELEASE,10,33
H 37 67,RELEASE,18,64
H 37 68,RELEASE,13,37
H 37 72,SUPPRESS,5,0
H 37 73,RELEASE,13,42
H 37 74,SUPPRESS,10,0
H 37 75,SUPPRESS,3,0
H 37 76,SUPPRESS,8,0
H 37 77,SUPPRESS,3,0
H 37 78,RELEASE,13,32
H 37 80,SUPPRESS,2,0
H 37 83,SUPPRESS,3,0
H 37 84,RELEASE,19,44
H 37 85,SUPPRESS,4,0
H 37 86,RELEASE,22,48
H 37 87,SUPPRESS,6,0
H 37 88,SUPPRESS,2,0
H 37 89,RELEASE,18,49
H 37 90,RELEASE,57,158
H 37 93,SUPPRESS,3,0
H 37 94,SUPPRESS,5,0
H 37 95,SUPPRESS,5,0
H 37 96,SUPPRESS,9,0
H 37 97,SUPPRESS,9,0
H 37 98,RELEASE,21,74
H 37 99,RELEASE,18,44
H 38 23,SUPPRESS,1,0
H 38 24,SUPPRESS,2,0
H 38 25,SUPPRESS,7,0
H 38 26,SUPPRESS,5,0
H 38 27,RELEASE,14,41
H 38 28,RELEASE,13,35
H 38 29,SUPPRESS,7,0
H 38 30,SUPPRESS,9,0
H 38 31,RELEASE,18,48
H 38 32,RELEASE,11,38
H 38 33,SUPPRESS,6,0
H 38 34,SUPPRESS,5,0
H 38 35,SUPPRESS,3,0
H 38 36,SUPPRESS,5,0
H 38 37,SUPPRESS,7,0
H 38 38,SUPPRESS,6,0
H 38 39,SUPPRESS,9,0
H 38 40,RELEASE,176,374
H 38 41,RELEASE,28,88
H 38 42,RELEASE,16,44
H 38 43,SUPPRESS,5,0
H 38 44,SUPPRESS,8,0
H 38 45,SUPPRESS,9,0
H 38 46,RELEASE,10,33
H 38 47,RELEASE,13,40
H 38 48,SUPPRESS,4,0
H 38 49,SUPPRESS,7,0
H 38 50,RELEASE,12,33
H 38 51,RELEASE,11,36
H 38 52,RELEASE,16,49
H 38 53,SUPPRESS,6,0
H 38 55,SUPPRESS,8,0
H 38 56,SUPPRESS,8,0
H 38 57,SUPPRESS,3,0
H 38 58,RELEASE,13,43
H 38 59,RELEASE,14,36
H 38 60,SUPPRESS,3,0
H 38 61,SUPPRESS,7,0
H 38 62,RELEASE,10,32
H 38 63,RELEASE,12,37
H 38 64,RELEASE,11,30
H 38 65,SUPPRESS,3,0
H 38 66,RELEASE,17,49
H 38 67,RELEASE,12,38
H 38 68,RELEASE,28,105
H 38 69,RELEASE,12,37
H 38 70,SUPPRESS,2,0
H 38 71,SUPPRESS,1,0
H 38 72,SUPPRESS,3,0
H 38 73,RELEASE,12,34
H 38 74,SUPPRESS,1,0
H 38 75,SUPPRESS,3,0
H 38 76,SUPPRESS,4,0
H 38 77,RELEASE,21,65
H 38 78,SUPPRESS,5,0
H 38 79,SUPPRESS,3,0
H 38 80,SUPPRESS,2,0
H 38 84,SUPPRESS,10,0
H 38 85,SUPPRESS,11,0
H 38 86,SUPPRESS,11,0
H 38 87,SUPPRESS,2,0
H 38 88,RELEASE,11,31
H 38 89,SUPPRESS,5,0
H 38 90,SUPPRESS,11,0
H 38 91,SUPPRESS,2,0
H 38 93,SUPPRESS,1,0
H 38 94,SUPPRESS,3,0
H 38 95,RELEASE,11,38
H 38 96,RELEASE,20,64
H 38 97,SUPPRESS,1,0
H 38 98,RELEASE,27,88
H 38 99,SUPPRESS,5,0
H 39 21,SUPPRESS,1,0
H 39 22,SUPPRESS,4,0
H 39 23,SUPPRESS,2,0
H 39 24,SUPPRESS,1,0
H 39 25,SUPPRESS,7,0
H 39 26,RELEASE,18,40
H 39 27,RELEASE,17,41
H 39 28,SUPPRESS,3,0
H 39 29,RELEASE,15,39
H 39 30,RELEASE,65,148
H 39 32,SUPPRESS,2,0
H 39 33,RELEASE,11,37
H 39 34,SUPPRESS,10,0
H 39 35,RELEASE,18,43
H 39 36,SUPPRESS,3,0
H 39 37,SUPPRESS,4,0
H 39 39,SUPPRESS,3,0
H 39 40,RELEASE,14,36
H 39 41,RELEASE,15,55
H 39 42,SUPPRESS,11,0
H 39 43,SUPPRESS,8,0
H 39 44,SUPPRESS,3,0
H 39 45,SUPPRESS,1,0
H 39 46,SUPPRESS,4,0
H 39 47,SUPPRESS,9,0
H 39 48,SUPPRESS,5,0
H 39 49,SUPPRESS,11,0
H 39 50,RELEASE,22,61
H 39 51,SUPPRESS,1,0
H 39 52,SUPPRESS,4,0
H 39 53,SUPPRESS,7,0
H 39 54,SUPPRESS,12,0
H 39 55,RELEASE,11,34
H 39 56,RELEASE,16,41
H 39 57,RELEASE,14,31
H 39 58,SUPPRESS,2,0
H 39 59,SUPPRESS,7,0
H 39 61,SUPPRESS,9,0
H 39 62,SUPPRESS,3,0
H 39 63,SUPPRESS,6,0
H 39 64,RELEASE,15,45
H 39 65,SUPPRESS,5,0
H 39 66,RELEASE,10,31
H 39 67,RELEASE,60,151
H 39 68,RELEASE,11,41
H 39 69,RELEASE,31,84
H 39 70,SUPPRESS,9,0
H 39 71,SUPPRESS,3,0
H 39 72,RELEASE,18,49
H 39 73,RELEASE,11,30
H 39 74,SUPPRESS,9,0
H 39 75,SUPPRESS,8,0
H 39 76,SUPPRESS,8,0
H 39 77,SUPPRESS,10,0
H 39 78,SUPPRESS,6,0
H 39 79,SUPPRESS,11,0
H 39 83,SUPPRESS,3,0
H 39 84,SUPPRESS,4,0
H 39 85,RELEASE,418,937
H 39 86,RELEASE,25,71
H 39 87,SUPPRESS,4,0
H 39 88,SUPPRESS,5,0
H 39 89,SUPPRESS,1,0
H 39 90,SUPPRESS,6,0
H 39 91,SUPPRESS,3,0
H 39 92,SUPPRESS,4,0
H 39 93,SUPPRESS,1,0
H 39 96,RELEASE,15,39
H 39 97,SUPPRESS,6,0
H 39 98,RELEASE,12,46
H 39 99,SUPPRESS,6,0
H 40 20,SUPPRESS,5,0
H 40 22,SUPPRESS,1,0
H 40 23,SUPPRESS,9,0
H 40 24,SUPPRESS,8,0
H 40 25,RELEASE,15,36
H 40 26,SUPPRESS,4,0
H 40 27,SUPPRESS,7,0
H 40 28,RELEASE,12,30
H 40 29,RELEASE,15,40
H 40 30,SUPPRESS,12,0
H 40 32,RELEASE,17,47
H 40 33,SUPPRESS,4,0
H 40 34,RELEASE,22,70
H 40 35,RELEASE,37,104
H 40 36,SUPPRESS,8,0
H 40 38,SUPPRESS,8,0
H 40 40,RELEASE,19,49
H 40 41,SUPPRESS,5,0
H 40 42,RELEASE,18,53
H 40 43,SUPPRESS,9,0
H 40 44,SUPPRESS,2,0
H 40 45,SUPPRESS,2,0
H 40 46,SUPPRESS,7,0
H 40 47,SUPPRESS,3,0
H 40 49,SUPPRESS,5,0
H 40 50,RELEASE,76,224
H 40 51,SUPPRESS,3,0
H 40 52,SUPPRESS,3,0
H 40 55,SUPPRESS,2,0
H 40 56,RELEASE,14,36
H 40 57,RELEASE,13,55
H 40 58,SUPPRESS,11,0
H 40 59,SUPPRESS,7,0
H 40 60,SUPPRESS,2,0
H 40 61,RELEASE,12,43
H 40 62,SUPPRESS,3,0
H 40 63,SUPPRESS,8,0
H 40 64,RELEASE,11,35
H 40 65,RELEASE,13,50
H 40 66,RELEASE,12,35
H 40 67,RELEASE,20,62
H 40 68,RELEASE,31,86
H 40 69,RELEASE,21,57
H 40 70,RELEASE,10,33
H 40 71,SUPPRESS,5,0
H 40 72,RELEASE,11,39
H 40 73,RELEASE,24,71
H 40 74,SUPPRESS,4,0
H 40 75,RELEASE,10,33
H 40 76,RELEASE,10,30
H 40 77,SUPPRESS,6,0
H 40 78,SUPPRESS,7,0
H 40 79,SUPPRESS,6,0
H 40 82,SUPPRESS,5,0
H 40 83,SUPPRESS,6,0
H 40 84,SUPPRESS,6,0
H 40 85,RELEASE,201,459
H 40 86,SUPPRESS,17,0
H 40 87,SUPPRESS,8,0
H 40 88,SUPPRESS,7,0
H 40 89,RELEASE,10,31
H 40 91,SUPPRESS,7,0
H 40 93,SUPPRESS,6,0
H 40 94,SUPPRESS,3,0
H 40 97,SUPPRESS,4,0
H 40 98,SUPPRESS,7,0
H 40 99,RELEASE,16,46
H 41 20,SUPPRESS,6,0
H 41 21,SUPPRESS,5,0
H 41 22,SUPPRESS,7,0
H 41 23,SUPPRESS,4,0
H 41 24,SUPPRESS,5,0
H 41 25,RELEASE,20,52
H 41 26,RELEASE,251,549
H 41 27,SUPPRESS,8,0
H 41 28,RELEASE,16,58
H 41 29,RELEASE,11,33
H 41 30,SUPPRESS,8,0
H 41 31,SUPPRESS,8,0
H 41 32,RELEASE,16,52
H 41 33,SUPPRESS,1,0
H 41 35,RELEASE,22,78
H 41 36,SUPPRESS,9,0
H 41 37,SUPPRESS,2,0
H 41 38,SUPPRESS,8,0
H 41 39,SUPPRESS,2,0
H 41 40,RELEASE,12,33
H 41 41,SUPPRESS,5,0
H 41 42,RELEASE,13,39
H 41 43,SUPPRESS,12,0
H 41 44,SUPPRESS,0,0
H 41 45,SUPPRESS,2,0
H 41 46,SUPPRESS,8,0
H 41 47,RELEASE,11,38
H 41 48,SUPPRESS,4,0
H 41 49,RELEASE,10,50
H 41 50,RELEASE,53,147
H 41 56,SUPPRESS,1,0
H 41 57,RELEASE,16,36
H 41 58,RELEASE,14,50
H 41 59,SUPPRESS,6,0
H 41 60,SUPPRESS,2,0
H 41 61,SUPPRESS,7,0
H 41 62,SUPPRESS,6,0
H 41 63,SUPPRESS,7,0
H 41 64,SUPPRESS,8,0
H 41 65,SUPPRESS,3,0
H 41 66,SUPPRESS,6,0
H 41 67,SUPPRESS,8,0
H 41 68,RELEASE,10,111
H 41 69,RELEASE,51,141
H 41 70,SUPPRESS,8,0
H 41 71,SUPPRESS,8,0
H 41 72,RELEASE,12,30
H 41 73,SUPPRESS,8,0
H 41 74,RELEASE,23,58
H 41 75,SUPPRESS,3,0
H 41 76,SUPPRESS,8,0
H 41 77,RELEASE,10,35
H 41 78,RELEASE,10,30
H 41 79,SUPPRESS,8,0
H 41 80,RELEASE,10,37
H 41 81,SUPPRESS,9,0
H 41 82,SUPPRESS,4,0
H 41 83,SUPPRESS,7,0
H 41 84,SUPPRESS,3,0
H 41 85,RELEASE,15,33
H 41 86,RELEASE,14,43
H 41 87,SUPPRESS,2,0
H 41 88,SUPPRESS,9,0
H 41 89,RELEASE,13,41
H 41 90,SUPPRESS,3,0
H 41 92,SUPPRESS,1,0
H 41 93,RELEASE,17,55
H 41 94,SUPPRESS,4,0
H 41 95,SUPPRESS,2,0
H 41 98,SUPPRESS,1,0
H 41 99,RELEASE,70,212
H 42 19,SUPPRESS,3,0
H 42 20,SUPPRESS,5,0
H 42 21,SUPPRESS,5,0
H 42 22,SUPPRESS,6,0
H 42 23,SUPPRESS,3,0
H 42 24,SUPPRESS,11,0
H 42 25,RELEASE,71,169
H 42 26,RELEASE,129,318
H 42 27,RELEASE,12,44
H 42 28,SUPPRESS,2,0
H 42 29,SUPPRESS,3,0
H 42 30,RELEASE,11,32
H 42 31,SUPPRESS,2,0
H 42 32,SUPPRESS,6,0
H 42 33,SUPPRESS,5,0
H 42 35,SUPPRESS,4,0
H 42 36,SUPPRESS,5,0
H 42 37,SUPPRESS,1,0
H 42 40,RELEASE,10,30
H 42 41,SUPPRESS,6,0
H 42 42,RELEASE,14,50
H 42 43,RELEASE,17,47
H 42 44,RELEASE,15,38
H 42 45,RELEASE,11,33
H 42 46,SUPPRESS,7,0
H 42 47,SUPPRESS,7,0
H 42 48,SUPPRESS,3,0
H 42 49,SUPPRESS,4,0
H 42 50,SUPPRESS,4,0
H 42 51,SUPPRESS,7,0
H 42 57,SUPPRESS,5,0
H 42 58,SUPPRESS,7,0
H 42 59,RELEASE,18,51
H 42 60,SUPPRESS,3,0
H 42 61,RELEASE,17,57
H 42 62,SUPPRESS,6,0
H 42 63,SUPPRESS,9,0
H 42 64,SUPPRESS,5,0
H 42 65,RELEASE,11,36
H 42 66,SUPPRESS,11,0
H 42 67,SUPPRESS,6,0
H 42 68,RELEASE,13,37
H 42 69,RELEASE,21,43
H 42 70,RELEASE,13,34
H 42 71,RELEASE,26,73
H 42 72,RELEASE,12,36
H 42 73,RELEASE,33,82
H 42 74,SUPPRESS,5,0
H 42 75,RELEASE,18,39
H 42 76,SUPPRESS,10,0
H 42 77,RELEASE,33,88
H 42 78,RELEASE,26,70
H 42 79,SUPPRESS,6,0
H 42 80,SUPPRESS,6,0
H 42 81,SUPPRESS,5,0
H 42 82,SUPPRESS,4,0
H 42 83,SUPPRESS,5,0
H 42 84,SUPPRESS,4,0
H 42 85,SUPPRESS,2,0
H 42 86,SUPPRESS,3,0
H 42 87,SUPPRESS,4,0
H 42 88,SUPPRESS,1,0
H 42 89,SUPPRESS,6,0
H 42 90,SUPPRESS,1,0
H 42 93,SUPPRESS,3,0
H 42 94,SUPPRESS,7,0
H 42 98,RELEASE,20,60
H 42 99,SUPPRESS,9,0
H 43 18,SUPPRESS,1,0
H 43 19,SUPPRESS,7,0
H 43 20,SUPPRESS,11,0
H 43 21,SUPPRESS,6,0
H 43 22,SUPPRESS,4,0
H 43 23,SUPPRESS,6,0
H 43 24,SUPPRESS,6,0
H 43 25,SUPPRESS,8,0
H 43 26,SUPPRESS,8,0
H 43 27,SUPPRESS,1,0
H 43 28,SUPPRESS,0,0
H 43 29,SUPPRESS,4,0
H 43 30,SUPPRESS,6,0
H 43 31,SUPPRESS,6,0
H 43 32,SUPPRESS,4,0
H 43 36,SUPPRESS,1,0
H 43 37,SUPPRESS,2,0
H 43 38,SUPPRESS,1,0
H 43 40,SUPPRESS,3,0
H 43 41,SUPPRESS,3,0
H 43 42,RELEASE,11,31
H 43 43,SUPPRESS,2,0
H 43 44,SUPPRESS,7,0
H 43 45,SUPPRESS,4,0
H 43 46,SUPPRESS,5,0
H 43 47,RELEASE,97,264
H 43 48,RELEASE,57,155
H 43 49,SUPPRESS,3,0
H 43 50,SUPPRESS,3,0
H 43 51,SUPPRESS,8,0
H 43 52,SUPPRESS,0,0
H 43 57,SUPPRESS,4,0
H 43 58,SUPPRESS,10,0
H 43 59,RELEASE,14,36
H 43 60,RELEASE,32,71
H 43 61,RELEASE,81,172
H 43 62,SUPPRESS,6,0
H 43 63,SUPPRESS,10,0
H 43 64,SUPPRESS,5,0
H 43 65,SUPPRESS,7,0
H 43 66,RELEASE,11,38
H 43 67,RELEASE,13,36
H 43 68,SUPPRESS,3,0
H 43 69,SUPPRESS,4,0
H 43 70,SUPPRESS,4,0
H 43 71,RELEASE,305,780
H 43 72,RELEASE,513,1169
H 43 73,RELEASE,121,290
H 43 74,RELEASE,146,371
H 43 75,SUPPRESS,1,0
H 43 76,SUPPRESS,7,0
H 43 77,RELEASE,20,45
H 43 78,RELEASE,12,31
H 43 79,SUPPRESS,7,0
H 43 80,SUPPRESS,5,0
H 43 81,SUPPRESS,4,0
H 43 82,SUPPRESS,2,0
H 43 83,SUPPRESS,8,0
H 43 84,SUPPRESS,8,0
H 43 85,SUPPRESS,1,0
H 43 86,RELEASE,14,36
H 43 87,SUPPRESS,7,0
H 43 88,SUPPRESS,2,0
H 43 89,RELEASE,10,36
H 43 91,SUPPRESS,1,0
H 43 92,SUPPRESS,6,0
H 43 98,SUPPRESS,7,0
H 43 99,SUPPRESS,1,0
H 44 18,SUPPRESS,1,0
H 44 19,SUPPRESS,7,0
H 44 20,SUPPRESS,9,0
H 44 23,SUPPRESS,4,0
H 44 24,SUPPRESS,1,0
H 44 25,RELEASE,14,47
H 44 26,SUPPRESS,2,0
H 44 27,SUPPRESS,7,0
H 44 28,SUPPRESS,3,0
H 44 29,RELEASE,10,34
H 44 30,RELEASE,14,45
H 44 31,RELEASE,15,40
H 44 36,SUPPRESS,2,0
H 44 37,SUPPRESS,4,0
H 44 38,SUPPRESS,10,0
H 44 39,RELEASE,14,37
H 44 40,SUPPRESS,9,0
H 44 41,SUPPRESS,8,0
H 44 42,RELEASE,12,37
H 44 43,SUPPRESS,11,0
H 44 44,SUPPRESS,8,0
H 44 45,SUPPRESS,8,0
H 44 46,SUPPRESS,11,0
H 44 47,RELEASE,355,683
H 44 48,RELEASE,130,301
H 44 49,RELEASE,16,51
H 44 50,SUPPRESS,9,0
H 44 51,SUPPRESS,8,0
H 44 52,SUPPRESS,3,0
H 44 57,SUPPRESS,5,0
H 44 58,RELEASE,18,50
H 44 59,RELEASE,18,43
H 44 60,RELEASE,65,158
H 44 61,RELEASE,430,883
H 44 62,RELEASE,17,53
H 44 63,SUPPRESS,10,0
H 44 64,SUPPRESS,5,0
H 44 65,RELEASE,14,42
H 44 66,SUPPRESS,9,0
H 44 67,SUPPRESS,4,0
H 44 68,SUPPRESS,9,0
H 44 69,SUPPRESS,8,0
H 44 70,SUPPRESS,1,0
H 44 71,RELEASE,601,1660
H 44 72,RELEASE,1054,1932
H 44 73,RELEASE,447,919
H 44 74,RELEASE,296,704
H 44 75,SUPPRESS,3,0
H 44 76,SUPPRESS,3,0
H 44 77,SUPPRESS,8,0
H 44 78,RELEASE,43,141
H 44 79,RELEASE,18,50
H 44 80,RELEASE,14,40
H 44 81,RELEASE,13,30
H 44 82,SUPPRESS,3,0
H 44 83,SUPPRESS,2,0
H 44 84,SUPPRESS,1,0
H 44 86,RELEASE,14,45
H 44 87,RELEASE,13,38
H 44 88,RELEASE,23,65
H 44 89,SUPPRESS,8,0
H 44 90,SUPPRESS,1,0
H 44 91,SUPPRESS,2,0
H 44 92,SUPPRESS,2,0
H 44 93,SUPPRESS,1,0
H 44 95,SUPPRESS,1,0
H 44 99,SUPPRESS,2,0
H 45 19,SUPPRESS,2,0
H 45 20,SUPPRESS,1,0
H 45 25,SUPPRESS,10,0
H 45 27,SUPPRESS,5,0
H 45 28,SUPPRESS,8,0
H 45 29,SUPPRESS,5,0
H 45 30,SUPPRESS,6,0
H 45 31,SUPPRESS,7,0
H 45 32,SUPPRESS,1,0
H 45 34,SUPPRESS,1,0
H 45 37,SUPPRESS,1,0
H 45 38,SUPPRESS,4,0
H 45 39,SUPPRESS,7,0
H 45 40,SUPPRESS,5,0
H 45 41,SUPPRESS,7,0
H 45 42,SUPPRESS,12,0
H 45 43,SUPPRESS,6,0
H 45 44,SUPPRESS,4,0
H 45 45,SUPPRESS,6,0
H 45 46,SUPPRESS,4,0
H 45 47,SUPPRESS,9,0
H 45 48,RELEASE,37,84
H 45 49,SUPPRESS,3,0
H 45 50,RELEASE,11,31
H 45 51,SUPPRESS,4,0
H 45 54,SUPPRESS,1,0
H 45 55,SUPPRESS,3,0
H 45 56,SUPPRESS,10,0
H 45 57,RELEASE,14,40
H 45 58,RELEASE,16,47
H 45 59,RELEASE,16,43
H 45 60,RELEASE,22,60
H 45 61,RELEASE,20,53
H 45 62,RELEASE,27,76
H 45 63,RELEASE,15,45
H 45 64,RELEASE,18,61
H 45 65,RELEASE,47,144
H 45 66,SUPPRESS,9,0
H 45 67,RELEASE,18,40
H 45 68,RELEASE,13,48
H 45 69,RELEASE,13,35
H 45 70,RELEASE,58,152
H 45 71,RELEASE,705,1894
H 45 72,RELEASE,594,1144
H 45 73,RELEASE,569,1264
H 45 74,RELEASE,333,918
H 45 75,RELEASE,33,75
H 45 76,RELEASE,11,39
H 45 77,RELEASE,31,95
H 45 78,RELEASE,28,69
H 45 79,RELEASE,15,42
H 45 80,RELEASE,16,50
H 45 81,RELEASE,15,37
H 45 82,RELEASE,13,42
H 45 83,SUPPRESS,6,0
H 45 85,SUPPRESS,1,0
H 45 86,SUPPRESS,4,0
H 45 87,SUPPRESS,2,0
H 45 88,SUPPRESS,6,0
H 45 89,SUPPRESS,5,0
H 45 90,SUPPRESS,6,0
H 45 91,SUPPRESS,4,0
H 45 92,SUPPRESS,5,0
H 45 93,SUPPRESS,5,0
H 45 95,SUPPRESS,2,0
H 45 96,SUPPRESS,1,0
H 45 97,SUPPRESS,1,0
H 45 98,SUPPRESS,4,0
H 45 99,RELEASE,11,32
H 46 19,SUPPRESS,5,0
H 46 21,SUPPRESS,3,0
H 46 22,SUPPRESS,5,0
H 46 24,SUPPRESS,1,0
H 46 25,SUPPRESS,5,0
H 46 26,SUPPRESS,2,0
H 46 27,RELEASE,29,62
H 46 28,SUPPRESS,5,0
H 46 29,SUPPRESS,2,0
H 46 30,SUPPRESS,2,0
H 46 31,RELEASE,13,35
H 46 32,SUPPRESS,2,0
H 46 33,SUPPRESS,8,0
H 46 34,SUPPRESS,1,0
H 46 37,SUPPRESS,3,0
H 46 38,SUPPRESS,6,0
H 46 39,SUPPRESS,7,0
H 46 41,SUPPRESS,2,0
H 46 42,SUPPRESS,8,0
H 46 43,RELEASE,11,32
H 46 44,SUPPRESS,0,0
H 46 46,SUPPRESS,7,0
H 46 48,RELEASE,15,48
H 46 49,RELEASE,17,41
H 46 50,SUPPRESS,5,0
H 46 51,SUPPRESS,2,0
H 46 53,SUPPRESS,1,0
H 46 55,SUPPRESS,1,0
H 46 56,SUPPRESS,8,0
H 46 57,SUPPRESS,10,0
H 46 58,SUPPRESS,8,0
H 46 59,SUPPRESS,6,0
H 46 60,RELEASE,13,42
H 46 61,SUPPRESS,4,0
H 46 62,RELEASE,21,68
H 46 63,SUPPRESS,9,0
H 46 64,RELEASE,11,38
H 46 65,RELEASE,26,101
H 46 66,RELEASE,12,30
H 46 67,RELEASE,17,51
H 46 68,RELEASE,13,38
H 46 69,SUPPRESS,7,0
H 46 70,RELEASE,22,40
H 46 71,RELEASE,82,212
H 46 72,RELEASE,929,2000
H 46 73,RELEASE,874,2142
H 46 74,RELEASE,86,226
H 46 75,RELEASE,18,56
H 46 76,SUPPRESS,9,0
H 46 77,RELEASE,23,63
H 46 78,SUPPRESS,5,0
H 46 79,RELEASE,14,38
H 46 80,RELEASE,22,120
H 46 81,RELEASE,29,102
H 46 82,SUPPRESS,11,0
H 46 83,SUPPRESS,1,0
H 46 85,SUPPRESS,5,0
H 46 86,SUPPRESS,7,0
H 46 87,SUPPRESS,2,0
H 46 88,RELEASE,12,40
H 46 89,SUPPRESS,7,0
H 46 90,SUPPRESS,8,0
H 46 91,RELEASE,16,44
H 46 93,SUPPRESS,2,0
H 46 94,SUPPRESS,3,0
H 46 97,SUPPRESS,1,0
H 46 98,SUPPRESS,15,0
H 46 99,RELEASE,14,42
H 47 21,SUPPRESS,8,0
H 47 22,SUPPRESS,2,0
H 47 23,RELEASE,19,53
H 47 24,SUPPRESS,1,0
H 47 25,SUPPRESS,9,0
H 47 26,SUPPRESS,5,0
H 47 27,SUPPRESS,6,0
H 47 28,SUPPRESS,4,0
H 47 29,RELEASE,10,33
H 47 30,SUPPRESS,5,0
H 47 31,RELEASE,16,48
H 47 32,SUPPRESS,3,0
H 47 33,RELEASE,13,43
H 47 34,RELEASE,19,61
H 47 35,SUPPRESS,3,0
H 47 36,SUPPRESS,1,0
H 47 37,SUPPRESS,4,0
H 47 38,SUPPRESS,3,0
H 47 41,SUPPRESS,4,0
H 47 42,SUPPRESS,9,0
H 47 43,SUPPRESS,2,0
H 47 46,SUPPRESS,7,0
H 47 47,SUPPRESS,5,0
H 47 48,RELEASE,20,70
H 47 49,SUPPRESS,2,0
H 47 50,SUPPRESS,8,0
H 47 51,SUPPRESS,7,0
H 47 52,SUPPRESS,1,0
H 47 53,SUPPRESS,1,0
H 47 54,SUPPRESS,4,0
H 47 55,SUPPRESS,4,0
H 47 56,RELEASE,13,31
H 47 57,RELEASE,16,39
H 47 58,SUPPRESS,11,0
H 47 59,RELEASE,11,36
H 47 60,RELEASE,14,43
H 47 61,SUPPRESS,7,0
H 47 62,RELEASE,15,52
H 47 63,SUPPRESS,9,0
H 47 64,SUPPRESS,12,0
H 47 65,RELEASE,16,45
H 47 66,RELEASE,14,41
H 47 67,SUPPRESS,3,0
H 47 68,SUPPRESS,10,0
H 47 69,RELEASE,14,38
H 47 70,RELEASE,14,45
H 47 71,RELEASE,34,104
H 47 72,RELEASE,219,528
H 47 73,RELEASE,645,1646
H 47 74,RELEASE,133,383
H 47 75,RELEASE,17,37
H 47 76,SUPPRESS,9,0
H 47 77,SUPPRESS,1,0
H 47 78,SUPPRESS,2,0
H 47 79,SUPPRESS,2,0
H 47 81,RELEASE,19,64
H 47 82,SUPPRESS,10,0
H 47 85,SUPPRESS,7,0
H 47 86,SUPPRESS,9,0
H 47 87,SUPPRESS,2,0
H 47 88,SUPPRESS,3,0
H 47 90,SUPPRESS,10,0
H 47 91,SUPPRESS,11,0
H 47 92,SUPPRESS,10,0
H 47 93,SUPPRESS,5,0
H 47 94,SUPPRESS,4,0
H 47 95,SUPPRESS,4,0
H 47 97,SUPPRESS,2,0
H 47 98,SUPPRESS,6,0
H 47 99,SUPPRESS,5,0
H 48 22,SUPPRESS,4,0
H 48 23,SUPPRESS,3,0
H 48 24,RELEASE,15,41
H 48 25,SUPPRESS,9,0
H 48 26,SUPPRESS,7,0
H 48 27,SUPPRESS,7,0
H 48 28,SUPPRESS,4,0
H 48 29,SUPPRESS,11,0
H 48 30,SUPPRESS,8,0
H 48 31,RELEASE,19,47
H 48 32,SUPPRESS,6,0
H 48 33,RELEASE,15,32
H 48 34,RELEASE,10,33
H 48 35,SUPPRESS,3,0
H 48 38,SUPPRESS,2,0
H 48 42,SUPPRESS,1,0
H 48 45,SUPPRESS,2,0
H 48 46,SUPPRESS,1,0
H 48 47,SUPPRESS,7,0
H 48 48,SUPPRESS,8,0
H 48 50,SUPPRESS,4,0
H 48 51,SUPPRESS,8,0
H 48 52,SUPPRESS,6,0
H 48 53,SUPPRESS,6,0
H 48 54,SUPPRESS,5,0
H 48 55,SUPPRESS,4,0
H 48 56,SUPPRESS,4,0
H 48 57,SUPPRESS,5,0
H 48 58,SUPPRESS,10,0
H 48 59,SUPPRESS,7,0
H 48 60,RELEASE,21,59
H 48 61,RELEASE,17,54
H 48 62,SUPPRESS,10,0
H 48 63,RELEASE,147,390
H 48 64,SUPPRESS,3,0
H 48 65,RELEASE,16,43
H 48 66,SUPPRESS,9,0
H 48 67,SUPPRESS,6,0
H 48 68,SUPPRESS,8,0
H 48 69,RELEASE,14,37
H 48 70,RELEASE,34,95
H 48 71,RELEASE,25,54
H 48 72,RELEASE,38,73
H 48 73,RELEASE,27,59
H 48 74,RELEASE,25,78
H 48 75,SUPPRESS,4,0
H 48 76,SUPPRESS,4,0
H 48 81,SUPPRESS,1,0
H 48 82,SUPPRESS,1,0
H 48 84,SUPPRESS,4,0
H 48 85,RELEASE,12,36
H 48 86,SUPPRESS,2,0
H 48 87,SUPPRESS,8,0
H 48 88,SUPPRESS,9,0
H 48 89,SUPPRESS,7,0
H 48 90,SUPPRESS,8,0
H 48 91,RELEASE,116,262
H 48 92,SUPPRESS,3,0
H 48 93,SUPPRESS,4,0
H 48 94,SUPPRESS,5,0
H 48 95,SUPPRESS,4,0
H 48 96,SUPPRESS,5,0
H 48 97,SUPPRESS,4,0
H 48 98,SUPPRESS,4,0
H 48 99,RELEASE,17,54
H 49 24,SUPPRESS,3,0
H 49 27,SUPPRESS,4,0
H 49 28,SUPPRESS,3,0
H 49 29,RELEASE,10,32
H 49 31,SUPPRESS,7,0
H 49 32,SUPPRESS,5,0
H 49 33,RELEASE,17,61
H 49 34,RELEASE,15,57
H 49 35,RELEASE,11,30
H 49 36,SUPPRESS,7,0
H 49 37,SUPPRESS,2,0
H 49 42,SUPPRESS,9,0
H 49 43,SUPPRESS,3,0
H 49 47,SUPPRESS,1,0
H 49 48,RELEASE,10,30
H 49 49,SUPPRESS,10,0
H 49 50,SUPPRESS,8,0
H 49 51,SUPPRESS,0,0
H 49 52,SUPPRESS,5,0
H 49 53,SUPPRESS,5,0
H 49 54,SUPPRESS,3,0
H 49 55,SUPPRESS,7,0
H 49 57,SUPPRESS,2,0
H 49 58,SUPPRESS,5,0
H 49 59,RELEASE,13,46
H 49 60,SUPPRESS,8,0
H 49 61,RELEASE,15,47
H 49 62,SUPPRESS,14,0
H 49 63,RELEASE,17,40
H 49 64,SUPPRESS,4,0
H 49 65,RELEASE,17,52
H 49 66,SUPPRESS,7,0
H 49 67,SUPPRESS,7,0
H 49 68,SUPPRESS,8,0
H 49 69,RELEASE,18,45
H 49 70,SUPPRESS,9,0
H 49 71,RELEASE,20,52
H 49 72,RELEASE,15,45
H 49 73,RELEASE,13,47
H 49 74,RELEASE,11,30
H 49 75,SUPPRESS,7,0
H 49 76,SUPPRESS,2,0
H 49 85,RELEASE,129,293
H 49 86,RELEASE,46,92
H 49 87,SUPPRESS,4,0
H 49 88,SUPPRESS,2,0
H 49 90,SUPPRESS,5,0
H 49 91,RELEASE,11,34
H 49 92,SUPPRESS,1,0
H 49 95,SUPPRESS,7,0
H 49 96,SUPPRESS,5,0
H 49 97,RELEASE,15,43
H 49 98,RELEASE,13,43
H 49 99,SUPPRESS,4,0
H 50 29,SUPPRESS,2,0
H 50 30,SUPPRESS,5,0
H 50 31,SUPPRESS,6,0
H 50 32,SUPPRESS,9,0
H 50 33,SUPPRESS,8,0
H 50 34,RELEASE,16,39
H 50 35,RELEASE,11,36
H 50 36,RELEASE,11,34
H 50 37,SUPPRESS,5,0
H 50 47,SUPPRESS,1,0
H 50 48,SUPPRESS,7,0
H 50 49,SUPPRESS,4,0
H 50 50,SUPPRESS,8,0
H 50 51,SUPPRESS,5,0
H 50 52,SUPPRESS,4,0
H 50 53,SUPPRESS,4,0
H 50 54,SUPPRESS,1,0
H 50 55,SUPPRESS,5,0
H 50 56,SUPPRESS,8,0
H 50 57,SUPPRESS,2,0
H 50 58,SUPPRESS,5,0
H 50 59,RELEASE,17,46
H 50 60,SUPPRESS,4,0
H 50 61,SUPPRESS,3,0
H 50 62,SUPPRESS,6,0
H 50 63,SUPPRESS,6,0
H 50 64,RELEASE,28,63
H 50 65,RELEASE,11,30
H 50 66,SUPPRESS,5,0
H 50 67,RELEASE,12,31
H 50 68,SUPPRESS,9,0
H 50 69,SUPPRESS,8,0
H 50 70,SUPPRESS,7,0
H 50 71,RELEASE,13,39
H 50 72,RELEASE,14,42
H 50 73,RELEASE,14,52
H 50 74,RELEASE,26,65
H 50 75,SUPPRESS,9,0
H 50 84,SUPPRESS,4,0
H 50 85,SUPPRESS,8,0
H 50 86,SUPPRESS,6,0
H 50 87,SUPPRESS,1,0
H 50 88,SUPPRESS,1,0
H 50 91,SUPPRESS,3,0
H 50 92,SUPPRESS,6,0
H 50 93,SUPPRESS,3,0
H 50 96,SUPPRESS,1,0
H 50 97,SUPPRESS,8,0
H 51 30,SUPPRESS,7,0
H 51 31,SUPPRESS,3,0
H 51 32,RELEASE,13,47
H 51 33,RELEASE,12,42
H 51 34,SUPPRESS,12,0
H 51 35,SUPPRESS,6,0
H 51 36,RELEASE,16,52
H 51 37,SUPPRESS,7,0
H 51 48,RELEASE,12,49
H 51 49,SUPPRESS,6,0
H 51 50,RELEASE,13,38
H 51 51,SUPPRESS,9,0
H 51 52,SUPPRESS,3,0
H 51 53,RELEASE,11,36
H 51 54,SUPPRESS,5,0
H 51 55,SUPPRESS,5,0
H 51 56,SUPPRESS,1,0
H 51 57,SUPPRESS,9,0
H 51 58,SUPPRESS,7,0
H 51 59,RELEASE,19,52
H 51 60,SUPPRESS,7,0
H 51 61,SUPPRESS,4,0
H 51 62,SUPPRESS,6,0
H 51 63,RELEASE,12,42
H 51 64,RELEASE,16,40
H 51 65,RELEASE,19,58
H 51 66,SUPPRESS,7,0
H 51 67,SUPPRESS,8,0
H 51 68,SUPPRESS,9,0
H 51 69,SUPPRESS,11,0
H 51 70,SUPPRESS,6,0
H 51 71,SUPPRESS,9,0
H 51 72,RELEASE,14,48
H 51 73,RELEASE,15,47
H 51 74,RELEASE,10,32
H 51 75,RELEASE,21,57
H 51 76,SUPPRESS,8,0
H 51 77,SUPPRESS,3,0
H 51 83,SUPPRESS,2,0
H 51 84,SUPPRESS,2,0
H 51 85,SUPPRESS,5,0
H 51 86,RELEASE,10,32
H 51 87,SUPPRESS,2,0
H 51 88,SUPPRESS,0,0
H 51 90,SUPPRESS,1,0
H 51 91,RELEASE,10,33
H 51 92,SUPPRESS,1,0
H 51 96,SUPPRESS,1,0
H 51 97,SUPPRESS,3,0
H 51 98,SUPPRESS,1,0
H 52 30,SUPPRESS,1,0
H 52 31,SUPPRESS,2,0
H 52 32,SUPPRESS,11,0
H 52 33,RELEASE,13,34
H 52 34,RELEASE,11,36
H 52 35,RELEASE,11,37
H 52 36,SUPPRESS,6,0
H 52 37,SUPPRESS,2,0
H 52 38,SUPPRESS,3,0
H 52 47,SUPPRESS,1,0
H 52 48,SUPPRESS,9,0
H 52 49,SUPPRESS,6,0
H 52 50,SUPPRESS,6,0
H 52 51,SUPPRESS,8,0
H 52 52,RELEASE,19,57
H 52 53,SUPPRESS,5,0
H 52 54,SUPPRESS,7,0
H 52 55,SUPPRESS,10,0
H 52 56,SUPPRESS,2,0
H 52 57,RELEASE,12,49
H 52 58,RELEASE,24,77
H 52 59,RELEASE,14,37
H 52 60,SUPPRESS,6,0
H 52 61,RELEASE,11,32
H 52 62,SUPPRESS,8,0
H 52 63,SUPPRESS,8,0
H 52 64,SUPPRESS,9,0
H 52 65,SUPPRESS,7,0
H 52 66,RELEASE,10,38
H 52 67,SUPPRESS,5,0
H 52 68,SUPPRESS,6,0
H 52 69,SUPPRESS,6,0
H 52 70,SUPPRESS,7,0
H 52 71,SUPPRESS,2,0
H 52 72,RELEASE,52,152
H 52 73,SUPPRESS,10,0
H 52 74,RELEASE,11,34
H 52 75,RELEASE,17,54
H 52 76,SUPPRESS,9,0
H 52 77,RELEASE,14,32
H 52 78,SUPPRESS,1,0
H 52 83,SUPPRESS,3,0
H 52 84,SUPPRESS,7,0
H 52 85,SUPPRESS,9,0
H 52 86,SUPPRESS,6,0
H 52 87,SUPPRESS,7,0
H 52 88,SUPPRESS,0,0
H 52 90,SUPPRESS,5,0
H 52 91,RELEASE,14,39
H 52 97,SUPPRESS,1,0
H 52 98,SUPPRESS,2,0
H 53 31,SUPPRESS,5,0
H 53 32,RELEASE,128,268
H 53 33,RELEASE,33,117
H 53 34,RELEASE,17,59
H 53 35,SUPPRESS,10,0
H 53 36,SUPPRESS,2,0
H 53 37,SUPPRESS,6,0
H 53 47,SUPPRESS,5,0
H 53 48,SUPPRESS,3,0
H 53 49,SUPPRESS,8,0
H 53 50,SUPPRESS,9,0
H 53 51,RELEASE,46,135
H 53 52,RELEASE,25,56
H 53 53,SUPPRESS,9,0
H 53 54,SUPPRESS,11,0
H 53 56,SUPPRESS,6,0
H 53 57,SUPPRESS,6,0
H 53 58,RELEASE,13,33
H 53 59,RELEASE,23,73
H 53 60,RELEASE,12,40
H 53 61,RELEASE,12,32
H 53 62,RELEASE,16,50
H 53 63,SUPPRESS,9,0
H 53 64,RELEASE,13,43
H 53 65,RELEASE,10,34
H 53 66,SUPPRESS,8,0
H 53 67,RELEASE,56,163
H 53 68,SUPPRESS,7,0
H 53 69,SUPPRESS,9,0
H 53 70,RELEASE,13,35
H 53 71,SUPPRESS,7,0
H 53 72,SUPPRESS,6,0
H 53 73,RELEASE,15,47
H 53 74,RELEASE,17,49
H 53 75,RELEASE,11,31
H 53 76,RELEASE,21,66
H 53 77,RELEASE,114,326
H 53 78,RELEASE,22,78
H 53 84,SUPPRESS,4,0
H 53 85,RELEASE,18,57
H 53 86,SUPPRESS,4,0
H 53 87,SUPPRESS,8,0
H 53 88,SUPPRESS,5,0
H 53 90,SUPPRESS,5,0
H 53 91,SUPPRESS,5,0
H 53 98,SUPPRESS,1,0
H 53 99,SUPPRESS,5,0
H 54 30,SUPPRESS,2,0
H 54 31,SUPPRESS,1,0
H 54 32,RELEASE,75,167
H 54 33,SUPPRESS,6,0
H 54 34,SUPPRESS,3,0
H 54 35,RELEASE,14,37
H 54 47,SUPPRESS,3,0
H 54 48,SUPPRESS,1,0
H 54 49,RELEASE,11,31
H 54 51,RELEASE,31,64
H 54 52,RELEASE,214,509
H 54 53,SUPPRESS,8,0
H 54 54,SUPPRESS,2,0
H 54 56,SUPPRESS,1,0
H 54 57,SUPPRESS,5,0
H 54 58,SUPPRESS,9,0
H 54 59,SUPPRESS,2,0
H 54 60,SUPPRESS,7,0
H 54 61,RELEASE,11,39
H 54 62,RELEASE,19,57
H 54 63,RELEASE,21,65
H 54 64,RELEASE,24,78
H 54 65,SUPPRESS,6,0
H 54 66,RELEASE,68,168
H 54 67,RELEASE,206,457
H 54 68,RELEASE,13,42
H 54 69,SUPPRESS,2,0
H 54 70,RELEASE,11,36
H 54 71,RELEASE,20,43
H 54 72,SUPPRESS,4,0
H 54 73,SUPPRESS,7,0
H 54 74,SUPPRESS,8,0
H 54 75,RELEASE,12,41
H 54 76,RELEASE,32,94
H 54 77,RELEASE,20,61
H 54 78,SUPPRESS,7,0
H 54 79,SUPPRESS,4,0
H 54 80,SUPPRESS,1,0
H 54 81,SUPPRESS,4,0
H 54 82,SUPPRESS,5,0
H 54 83,SUPPRESS,3,0
H 54 84,RELEASE,14,54
H 54 85,RELEASE,16,39
H 54 87,SUPPRESS,8,0
H 54 88,SUPPRESS,3,0
H 54 90,SUPPRESS,8,0
H 54 91,SUPPRESS,4,0
H 54 99,SUPPRESS,0,0
H 55 30,SUPPRESS,2,0
H 55 31,SUPPRESS,4,0
H 55 32,SUPPRESS,4,0
H 55 33,SUPPRESS,2,0
H 55 34,RELEASE,10,41
H 55 35,SUPPRESS,1,0
H 55 46,SUPPRESS,1,0
H 55 47,SUPPRESS,3,0
H 55 49,SUPPRESS,7,0
H 55 50,RELEASE,10,32
H 55 51,SUPPRESS,8,0
H 55 52,RELEASE,14,37
H 55 54,RELEASE,15,33
H 55 55,SUPPRESS,11,0
H 55 56,SUPPRESS,2,0
H 55 57,SUPPRESS,7,0
H 55 58,RELEASE,11,30
H 55 59,RELEASE,15,50
H 55 60,RELEASE,31,88
H 55 61,RELEASE,11,33
H 55 62,SUPPRESS,9,0
H 55 63,RELEASE,11,41
H 55 64,SUPPRESS,8,0
H 55 65,SUPPRESS,7,0
H 55 66,SUPPRESS,6,0
H 55 67,SUPPRESS,8,0
H 55 69,SUPPRESS,8,0
H 55 70,SUPPRESS,14,0
H 55 71,SUPPRESS,4,0
H 55 72,RELEASE,20,57
H 55 73,RELEASE,10,37
H 55 74,RELEASE,17,40
H 55 75,RELEASE,31,104
H 55 76,RELEASE,14,45
H 55 77,RELEASE,15,53
H 55 78,SUPPRESS,1,0
H 55 79,SUPPRESS,6,0
H 55 80,SUPPRESS,5,0
H 55 81,SUPPRESS,7,0
H 55 82,SUPPRESS,7,0
H 55 83,SUPPRESS,8,0
H 55 84,RELEASE,11,44
H 55 85,RELEASE,15,30
H 55 86,SUPPRESS,2,0
H 55 87,SUPPRESS,4,0
H 55 90,SUPPRESS,6,0
H 55 91,RELEASE,11,46
H 56 48,SUPPRESS,3,0
H 56 49,SUPPRESS,6,0
H 56 50,SUPPRESS,3,0
H 56 51,SUPPRESS,8,0
H 56 52,RELEASE,17,59
H 56 53,RELEASE,167,415
H 56 54,RELEASE,16,52
H 56 55,SUPPRESS,7,0
H 56 56,SUPPRESS,8,0
H 56 57,SUPPRESS,3,0
H 56 58,RELEASE,11,40
H 56 59,SUPPRESS,7,0
H 56 60,RELEASE,25,55
H 56 61,RELEASE,24,69
H 56 62,RELEASE,15,49
H 56 63,SUPPRESS,4,0
H 56 64,SUPPRESS,1,0
H 56 65,SUPPRESS,4,0
H 56 66,RELEASE,12,32
H 56 67,RELEASE,49,98
H 56 68,RELEASE,35,82
H 56 69,SUPPRESS,6,0
H 56 70,SUPPRESS,5,0
H 56 71,SUPPRESS,9,0
H 56 72,RELEASE,10,30
H 56 73,RELEASE,17,45
H 56 74,RELEASE,19,53
H 56 75,RELEASE,12,38
H 56 76,RELEASE,22,72
H 56 77,SUPPRESS,1,0
H 56 78,SUPPRESS,1,0
H 56 80,SUPPRESS,2,0
H 56 81,SUPPRESS,10,0
H 56 82,RELEASE,13,37
H 56 83,RELEASE,13,41
H 56 84,SUPPRESS,4,0
H 56 86,SUPPRESS,5,0
H 56 87,SUPPRESS,3,0
H 56 90,SUPPRESS,4,0
H 56 91,SUPPRESS,9,0
H 56 92,SUPPRESS,1,0
H 57 46,SUPPRESS,2,0
H 57 47,SUPPRESS,2,0
H 57 48,SUPPRESS,1,0
H 57 49,SUPPRESS,4,0
H 57 50,SUPPRESS,5,0
H 57 51,SUPPRESS,7,0
H 57 52,RELEASE,13,46
H 57 53,RELEASE,16,47
H 57 54,SUPPRESS,9,0
H 57 55,SUPPRESS,9,0
H 57 56,SUPPRESS,5,0
H 57 57,SUPPRESS,4,0
H 57 58,SUPPRESS,6,0
H 57 59,SUPPRESS,2,0
H 57 60,SUPPRESS,8,0
H 57 64,SUPPRESS,5,0
H 57 65,SUPPRESS,6,0
H 57 66,RELEASE,18,51
H 57 67,RELEASE,44,88
H 57 68,RELEASE,39,83
H 57 69,RELEASE,11,36
H 57 70,SUPPRESS,5,0
H 57 71,SUPPRESS,6,0
H 57 72,RELEASE,13,41
H 57 73,RELEASE,12,43
H 57 74,SUPPRESS,5,0
H 57 75,RELEASE,192,562
H 57 76,SUPPRESS,3,0
H 57 79,SUPPRESS,4,0
H 57 80,SUPPRESS,5,0
H 57 81,RELEASE,12,36
H 57 82,SUPPRESS,9,0
H 57 83,RELEASE,12,34
H 57 84,SUPPRESS,1,0
H 57 86,SUPPRESS,4,0
H 57 87,SUPPRESS,5,0
H 57 88,SUPPRESS,1,0
H 57 91,SUPPRESS,1,0
H 57 92,RELEASE,12,33
H 57 93,SUPPRESS,0,0
H 58 49,SUPPRESS,8,0
H 58 50,RELEASE,13,46
H 58 51,SUPPRESS,9,0
H 58 52,SUPPRESS,7,0
H 58 53,SUPPRESS,10,0
H 58 54,RELEASE,11,34
H 58 55,SUPPRESS,6,0
H 58 56,SUPPRESS,9,0
H 58 57,RELEASE,15,57
H 58 58,SUPPRESS,5,0
H 58 59,SUPPRESS,2,0
H 58 61,SUPPRESS,1,0
H 58 63,SUPPRESS,1,0
H 58 64,RELEASE,15,41
H 58 65,RELEASE,15,60
H 58 66,SUPPRESS,11,0
H 58 67,SUPPRESS,7,0
H 58 68,SUPPRESS,8,0
H 58 69,RELEASE,17,61
H 58 70,RELEASE,17,38
H 58 71,RELEASE,19,67
H 58 72,RELEASE,21,72
H 58 73,RELEASE,25,88
H 58 74,SUPPRESS,7,0
H 58 75,RELEASE,12,46
H 58 76,RELEASE,11,39
H 58 77,RELEASE,12,33
H 58 78,SUPPRESS,1,0
H 58 79,SUPPRESS,3,0
H 58 81,SUPPRESS,5,0
H 58 82,SUPPRESS,12,0
H 58 83,SUPPRESS,9,0
H 58 86,SUPPRESS,4,0
H 58 87,SUPPRESS,3,0
H 58 89,SUPPRESS,2,0
H 58 91,SUPPRESS,2,0
H 58 92,RELEASE,21,54
H 58 93,SUPPRESS,9,0
H 59 48,SUPPRESS,2,0
H 59 49,SUPPRESS,3,0
H 59 50,RELEASE,15,35
H 59 51,SUPPRESS,6,0
H 59 52,SUPPRESS,4,0
H 59 53,SUPPRESS,10,0
H 59 54,SUPPRESS,8,0
H 59 55,SUPPRESS,5,0
H 59 56,RELEASE,12,35
H 59 57,SUPPRESS,9,0
H 59 58,RELEASE,21,67
H 59 59,RELEASE,24,73
H 59 60,SUPPRESS,4,0
H 59 62,SUPPRESS,0,0
H 59 63,SUPPRESS,8,0
H 59 64,RELEASE,29,99
H 59 65,RELEASE,17,53
H 59 66,RELEASE,19,59
H 59 67,SUPPRESS,7,0
H 59 68,SUPPRESS,3,0
H 59 69,SUPPRESS,6,0
H 59 70,RELEASE,15,39
H 59 71,SUPPRESS,5,0
H 59 72,RELEASE,16,57
H 59 73,RELEASE,19,75
H 59 74,RELEASE,28,99
H 59 75,SUPPRESS,9,0
H 59 76,SUPPRESS,3,0
H 59 78,SUPPRESS,2,0
H 59 79,SUPPRESS,7,0
H 59 82,RELEASE,90,223
H 59 83,SUPPRESS,4,0
H 59 86,SUPPRESS,3,0
H 59 87,SUPPRESS,6,0
H 59 89,SUPPRESS,3,0
H 59 92,RELEASE,14,38
H 59 93,SUPPRESS,11,0
H 59 98,SUPPRESS,2,0
H 60 49,SUPPRESS,1,0
H 60 50,SUPPRESS,3,0
H 60 51,SUPPRESS,4,0
H 60 52,SUPPRESS,10,0
H 60 53,SUPPRESS,9,0
H 60 54,SUPPRESS,8,0
H 60 55,SUPPRESS,5,0
H 60 56,SUPPRESS,9,0
H 60 57,RELEASE,12,34
H 60 58,RELEASE,22,70
H 60 59,RELEASE,29,108
H 60 60,SUPPRESS,6,0
H 60 61,SUPPRESS,3,0
H 60 62,SUPPRESS,5,0
H 60 63,SUPPRESS,7,0
H 60 64,RELEASE,11,34
H 60 65,RELEASE,18,50
H 60 66,SUPPRESS,9,0
H 60 67,SUPPRESS,5,0
H 60 68,RELEASE,13,44
H 60 69,SUPPRESS,6,0
H 60 71,SUPPRESS,4,0
H 60 72,RELEASE,55,185
H 60 73,SUPPRESS,7,0
H 60 74,RELEASE,24,102
H 60 75,SUPPRESS,7,0
H 60 76,SUPPRESS,4,0
H 60 78,SUPPRESS,3,0
H 60 79,SUPPRESS,1,0
H 60 81,SUPPRESS,1,0
H 60 82,SUPPRESS,8,0
H 60 83,SUPPRESS,14,0
H 60 84,RELEASE,10,30
H 60 85,RELEASE,19,54
H 60 86,RELEASE,12,39
H 60 87,SUPPRESS,2,0
H 60 92,SUPPRESS,0,0
H 60 93,SUPPRESS,4,0
H 61 52,SUPPRESS,1,0
H 61 53,SUPPRESS,8,0
H 61 54,SUPPRESS,10,0
H 61 55,SUPPRESS,9,0
H 61 56,SUPPRESS,12,0
H 61 57,SUPPRESS,9,0
H 61 58,RELEASE,12,32
H 61 59,SUPPRESS,6,0
H 61 60,SUPPRESS,1,0
H 61 61,SUPPRESS,6,0
H 61 62,SUPPRESS,3,0
H 61 64,SUPPRESS,9,0
H 61 65,RELEASE,11,35
H 61 66,RELEASE,15,49
H 61 67,SUPPRESS,7,0
H 61 68,RELEASE,24,77
H 61 69,SUPPRESS,9,0
H 61 70,SUPPRESS,5,0
H 61 71,RELEASE,26,65
H 61 72,RELEASE,173,465
H 61 73,RELEASE,26,89
H 61 74,RELEASE,12,36
H 61 75,SUPPRESS,9,0
H 61 77,SUPPRESS,2,0
H 61 78,SUPPRESS,6,0
H 61 80,SUPPRESS,8,0
H 61 81,RELEASE,16,39
H 61 82,SUPPRESS,9,0
H 61 83,RELEASE,10,41
H 61 84,RELEASE,11,37
H 61 85,RELEASE,13,41
H 61 86,SUPPRESS,1,0
H 61 87,SUPPRESS,1,0
H 61 88,SUPPRESS,0,0
H 61 92,SUPPRESS,1,0
H 61 93,SUPPRESS,7,0
H 62 53,SUPPRESS,7,0
H 62 54,SUPPRESS,8,0
H 62 55,RELEASE,25,54
H 62 56,RELEASE,71,169
H 62 57,RELEASE,166,398
H 62 58,RELEASE,64,201
H 62 59,RELEASE,26,85
H 62 60,RELEASE,11,35
H 62 61,RELEASE,11,41
H 62 62,SUPPRESS,2,0
H 62 64,SUPPRESS,5,0
H 62 65,RELEASE,17,50
H 62 66,SUPPRESS,0,0
H 62 67,SUPPRESS,6,0
H 62 68,RELEASE,12,47
H 62 69,RELEASE,23,86
H 62 70,RELEASE,19,62
H 62 71,SUPPRESS,6,0
H 62 72,RELEASE,24,83
H 62 73,RELEASE,13,41
H 62 74,SUPPRESS,5,0
H 62 75,SUPPRESS,5,0
H 62 76,RELEASE,13,41
H 62 77,SUPPRESS,10,0
H 62 78,RELEASE,20,54
H 62 79,RELEASE,16,47
H 62 80,SUPPRESS,8,0
H 62 81,SUPPRESS,9,0
H 62 82,SUPPRESS,7,0
H 62 83,SUPPRESS,8,0
H 62 84,SUPPRESS,1,0
H 62 85,SUPPRESS,4,0
H 62 86,SUPPRESS,1,0
H 62 93,SUPPRESS,9,0
H 63 52,SUPPRESS,1,0
H 63 53,SUPPRESS,1,0
H 63 54,SUPPRESS,9,0
H 63 55,SUPPRESS,8,0
H 63 56,SUPPRESS,9,0
H 63 57,RELEASE,128,307
H 63 58,SUPPRESS,4,0
H 63 59,RELEASE,15,48
H 63 60,SUPPRESS,4,0
H 63 61,SUPPRESS,2,0
H 63 62,SUPPRESS,2,0
H 63 64,SUPPRESS,1,0
H 63 65,SUPPRESS,4,0
H 63 68,SUPPRESS,1,0
H 63 69,SUPPRESS,11,0
H 63 70,RELEASE,11,37
H 63 71,SUPPRESS,6,0
H 63 72,SUPPRESS,8,0
H 63 73,RELEASE,12,36
H 63 74,SUPPRESS,1,0
H 63 75,RELEASE,12,45
H 63 76,SUPPRESS,8,0
H 63 77,SUPPRESS,2,0
H 63 78,SUPPRESS,9,0
H 63 79,SUPPRESS,3,0
H 63 80,SUPPRESS,1,0
H 63 82,SUPPRESS,4,0
H 63 84,SUPPRESS,4,0
H 63 85,SUPPRESS,1,0
H 63 93,SUPPRESS,1,0
H 63 94,SUPPRESS,6,0
H 64 52,SUPPRESS,3,0
H 64 53,RELEASE,15,44
H 64 54,SUPPRESS,8,0
H 64 55,SUPPRESS,6,0
H 64 56,SUPPRESS,9,0
H 64 57,RELEASE,10,41
H 64 58,RELEASE,15,43
H 64 59,RELEASE,16,52
H 64 60,RELEASE,11,31
H 64 61,SUPPRESS,6,0
H 64 62,SUPPRESS,2,0
H 64 63,SUPPRESS,6,0
H 64 64,SUPPRESS,2,0
H 64 68,RELEASE,10,48
H 64 69,SUPPRESS,0,0
H 64 70,SUPPRESS,1,0
H 64 71,RELEASE,15,44
H 64 72,RELEASE,14,46
H 64 73,SUPPRESS,2,0
H 64 75,RELEASE,13,31
H 64 76,RELEASE,13,42
H 64 77,SUPPRESS,3,0
H 64 78,SUPPRESS,7,0
H 64 79,SUPPRESS,5,0
H 64 81,SUPPRESS,4,0
H 64 84,SUPPRESS,5,0
H 64 85,SUPPRESS,5,0
H 64 87,SUPPRESS,2,0
H 64 94,SUPPRESS,4,0
H 65 51,SUPPRESS,2,0
H 65 52,SUPPRESS,10,0
H 65 53,RELEASE,13,40
H 65 54,RELEASE,12,45
H 65 55,SUPPRESS,6,0
H 65 56,RELEASE,14,40
H 65 57,SUPPRESS,7,0
H 65 58,SUPPRESS,4,0
H 65 59,RELEASE,23,57
H 65 60,RELEASE,11,30
H 65 61,SUPPRESS,6,0
H 65 62,RELEASE,25,69
H 65 63,SUPPRESS,3,0
H 65 64,SUPPRESS,1,0
H 65 65,SUPPRESS,2,0
H 65 67,SUPPRESS,1,0
H 65 68,SUPPRESS,4,0
H 65 70,SUPPRESS,4,0
H 65 71,SUPPRESS,9,0
H 65 72,SUPPRESS,4,0
H 65 73,SUPPRESS,6,0
H 65 74,SUPPRESS,1,0
H 65 76,SUPPRESS,10,0
H 65 77,SUPPRESS,4,0
H 65 78,SUPPRESS,8,0
H 65 80,SUPPRESS,3,0
H 65 81,SUPPRESS,5,0
H 65 82,SUPPRESS,3,0
H 65 83,SUPPRESS,3,0
H 65 85,SUPPRESS,2,0
H 65 86,SUPPRESS,4,0
H 65 87,SUPPRESS,6,0
H 65 94,SUPPRESS,1,0
H 66 51,RELEASE,81,223
H 66 52,RELEASE,306,738
H 66 53,RELEASE,37,121
H 66 54,RELEASE,14,50
H 66 55,SUPPRESS,6,0
H 66 56,SUPPRESS,9,0
H 66 57,RELEASE,10,39
H 66 58,RELEASE,11,36
H 66 59,RELEASE,11,33
H 66 60,SUPPRESS,7,0
H 66 61,SUPPRESS,10,0
H 66 62,RELEASE,17,43
H 66 63,SUPPRESS,7,0
H 66 64,SUPPRESS,5,0
H 66 65,SUPPRESS,3,0
H 66 68,SUPPRESS,5,0
H 66 69,SUPPRESS,7,0
H 66 70,SUPPRESS,6,0
H 66 71,SUPPRESS,3,0
H 66 72,RELEASE,13,34
H 66 73,SUPPRESS,7,0
H 66 75,SUPPRESS,4,0
H 66 76,SUPPRESS,7,0
H 66 77,SUPPRESS,2,0
H 66 78,SUPPRESS,5,0
H 66 79,SUPPRESS,4,0
H 66 80,SUPPRESS,6,0
H 66 81,RELEASE,15,53
H 66 82,RELEASE,17,67
H 66 83,SUPPRESS,3,0
H 66 85,SUPPRESS,1,0
H 66 86,SUPPRESS,4,0
H 66 87,SUPPRESS,2,0
H 67 50,SUPPRESS,1,0
H 67 51,RELEASE,16,43
H 67 52,RELEASE,47,124
H 67 53,SUPPRESS,2,0
H 67 55,SUPPRESS,1,0
H 67 56,SUPPRESS,5,0
H 67 57,SUPPRESS,9,0
H 67 58,RELEASE,12,32
H 67 59,RELEASE,21,88
H 67 60,RELEASE,17,53
H 67 61,SUPPRESS,8,0
H 67 62,RELEASE,20,62
H 67 63,RELEASE,10,47
H 67 64,SUPPRESS,8,0
H 67 65,SUPPRESS,7,0
H 67 67,SUPPRESS,4,0
H 67 68,RELEASE,13,42
H 67 69,RELEASE,10,41
H 67 70,SUPPRESS,7,0
H 67 71,SUPPRESS,9,0
H 67 72,RELEASE,21,63
H 67 73,SUPPRESS,9,0
H 67 74,SUPPRESS,1,0
H 67 75,RELEASE,10,41
H 67 76,SUPPRESS,3,0
H 67 77,SUPPRESS,5,0
H 67 78,SUPPRESS,8,0
H 67 79,RELEASE,13,37
H 67 80,SUPPRESS,8,0
H 67 81,RELEASE,13,42
H 67 82,RELEASE,12,41
H 67 83,SUPPRESS,7,0
H 67 84,SUPPRESS,3,0
H 67 85,SUPPRESS,2,0
H 67 86,SUPPRESS,3,0
H 67 87,SUPPRESS,1,0
H 67 94,SUPPRESS,2,0
H 68 50,SUPPRESS,6,0
H 68 51,SUPPRESS,11,0
H 68 52,SUPPRESS,8,0
H 68 53,SUPPRESS,6,0
H 68 54,RELEASE,12,36
H 68 55,SUPPRESS,7,0
H 68 56,SUPPRESS,1,0
H 68 57,SUPPRESS,10,0
H 68 58,SUPPRESS,9,0
H 68 59,RELEASE,28,93
H 68 60,RELEASE,21,69
H 68 61,RELEASE,17,54
H 68 62,SUPPRESS,9,0
H 68 63,RELEASE,20,43
H 68 64,RELEASE,17,48
H 68 65,RELEASE,10,36
H 68 66,SUPPRESS,6,0
H 68 67,SUPPRESS,10,0
H 68 68,SUPPRESS,2,0
H 68 69,RELEASE,12,34
H 68 70,RELEASE,12,41
H 68 71,RELEASE,23,79
H 68 72,RELEASE,203,511
H 68 73,RELEASE,14,46
H 68 74,RELEASE,17,56
H 68 75,RELEASE,11,40
H 68 76,RELEASE,14,52
H 68 77,RELEASE,15,64
H 68 78,SUPPRESS,6,0
H 68 79,RELEASE,17,59
H 68 80,RELEASE,42,179
H 68 81,RELEASE,19,64
H 68 82,SUPPRESS,2,0
H 68 83,SUPPRESS,8,0
H 68 84,SUPPRESS,3,0
H 68 85,SUPPRESS,4,0
H 68 86,SUPPRESS,1,0
H 68 88,SUPPRESS,3,0
H 68 94,SUPPRESS,1,0
H 69 49,SUPPRESS,5,0
H 69 50,RELEASE,20,59
H 69 51,SUPPRESS,6,0
H 69 52,SUPPRESS,7,0
H 69 53,RELEASE,20,64
H 69 54,RELEASE,15,42
H 69 55,SUPPRESS,9,0
H 69 56,SUPPRESS,5,0
H 69 57,RELEASE,12,36
H 69 58,SUPPRESS,6,0
H 69 59,SUPPRESS,4,0
H 69 60,RELEASE,65,178
H 69 61,RELEASE,101,250
H 69 62,SUPPRESS,8,0
H 69 63,RELEASE,13,47
H 69 64,RELEASE,19,58
H 69 65,RELEASE,22,77
H 69 66,RELEASE,42,90
H 69 67,RELEASE,10,33
H 69 68,RELEASE,11,48
H 69 69,SUPPRESS,9,0
H 69 70,SUPPRESS,3,0
H 69 71,RELEASE,17,42
H 69 72,RELEASE,124,293
H 69 73,SUPPRESS,10,0
H 69 74,SUPPRESS,10,0
H 69 75,RELEASE,16,48
H 69 76,RELEASE,17,61
H 69 77,RELEASE,31,99
H 69 78,RELEASE,20,73
H 69 79,RELEASE,18,71
H 69 80,RELEASE,38,100
H 69 81,RELEASE,14,43
H 69 82,RELEASE,10,34
H 69 83,SUPPRESS,7,0
H 69 84,SUPPRESS,1,0
H 69 86,SUPPRESS,8,0
H 69 89,SUPPRESS,3,0
H 70 48,SUPPRESS,4,0
H 70 49,SUPPRESS,10,0
H 70 50,SUPPRESS,3,0
H 70 51,SUPPRESS,6,0
H 70 52,SUPPRESS,3,0
H 70 53,SUPPRESS,8,0
H 70 54,SUPPRESS,7,0
H 70 55,RELEASE,18,54
H 70 56,RELEASE,18,56
H 70 57,RELEASE,11,34
H 70 58,SUPPRESS,9,0
H 70 59,RELEASE,12,40
H 70 60,RELEASE,23,125
H 70 61,RELEASE,19,64
H 70 62,RELEASE,19,56
H 70 63,RELEASE,24,87
H 70 64,RELEASE,29,95
H 70 65,RELEASE,18,67
H 70 66,RELEASE,18,55
H 70 67,RELEASE,18,49
H 70 68,RELEASE,20,55
H 70 69,RELEASE,13,46
H 70 70,RELEASE,14,38
H 70 71,RELEASE,20,55
H 70 72,SUPPRESS,4,0
H 70 73,RELEASE,19,68
H 70 74,RELEASE,19,69
H 70 75,SUPPRESS,2,0
H 70 76,SUPPRESS,9,0
H 70 77,SUPPRESS,8,0
H 70 78,SUPPRESS,5,0
H 70 79,RELEASE,14,41
H 70 80,RELEASE,25,75
H 70 81,RELEASE,10,38
H 70 82,SUPPRESS,6,0
H 70 88,SUPPRESS,2,0
H 70 89,SUPPRESS,7,0
H 70 90,SUPPRESS,2,0
H 71 45,SUPPRESS,6,0
H 71 46,SUPPRESS,2,0
H 71 47,SUPPRESS,11,0
H 71 48,SUPPRESS,11,0
H 71 49,SUPPRESS,7,0
H 71 50,SUPPRESS,4,0
H 71 51,SUPPRESS,6,0
H 71 53,RELEASE,24,80
H 71 54,SUPPRESS,5,0
H 71 55,SUPPRESS,4,0
H 71 56,RELEASE,12,32
H 71 57,SUPPRESS,4,0
H 71 58,RELEASE,11,34
H 71 59,SUPPRESS,3,0
H 71 60,RELEASE,21,59
H 71 61,RELEASE,15,41
H 71 62,RELEASE,23,70
H 71 63,RELEASE,11,34
H 71 64,RELEASE,25,85
H 71 65,RELEASE,29,88
H 71 66,RELEASE,83,257
H 71 67,RELEASE,20,63
H 71 68,SUPPRESS,6,0
H 71 69,RELEASE,11,39
H 71 70,RELEASE,10,32
H 71 71,RELEASE,18,68
H 71 72,RELEASE,12,38
H 71 73,SUPPRESS,10,0
H 71 74,SUPPRESS,8,0
H 71 75,SUPPRESS,9,0
H 71 76,RELEASE,15,59
H 71 77,RELEASE,13,45
H 71 78,RELEASE,19,71
H 71 79,RELEASE,10,30
H 71 80,RELEASE,15,44
H 71 81,RELEASE,17,64
H 71 82,SUPPRESS,2,0
H 71 87,SUPPRESS,1,0
H 71 88,SUPPRESS,2,0
H 71 89,RELEASE,10,44
H 71 90,SUPPRESS,7,0
H 72 46,SUPPRESS,7,0
H 72 47,SUPPRESS,7,0
H 72 48,SUPPRESS,5,0
H 72 49,SUPPRESS,9,0
H 72 50,SUPPRESS,7,0
H 72 51,SUPPRESS,6,0
H 72 52,SUPPRESS,10,0
H 72 53,RELEASE,14,43
H 72 54,SUPPRESS,10,0
H 72 55,SUPPRESS,7,0
H 72 56,SUPPRESS,6,0
H 72 57,RELEASE,18,45
H 72 58,SUPPRESS,7,0
H 72 59,RELEASE,25,71
H 72 60,RELEASE,40,105
H 72 61,RELEASE,19,55
H 72 62,RELEASE,10,31
H 72 63,RELEASE,18,49
H 72 64,RELEASE,14,39
H 72 65,RELEASE,40,141
H 72 66,RELEASE,33,95
H 72 67,RELEASE,18,52
H 72 68,RELEASE,16,51
H 72 69,RELEASE,12,41
H 72 70,RELEASE,19,52
H 72 71,RELEASE,16,45
H 72 72,RELEASE,14,49
H 72 73,RELEASE,26,78
H 72 74,RELEASE,15,62
H 72 75,RELEASE,10,33
H 72 76,RELEASE,28,78
H 72 77,SUPPRESS,5,0
H 72 78,RELEASE,30,94
H 72 79,SUPPRESS,6,0
H 72 80,RELEASE,18,61
H 72 81,SUPPRESS,8,0
H 72 82,SUPPRESS,6,0
H 72 83,SUPPRESS,1,0
H 72 89,SUPPRESS,2,0
H 72 90,SUPPRESS,9,0
H 72 91,SUPPRESS,1,0
H 72 92,SUPPRESS,1,0
H 72 93,RELEASE,16,60
H 73 36,SUPPRESS,2,0
H 73 37,SUPPRESS,2,0
H 73 45,SUPPRESS,10,0
H 73 47,SUPPRESS,8,0
H 73 48,SUPPRESS,9,0
H 73 49,SUPPRESS,8,0
H 73 50,SUPPRESS,8,0
H 73 51,SUPPRESS,0,0
H 73 52,SUPPRESS,8,0
H 73 53,SUPPRESS,9,0
H 73 54,RELEASE,14,50
H 73 55,RELEASE,14,72
H 73 56,SUPPRESS,6,0
H 73 57,RELEASE,13,47
H 73 58,RELEASE,25,75
H 73 59,RELEASE,23,67
H 73 60,RELEASE,13,35
H 73 61,SUPPRESS,7,0
H 73 62,SUPPRESS,7,0
H 73 63,RELEASE,17,53
H 73 64,SUPPRESS,8,0
H 73 65,RELEASE,15,49
H 73 66,RELEASE,13,38
H 73 67,RELEASE,12,42
H 73 68,RELEASE,21,64
H 73 69,SUPPRESS,9,0
H 73 70,RELEASE,22,80
H 73 71,SUPPRESS,6,0
H 73 72,RELEASE,14,48
H 73 73,RELEASE,15,42
H 73 74,RELEASE,16,46
H 73 75,SUPPRESS,10,0
H 73 76,SUPPRESS,9,0
H 73 77,RELEASE,11,33
H 73 78,RELEASE,22,74
H 73 79,RELEASE,15,39
H 73 80,RELEASE,14,36
H 73 81,SUPPRESS,2,0
H 73 82,SUPPRESS,4,0
H 73 83,SUPPRESS,3,0
H 73 84,SUPPRESS,1,0
H 73 89,SUPPRESS,1,0
H 73 90,SUPPRESS,12,0
H 73 91,RELEASE,11,41
H 73 92,RELEASE,21,66
H 73 93,RELEASE,19,63
H 73 96,SUPPRESS,1,0
H 73 97,RELEASE,12,41
H 73 98,RELEASE,20,74
H 73 99,SUPPRESS,1,0
H 74 35,SUPPRESS,2,0
H 74 36,SUPPRESS,9,0
H 74 37,RELEASE,13,34
H 74 38,SUPPRESS,1,0
H 74 39,SUPPRESS,3,0
H 74 40,SUPPRESS,2,0
H 74 41,SUPPRESS,2,0
H 74 42,SUPPRESS,7,0
H 74 43,SUPPRESS,6,0
H 74 44,SUPPRESS,3,0
H 74 45,SUPPRESS,5,0
H 74 46,SUPPRESS,3,0
H 74 47,SUPPRESS,10,0
H 74 49,SUPPRESS,1,0
H 74 50,SUPPRESS,1,0
H 74 51,SUPPRESS,4,0
H 74 52,RELEASE,24,87
H 74 53,SUPPRESS,8,0
H 74 54,SUPPRESS,6,0
H 74 55,SUPPRESS,6,0
H 74 56,RELEASE,11,35
H 74 57,RELEASE,16,50
H 74 58,RELEASE,23,63
H 74 59,RELEASE,11,41
H 74 60,SUPPRESS,12,0
H 74 61,RELEASE,25,88
H 74 62,RELEASE,14,55
H 74 63,RELEASE,16,54
H 74 64,RELEASE,18,66
H 74 65,RELEASE,10,31
H 74 66,SUPPRESS,8,0
H 74 67,RELEASE,18,51
H 74 68,RELEASE,11,82
H 74 69,SUPPRESS,6,0
H 74 70,SUPPRESS,7,0
H 74 71,RELEASE,12,36
H 74 72,RELEASE,16,47
H 74 73,RELEASE,11,32
H 74 74,RELEASE,33,116
H 74 75,SUPPRESS,8,0
H 74 76,RELEASE,27,83
H 74 77,SUPPRESS,9,0
H 74 78,RELEASE,18,44
H 74 79,RELEASE,16,38
H 74 80,RELEASE,16,50
H 74 81,SUPPRESS,9,0
H 74 82,SUPPRESS,5,0
H 74 83,SUPPRESS,3,0
H 74 89,SUPPRESS,4,0
H 74 91,RELEASE,14,48
H 74 92,SUPPRESS,6,0
H 74 93,RELEASE,16,55
H 74 94,RELEASE,22,69
H 74 95,RELEASE,14,53
H 74 96,RELEASE,17,45
H 74 97,RELEASE,16,68
H 74 98,SUPPRESS,8,0
H 75 35,SUPPRESS,8,0
H 75 36,RELEASE,13,48
H 75 37,RELEASE,20,51
H 75 38,RELEASE,116,299
H 75 39,SUPPRESS,8,0
H 75 40,SUPPRESS,7,0
H 75 42,SUPPRESS,2,0
H 75 43,SUPPRESS,1,0
H 75 44,SUPPRESS,2,0
H 75 45,RELEASE,227,523
H 75 46,SUPPRESS,8,0
H 75 47,SUPPRESS,5,0
H 75 49,SUPPRESS,5,0
H 75 50,SUPPRESS,3,0
H 75 51,RELEASE,15,48
H 75 52,RELEASE,16,46
H 75 53,SUPPRESS,7,0
H 75 54,RELEASE,14,50
H 75 55,RELEASE,22,76
H 75 56,SUPPRESS,9,0
H 75 57,RELEASE,11,32
H 75 58,RELEASE,25,64
H 75 59,RELEASE,23,70
H 75 60,SUPPRESS,11,0
H 75 61,RELEASE,10,35
H 75 62,RELEASE,307,842
H 75 63,RELEASE,101,245
H 75 64,RELEASE,14,38
H 75 65,RELEASE,13,38
H 75 66,RELEASE,18,47
H 75 67,RELEASE,18,52
H 75 68,SUPPRESS,5,0
H 75 69,RELEASE,12,42
H 75 70,SUPPRESS,7,0
H 75 71,RELEASE,11,34
H 75 72,RELEASE,47,116
H 75 73,RELEASE,14,52
H 75 74,RELEASE,10,34
H 75 75,SUPPRESS,8,0
H 75 76,RELEASE,13,37
H 75 77,SUPPRESS,5,0
H 75 78,RELEASE,15,42
H 75 79,RELEASE,17,43
H 75 80,RELEASE,20,68
H 75 81,RELEASE,14,35
H 75 82,RELEASE,12,30
H 75 83,SUPPRESS,9,0
H 75 84,SUPPRESS,1,0
H 75 87,SUPPRESS,3,0
H 75 91,SUPPRESS,2,0
H 75 92,RELEASE,18,45
H 75 93,SUPPRESS,7,0
H 75 94,RELEASE,17,63
H 75 95,RELEASE,26,75
H 75 96,RELEASE,67,191
H 75 97,RELEASE,55,137
H 75 98,RELEASE,18,45
H 76 33,SUPPRESS,3,0
H 76 34,SUPPRESS,7,0
H 76 35,SUPPRESS,6,0
H 76 36,RELEASE,10,40
H 76 37,SUPPRESS,8,0
H 76 38,RELEASE,24,68
H 76 39,SUPPRESS,7,0
H 76 40,SUPPRESS,4,0
H 76 41,SUPPRESS,7,0
H 76 42,RELEASE,27,74
H 76 43,RELEASE,32,78
H 76 44,SUPPRESS,8,0
H 76 45,SUPPRESS,6,0
H 76 46,SUPPRESS,7,0
H 76 47,SUPPRESS,3,0
H 76 48,SUPPRESS,5,0
H 76 49,RELEASE,15,36
H 76 50,RELEASE,14,33
H 76 51,RELEASE,10,39
H 76 52,SUPPRESS,12,0
H 76 53,SUPPRESS,6,0
H 76 54,SUPPRESS,10,0
H 76 55,RELEASE,14,45
H 76 56,SUPPRESS,3,0
H 76 57,RELEASE,24,80
H 76 58,RELEASE,20,52
H 76 59,SUPPRESS,11,0
H 76 60,SUPPRESS,7,0
H 76 61,SUPPRESS,8,0
H 76 62,RELEASE,16,54
H 76 63,SUPPRESS,8,0
H 76 64,RELEASE,16,41
H 76 65,RELEASE,151,404
H 76 66,RELEASE,23,64
H 76 67,SUPPRESS,7,0
H 76 68,SUPPRESS,9,0
H 76 69,RELEASE,17,56
H 76 70,RELEASE,13,48
H 76 71,SUPPRESS,6,0
H 76 72,SUPPRESS,2,0
H 76 73,SUPPRESS,9,0
H 76 74,RELEASE,11,33
H 76 75,RELEASE,13,43
H 76 76,RELEASE,22,63
H 76 77,RELEASE,19,55
H 76 78,SUPPRESS,8,0
H 76 79,RELEASE,61,165
H 76 80,RELEASE,20,72
H 76 81,SUPPRESS,5,0
H 76 82,SUPPRESS,9,0
H 76 83,RELEASE,14,47
H 76 84,SUPPRESS,4,0
H 76 85,SUPPRESS,3,0
H 76 86,RELEASE,12,42
H 76 87,SUPPRESS,9,0
H 76 89,SUPPRESS,2,0
H 76 90,SUPPRESS,4,0
H 76 91,SUPPRESS,9,0
H 76 92,RELEASE,21,55
H 76 93,RELEASE,155,464
H 76 94,RELEASE,26,98
H 76 95,RELEASE,19,52
H 76 96,RELEASE,14,58
H 76 97,RELEASE,15,47
H 76 98,SUPPRESS,2,0
H 77 31,SUPPRESS,2,0
H 77 32,RELEASE,12,32
H 77 33,SUPPRESS,5,0
H 77 34,SUPPRESS,7,0
H 77 35,RELEASE,11,37
H 77 36,RELEASE,18,50
H 77 37,RELEASE,18,62
H 77 38,RELEASE,31,85
H 77 39,SUPPRESS,8,0
H 77 40,SUPPRESS,9,0
H 77 41,SUPPRESS,7,0
H 77 42,SUPPRESS,7,0
H 77 43,SUPPRESS,4,0
H 77 44,SUPPRESS,7,0
H 77 45,SUPPRESS,9,0
H 77 46,SUPPRESS,8,0
H 77 48,SUPPRESS,3,0
H 77 49,SUPPRESS,2,0
H 77 51,SUPPRESS,2,0
H 77 52,RELEASE,22,61
H 77 53,RELEASE,19,54
H 77 54,SUPPRESS,7,0
H 77 55,RELEASE,11,39
H 77 56,RELEASE,87,282
H 77 57,RELEASE,18,56
H 77 58,RELEASE,18,47
H 77 59,RELEASE,12,33
H 77 60,RELEASE,131,348
H 77 61,RELEASE,22,73
H 77 62,RELEASE,30,67
H 77 63,RELEASE,30,80
H 77 64,RELEASE,191,474
H 77 65,RELEASE,183,471
H 77 66,RELEASE,18,58
H 77 67,RELEASE,22,75
H 77 68,RELEASE,14,55
H 77 69,SUPPRESS,6,0
H 77 70,SUPPRESS,9,0
H 77 71,RELEASE,13,38
H 77 72,SUPPRESS,9,0
H 77 73,SUPPRESS,4,0
H 77 74,SUPPRESS,8,0
H 77 75,SUPPRESS,5,0
H 77 76,RELEASE,16,40
H 77 77,RELEASE,18,53
H 77 78,RELEASE,19,59
H 77 79,RELEASE,32,88
H 77 80,SUPPRESS,14,0
H 77 81,SUPPRESS,5,0
H 77 82,RELEASE,13,43
H 77 83,RELEASE,27,80
H 77 84,RELEASE,24,64
H 77 85,RELEASE,15,44
H 77 86,SUPPRESS,4,0
H 77 87,SUPPRESS,2,0
H 77 89,SUPPRESS,1,0
H 77 90,SUPPRESS,7,0
H 77 91,RELEASE,11,38
H 77 92,RELEASE,11,36
H 77 93,RELEASE,23,69
H 77 94,RELEASE,122,358
H 77 95,RELEASE,24,65
H 77 96,RELEASE,16,55
H 77 97,RELEASE,10,36
H 77 98,SUPPRESS,8,0
H 78 30,SUPPRESS,5,0
H 78 31,RELEASE,12,45
H 78 32,RELEASE,17,52
H 78 33,SUPPRESS,11,0
H 78 34,SUPPRESS,9,0
H 78 35,SUPPRESS,9,0
H 78 36,SUPPRESS,9,0
H 78 37,RELEASE,18,57
H 78 38,RELEASE,11,36
H 78 39,RELEASE,28,79
H 78 40,SUPPRESS,5,0
H 78 41,RELEASE,14,48
H 78 42,SUPPRESS,5,0
H 78 43,SUPPRESS,6,0
H 78 44,RELEASE,24,71
H 78 45,SUPPRESS,10,0
H 78 46,SUPPRESS,10,0
H 78 47,SUPPRESS,7,0
H 78 48,SUPPRESS,9,0
H 78 49,SUPPRESS,7,0
H 78 50,RELEASE,20,55
H 78 51,RELEASE,13,42
H 78 52,SUPPRESS,7,0
H 78 53,RELEASE,13,42
H 78 54,RELEASE,13,31
H 78 55,RELEASE,19,66
H 78 56,RELEASE,100,306
H 78 57,RELEASE,27,96
H 78 58,RELEASE,13,35
H 78 59,SUPPRESS,10,0
H 78 60,RELEASE,19,55
H 78 61,RELEASE,28,73
H 78 62,RELEASE,586,1723
H 78 63,RELEASE,431,1230
H 78 64,RELEASE,21,57
H 78 65,RELEASE,13,32
H 78 66,RELEASE,23,68
H 78 67,RELEASE,29,90
H 78 68,RELEASE,30,90
H 78 69,RELEASE,15,44
H 78 70,SUPPRESS,9,0
H 78 71,SUPPRESS,8,0
H 78 72,RELEASE,59,148
H 78 73,SUPPRESS,11,0
H 78 74,SUPPRESS,6,0
H 78 75,RELEASE,16,50
H 78 76,SUPPRESS,6,0
H 78 77,SUPPRESS,11,0
H 78 78,RELEASE,19,56
H 78 79,RELEASE,16,43
H 78 80,RELEASE,13,33
H 78 81,RELEASE,27,67
H 78 82,RELEASE,21,60
H 78 83,RELEASE,11,44
H 78 84,RELEASE,13,43
H 78 85,SUPPRESS,8,0
H 78 86,SUPPRESS,1,0
H 78 90,SUPPRESS,1,0
H 78 91,RELEASE,18,55
H 78 92,RELEASE,15,59
H 78 93,RELEASE,15,37
H 78 94,RELEASE,501,1176
H 78 95,RELEASE,127,410
H 78 96,SUPPRESS,5,0
H 78 97,RELEASE,15,45
H 78 98,RELEASE,18,61
H 78 99,SUPPRESS,2,0
H 79 28,SUPPRESS,2,0
H 79 29,SUPPRESS,11,0
H 79 30,RELEASE,20,70
H 79 31,RELEASE,14,57
H 79 32,RELEASE,10,34
H 79 33,SUPPRESS,4,0
H 79 34,SUPPRESS,3,0
H 79 35,RELEASE,10,39
H 79 36,RELEASE,23,57
H 79 38,RELEASE,15,40
H 79 39,SUPPRESS,9,0
H 79 40,SUPPRESS,11,0
H 79 41,SUPPRESS,3,0
H 79 42,SUPPRESS,8,0
H 79 43,SUPPRESS,3,0
H 79 44,RELEASE,114,250
H 79 45,RELEASE,28,76
H 79 46,RELEASE,10,39
H 79 47,SUPPRESS,8,0
H 79 48,RELEASE,15,43
H 79 49,SUPPRESS,9,0
H 79 50,RELEASE,32,81
H 79 51,RELEASE,17,60
H 79 52,SUPPRESS,8,0
H 79 53,SUPPRESS,2,0
H 79 54,SUPPRESS,6,0
H 79 55,RELEASE,21,65
H 79 56,RELEASE,25,72
H 79 57,RELEASE,14,33
H 79 58,RELEASE,14,40
H 79 59,SUPPRESS,8,0
H 79 60,RELEASE,139,428
H 79 61,RELEASE,255,715
H 79 62,RELEASE,1035,2541
H 79 63,RELEASE,493,1310
H 79 64,RELEASE,23,63
H 79 65,RELEASE,29,74
H 79 66,RELEASE,26,79
H 79 67,RELEASE,18,50
H 79 68,RELEASE,21,55
H 79 69,RELEASE,23,72
H 79 70,RELEASE,17,52
H 79 71,RELEASE,13,32
H 79 72,RELEASE,19,67
H 79 73,SUPPRESS,8,0
H 79 74,SUPPRESS,4,0
H 79 75,SUPPRESS,3,0
H 79 76,RELEASE,19,54
H 79 77,RELEASE,35,100
H 79 78,RELEASE,101,259
H 79 79,SUPPRESS,11,0
H 79 80,SUPPRESS,8,0
H 79 81,RELEASE,10,30
H 79 82,SUPPRESS,3,0
H 79 83,RELEASE,23,58
H 79 84,RELEASE,19,64
H 79 85,RELEASE,21,63
H 79 91,SUPPRESS,6,0
H 79 92,RELEASE,13,45
H 79 93,RELEASE,13,41
H 79 94,RELEASE,16,48
H 79 95,RELEASE,14,49
H 79 96,SUPPRESS,9,0
H 79 97,RELEASE,10,40
H 79 98,RELEASE,19,64
H 79 99,RELEASE,18,58
H 80 28,SUPPRESS,6,0
H 80 29,SUPPRESS,8,0
H 80 30,RELEASE,11,34
H 80 31,RELEASE,31,89
H 80 32,RELEASE,27,64
H 80 33,SUPPRESS,8,0
H 80 34,SUPPRESS,6,0
H 80 35,SUPPRESS,3,0
H 80 36,RELEASE,14,46
H 80 37,RELEASE,16,40
H 80 38,SUPPRESS,6,0
H 80 39,SUPPRESS,8,0
H 80 40,RELEASE,12,34
H 80 41,RELEASE,12,43
H 80 42,SUPPRESS,8,0
H 80 43,RELEASE,11,35
H 80 44,SUPPRESS,2,0
H 80 45,RELEASE,16,51
H 80 46,SUPPRESS,3,0
H 80 47,RELEASE,15,51
H 80 48,SUPPRESS,8,0
H 80 49,SUPPRESS,6,0
H 80 50,RELEASE,38,110
H 80 51,RELEASE,61,186
H 80 52,RELEASE,26,83
H 80 53,RELEASE,17,52
H 80 54,RELEASE,21,66
H 80 55,RELEASE,24,90
H 80 56,RELEASE,19,54
H 80 57,SUPPRESS,7,0
H 80 58,SUPPRESS,10,0
H 80 59,RELEASE,119,235
H 80 60,RELEASE,264,566
H 80 61,RELEASE,517,1400
H 80 62,RELEASE,554,1572
H 80 63,RELEASE,782,2246
H 80 64,RELEASE,64,186
H 80 65,RELEASE,13,34
H 80 66,RELEASE,17,43
H 80 67,RELEASE,18,56
H 80 68,RELEASE,20,51
H 80 69,RELEASE,26,79
H 80 70,RELEASE,19,56
H 80 71,SUPPRESS,10,0
H 80 72,RELEASE,16,44
H 80 73,RELEASE,19,52
H 80 74,SUPPRESS,4,0
H 80 75,SUPPRESS,3,0
H 80 76,RELEASE,248,696
H 80 77,RELEASE,848,2328
H 80 78,RELEASE,1221,3052
H 80 79,RELEASE,459,1062
H 80 80,RELEASE,24,64
H 80 81,RELEASE,12,40
H 80 82,RELEASE,42,103
H 80 83,RELEASE,15,43
H 80 84,RELEASE,11,40
H 80 85,RELEASE,20,69
H 80 86,SUPPRESS,2,0
H 80 90,SUPPRESS,1,0
H 80 91,SUPPRESS,2,0
H 80 92,RELEASE,18,53
H 80 93,RELEASE,26,92
H 80 94,SUPPRESS,8,0
H 80 95,RELEASE,14,36
H 80 96,RELEASE,13,41
H 80 97,RELEASE,12,42
H 80 98,RELEASE,33,104
H 80 99,RELEASE,25,86
H 81 27,SUPPRESS,2,0
H 81 28,SUPPRESS,2,0
H 81 29,SUPPRESS,7,0
H 81 30,RELEASE,13,44
H 81 31,RELEASE,18,61
H 81 32,RELEASE,15,33
H 81 33,RELEASE,11,36
H 81 34,SUPPRESS,8,0
H 81 35,SUPPRESS,7,0
H 81 36,RELEASE,17,53
H 81 37,SUPPRESS,7,0
H 81 38,RELEASE,39,97
H 81 39,RELEASE,33,110
H 81 40,SUPPRESS,7,0
H 81 41,SUPPRESS,6,0
H 81 42,RELEASE,14,46
H 81 43,SUPPRESS,6,0
H 81 44,SUPPRESS,7,0
H 81 45,RELEASE,13,36
H 81 46,RELEASE,13,36
H 81 47,RELEASE,16,48
H 81 48,RELEASE,12,36
H 81 49,RELEASE,40,130
H 81 50,RELEASE,27,79
H 81 51,SUPPRESS,8,0
H 81 52,RELEASE,160,472
H 81 53,RELEASE,14,41
H 81 54,RELEASE,16,32
H 81 55,RELEASE,20,63
H 81 56,RELEASE,22,70
H 81 57,RELEASE,13,38
H 81 58,RELEASE,20,62
H 81 59,SUPPRESS,11,0
H 81 60,RELEASE,102,220
H 81 61,RELEASE,472,1357
H 81 62,RELEASE,240,749
H 81 63,RELEASE,20,61
H 81 64,RELEASE,27,65
H 81 65,RELEASE,30,100
H 81 66,RELEASE,24,75
H 81 67,RELEASE,174,448
H 81 68,RELEASE,156,427
H 81 69,RELEASE,11,33
H 81 70,RELEASE,20,63
H 81 71,RELEASE,30,83
H 81 72,SUPPRESS,6,0
H 81 73,RELEASE,23,49
H 81 74,RELEASE,14,72
H 81 75,RELEASE,98,204
H 81 76,RELEASE,188,510
H 81 77,RELEASE,1043,2449
H 81 78,RELEASE,721,1643
H 81 79,RELEASE,187,558
H 81 80,SUPPRESS,9,0
H 81 81,SUPPRESS,9,0
H 81 82,RELEASE,12,30
H 81 83,RELEASE,10,31
H 81 84,SUPPRESS,8,0
H 81 85,RELEASE,23,78
H 81 86,RELEASE,14,50
H 81 91,RELEASE,10,36
H 81 92,RELEASE,28,98
H 81 93,RELEASE,18,68
H 81 94,SUPPRESS,11,0
H 81 95,RELEASE,30,73
H 81 96,SUPPRESS,12,0
H 81 97,RELEASE,11,46
H 81 98,RELEASE,18,44
H 81 99,RELEASE,12,37
H 82 26,SUPPRESS,1,0
H 82 27,RELEASE,17,63
H 82 28,RELEASE,10,37
H 82 29,SUPPRESS,8,0
H 82 30,SUPPRESS,8,0
H 82 31,RELEASE,18,56
H 82 32,RELEASE,11,41
H 82 33,RELEASE,20,54
H 82 34,RELEASE,17,59
H 82 35,RELEASE,20,71
H 82 36,RELEASE,11,36
H 82 37,RELEASE,13,36
H 82 38,RELEASE,11,37
H 82 39,RELEASE,10,35
H 82 40,RELEASE,21,80
H 82 41,RELEASE,12,33
H 82 42,SUPPRESS,3,0
H 82 43,SUPPRESS,9,0
H 82 44,SUPPRESS,7,0
H 82 45,RELEASE,15,40
H 82 46,RELEASE,21,50
H 82 47,RELEASE,11,34
H 82 48,RELEASE,19,53
H 82 49,RELEASE,45,136
H 82 50,RELEASE,12,38
H 82 51,RELEASE,13,54
H 82 52,RELEASE,21,62
H 82 53,RELEASE,12,30
H 82 54,RELEASE,17,43
H 82 55,SUPPRESS,8,0
H 82 56,SUPPRESS,8,0
H 82 57,RELEASE,14,42
H 82 58,RELEASE,73,175
H 82 59,RELEASE,39,108
H 82 60,RELEASE,15,43
H 82 61,RELEASE,17,49
H 82 62,RELEASE,17,47
H 82 63,RELEASE,214,602
H 82 64,RELEASE,27,75
H 82 65,RELEASE,105,278
H 82 66,RELEASE,103,312
H 82 67,RELEASE,34,104
H 82 68,SUPPRESS,7,0
H 82 69,RELEASE,13,34
H 82 70,SUPPRESS,7,0
H 82 71,SUPPRESS,10,0
H 82 72,SUPPRESS,6,0
H 82 73,RELEASE,87,209
H 82 74,SUPPRESS,6,0
H 82 75,RELEASE,12,32
H 82 76,SUPPRESS,6,0
H 82 77,RELEASE,23,62
H 82 78,RELEASE,23,50
H 82 79,RELEASE,14,35
H 82 80,RELEASE,29,85
H 82 81,SUPPRESS,9,0
H 82 82,SUPPRESS,4,0
H 82 83,SUPPRESS,6,0
H 82 84,SUPPRESS,8,0
H 82 85,SUPPRESS,2,0
H 82 86,RELEASE,15,44
H 82 87,SUPPRESS,1,0
H 82 89,SUPPRESS,1,0
H 82 90,SUPPRESS,3,0
H 82 91,RELEASE,27,104
H 82 92,RELEASE,26,90
H 82 93,RELEASE,17,44
H 82 94,SUPPRESS,10,0
H 82 95,SUPPRESS,6,0
H 82 96,RELEASE,151,344
H 82 97,SUPPRESS,10,0
H 82 98,RELEASE,17,48
H 82 99,RELEASE,29,73
H 83 26,SUPPRESS,4,0
H 83 27,RELEASE,11,34
H 83 28,SUPPRESS,11,0
H 83 29,SUPPRESS,6,0
H 83 30,RELEASE,19,56
H 83 31,RELEASE,31,106
H 83 32,SUPPRESS,6,0
H 83 33,RELEASE,19,34
H 83 34,SUPPRESS,12,0
H 83 35,RELEASE,12,32
H 83 36,RELEASE,17,48
H 83 37,SUPPRESS,5,0
H 83 38,RELEASE,29,99
H 83 39,RELEASE,22,77
H 83 40,SUPPRESS,6,0
H 83 41,RELEASE,23,61
H 83 42,SUPPRESS,8,0
H 83 43,RELEASE,17,59
H 83 44,RELEASE,11,39
H 83 45,SUPPRESS,5,0
H 83 46,RELEASE,22,70
H 83 47,RELEASE,24,72
H 83 48,RELEASE,21,70
H 83 49,RELEASE,13,45
H 83 50,SUPPRESS,9,0
H 83 51,SUPPRESS,1,0
H 83 52,RELEASE,20,61
H 83 53,RELEASE,19,50
H 83 54,RELEASE,19,72
H 83 55,RELEASE,13,40
H 83 56,RELEASE,40,98
H 83 57,RELEASE,27,72
H 83 58,SUPPRESS,8,0
H 83 59,RELEASE,13,31
H 83 60,RELEASE,17,50
H 83 61,RELEASE,45,121
H 83 62,RELEASE,23,66
H 83 63,RELEASE,25,73
H 83 64,RELEASE,30,91
H 83 65,RELEASE,172,540
H 83 66,RELEASE,261,536
H 83 67,RELEASE,300,732
H 83 68,SUPPRESS,10,0
H 83 69,RELEASE,15,59
H 83 70,SUPPRESS,9,0
H 83 71,SUPPRESS,5,0
H 83 72,SUPPRESS,9,0
H 83 73,SUPPRESS,4,0
H 83 74,RELEASE,15,42
H 83 75,RELEASE,15,41
H 83 76,RELEASE,15,37
H 83 77,SUPPRESS,5,0
H 83 78,RELEASE,15,42
H 83 79,SUPPRESS,7,0
H 83 80,SUPPRESS,9,0
H 83 81,RELEASE,14,44
H 83 82,RELEASE,19,50
H 83 83,SUPPRESS,12,0
H 83 84,RELEASE,19,48
H 83 85,SUPPRESS,5,0
H 83 86,SUPPRESS,8,0
H 83 87,RELEASE,17,51
H 83 88,RELEASE,15,55
H 83 89,RELEASE,15,60
H 83 90,RELEASE,31,99
H 83 91,RELEASE,34,90
H 83 92,RELEASE,16,61
H 83 93,SUPPRESS,7,0
H 83 94,SUPPRESS,8,0
H 83 95,SUPPRESS,12,0
H 83 96,RELEASE,197,482
H 83 97,RELEASE,16,49
H 83 98,SUPPRESS,8,0
H 83 99,SUPPRESS,7,0
H 84 28,RELEASE,14,38
H 84 29,RELEASE,21,63
H 84 30,RELEASE,13,41
H 84 31,RELEASE,11,30
H 84 32,RELEASE,19,53
H 84 33,RELEASE,310,732
H 84 34,RELEASE,694,1669
H 84 35,RELEASE,18,122
H 84 36,SUPPRESS,6,0
H 84 37,RELEASE,10,32
H 84 38,RELEASE,19,56
H 84 39,RELEASE,15,52
H 84 40,SUPPRESS,8,0
H 84 41,RELEASE,16,62
H 84 42,SUPPRESS,9,0
H 84 43,SUPPRESS,9,0
H 84 44,SUPPRESS,7,0
H 84 45,SUPPRESS,3,0
H 84 46,RELEASE,17,47
H 84 47,SUPPRESS,10,0
H 84 48,RELEASE,19,69
H 84 49,RELEASE,17,44
H 84 50,RELEASE,15,50
H 84 51,RELEASE,15,45
H 84 52,RELEASE,230,625
H 84 53,SUPPRESS,7,0
H 84 54,SUPPRESS,8,0
H 84 55,RELEASE,46,125
H 84 56,RELEASE,539,1388
H 84 57,SUPPRESS,10,0
H 84 58,RELEASE,24,77
H 84 59,RELEASE,23,60
H 84 60,RELEASE,42,112
H 84 61,RELEASE,358,980
H 84 62,RELEASE,21,70
H 84 63,RELEASE,44,128
H 84 64,RELEASE,57,154
H 84 65,RELEASE,383,1035
H 84 66,RELEASE,982,2488
H 84 67,RELEASE,198,556
H 84 68,RELEASE,20,63
H 84 69,RELEASE,15,38
H 84 70,RELEASE,17,52
H 84 71,SUPPRESS,7,0
H 84 72,SUPPRESS,9,0
H 84 73,SUPPRESS,7,0
H 84 74,SUPPRESS,8,0
H 84 75,SUPPRESS,9,0
H 84 76,RELEASE,14,76
H 84 77,RELEASE,33,79
H 84 78,RELEASE,23,64
H 84 79,SUPPRESS,5,0
H 84 80,SUPPRESS,5,0
H 84 81,SUPPRESS,10,0
H 84 82,RELEASE,14,46
H 84 83,RELEASE,14,39
H 84 84,RELEASE,19,53
H 84 85,RELEASE,14,52
H 84 86,RELEASE,19,58
H 84 87,RELEASE,13,44
H 84 88,RELEASE,13,48
H 84 89,RELEASE,10,38
H 84 90,SUPPRESS,9,0
H 84 91,RELEASE,16,43
H 84 92,SUPPRESS,6,0
H 84 93,RELEASE,12,40
H 84 94,SUPPRESS,11,0
H 84 95,SUPPRESS,7,0
H 84 96,RELEASE,12,32
H 84 97,RELEASE,10,33
H 84 98,RELEASE,20,54
H 84 99,RELEASE,24,67
H 85 28,SUPPRESS,3,0
H 85 29,SUPPRESS,8,0
H 85 30,RELEASE,11,30
H 85 31,RELEASE,11,33
H 85 32,RELEASE,29,79
H 85 33,RELEASE,116,321
H 85 34,RELEASE,237,668
H 85 35,RELEASE,24,60
H 85 36,RELEASE,17,52
H 85 37,RELEASE,12,38
H 85 38,SUPPRESS,9,0
H 85 39,RELEASE,14,43
H 85 40,RELEASE,33,101
H 85 41,RELEASE,12,31
H 85 42,RELEASE,25,73
H 85 43,RELEASE,257,668
H 85 44,RELEASE,24,81
H 85 45,RELEASE,33,88
H 85 46,RELEASE,19,55
H 85 47,RELEASE,21,30
H 85 48,SUPPRESS,7,0
H 85 49,RELEASE,15,51
H 85 50,RELEASE,28,79
H 85 51,RELEASE,15,53
H 85 52,RELEASE,29,81
H 85 53,SUPPRESS,5,0
H 85 54,RELEASE,18,63
H 85 55,RELEASE,98,259
H 85 56,RELEASE,147,340
H 85 57,SUPPRESS,13,0
H 85 58,RELEASE,25,77
H 85 59,RELEASE,11,38
H 85 60,RELEASE,24,68
H 85 61,RELEASE,38,101
H 85 62,RELEASE,35,108
H 85 63,RELEASE,34,89
H 85 64,RELEASE,62,145
H 85 65,RELEASE,345,1068
H 85 66,RELEASE,82,246
H 85 67,RELEASE,68,189
H 85 68,RELEASE,36,102
H 85 69,RELEASE,20,81
H 85 70,RELEASE,289,669
H 85 71,RELEASE,26,73
H 85 72,SUPPRESS,2,0
H 85 73,SUPPRESS,8,0
H 85 74,SUPPRESS,8,0
H 85 75,RELEASE,14,45
H 85 76,RELEASE,16,43
H 85 77,RELEASE,12,33
H 85 78,SUPPRESS,3,0
H 85 79,RELEASE,13,46
H 85 80,SUPPRESS,7,0
H 85 81,RELEASE,10,33
H 85 82,RELEASE,31,83
H 85 83,RELEASE,468,1179
H 85 84,RELEASE,169,462
H 85 85,SUPPRESS,8,0
H 85 86,RELEASE,15,46
H 85 87,RELEASE,11,33
H 85 88,RELEASE,17,54
H 85 89,RELEASE,13,50
H 85 90,RELEASE,14,36
H 85 91,RELEASE,23,72
H 85 92,RELEASE,122,288
H 85 93,RELEASE,16,50
H 85 94,RELEASE,21,64
H 85 95,SUPPRESS,7,0
H 85 96,SUPPRESS,13,0
H 85 97,SUPPRESS,6,0
H 85 98,SUPPRESS,2,0
H 85 99,RELEASE,71,136
H 86 28,SUPPRESS,6,0
H 86 29,RELEASE,13,36
H 86 30,SUPPRESS,3,0
H 86 31,RELEASE,106,283
H 86 32,RELEASE,23,78
H 86 33,RELEASE,19,59
H 86 34,RELEASE,16,46
H 86 35,RELEASE,17,55
H 86 36,SUPPRESS,7,0
H 86 37,RELEASE,13,38
H 86 38,RELEASE,15,44
H 86 39,RELEASE,18,75
H 86 40,RELEASE,38,99
H 86 41,RELEASE,21,56
H 86 42,RELEASE,20,74
H 86 43,RELEASE,71,239
H 86 44,RELEASE,734,1955
H 86 45,RELEASE,693,2000
H 86 46,RELEASE,146,431
H 86 47,RELEASE,31,136
H 86 48,RELEASE,16,46
H 86 49,RELEASE,21,58
H 86 50,RELEASE,58,177
H 86 51,RELEASE,25,73
H 86 52,RELEASE,31,91
H 86 53,RELEASE,23,100
H 86 54,RELEASE,46,138
H 86 55,RELEASE,15,47
H 86 56,RELEASE,23,48
H 86 57,RELEASE,12,32
H 86 58,RELEASE,15,50
H 86 59,RELEASE,30,85
H 86 60,RELEASE,28,79
H 86 61,RELEASE,16,42
H 86 62,SUPPRESS,4,0
H 86 63,RELEASE,15,40
H 86 64,RELEASE,18,47
H 86 65,RELEASE,67,189
H 86 66,RELEASE,43,139
H 86 67,RELEASE,122,405
H 86 68,RELEASE,23,57
H 86 69,RELEASE,11,38
H 86 70,RELEASE,15,46
H 86 71,SUPPRESS,6,0
H 86 72,RELEASE,18,54
H 86 73,RELEASE,24,65
H 86 74,RELEASE,22,58
H 86 75,RELEASE,15,36
H 86 76,RELEASE,37,89
H 86 77,SUPPRESS,8,0
H 86 78,RELEASE,56,125
H 86 79,RELEASE,37,116
H 86 80,SUPPRESS,7,0
H 86 81,RELEASE,10,33
H 86 82,SUPPRESS,2,0
H 86 83,RELEASE,127,364
H 86 84,RELEASE,96,253
H 86 85,SUPPRESS,3,0
H 86 86,RELEASE,18,36
H 86 87,SUPPRESS,8,0
H 86 88,SUPPRESS,7,0
H 86 89,SUPPRESS,8,0
H 86 90,SUPPRESS,8,0
H 86 91,RELEASE,21,75
H 86 92,RELEASE,20,54
H 86 93,RELEASE,10,31
H 86 94,SUPPRESS,3,0
H 86 95,RELEASE,19,57
H 86 96,SUPPRESS,9,0
H 86 97,SUPPRESS,2,0
H 86 98,SUPPRESS,1,0
H 86 99,RELEASE,28,66
H 87 13,SUPPRESS,8,0
H 87 14,SUPPRESS,7,0
H 87 16,SUPPRESS,3,0
H 87 19,SUPPRESS,5,0
H 87 27,SUPPRESS,2,0
H 87 29,SUPPRESS,4,0
H 87 30,SUPPRESS,9,0
H 87 31,SUPPRESS,7,0
H 87 32,SUPPRESS,10,0
H 87 33,RELEASE,19,45
H 87 34,RELEASE,15,40
H 87 35,RELEASE,23,74
H 87 36,RELEASE,25,83
H 87 37,RELEASE,17,55
H 87 38,SUPPRESS,6,0
H 87 39,SUPPRESS,9,0
H 87 40,RELEASE,16,44
H 87 41,RELEASE,14,40
H 87 42,SUPPRESS,8,0
H 87 43,RELEASE,218,702
H 87 44,RELEASE,400,936
H 87 45,RELEASE,906,1909
H 87 46,RELEASE,491,1269
H 87 47,RELEASE,98,205
H 87 48,RELEASE,11,37
H 87 49,SUPPRESS,5,0
H 87 50,RELEASE,40,137
H 87 51,RELEASE,37,107
H 87 52,SUPPRESS,10,0
H 87 53,RELEASE,31,84
H 87 54,RELEASE,20,49
H 87 55,RELEASE,30,85
H 87 56,RELEASE,17,63
H 87 57,RELEASE,24,61
H 87 58,SUPPRESS,9,0
H 87 59,RELEASE,22,67
H 87 60,SUPPRESS,2,0
H 87 61,RELEASE,114,281
H 87 62,RELEASE,15,38
H 87 63,RELEASE,27,101
H 87 64,RELEASE,27,81
H 87 65,RELEASE,49,146
H 87 66,RELEASE,30,109
H 87 67,RELEASE,100,276
H 87 68,RELEASE,95,277
H 87 69,RELEASE,14,49
H 87 70,RELEASE,12,42
H 87 71,SUPPRESS,8,0
H 87 73,SUPPRESS,4,0
H 87 74,SUPPRESS,8,0
H 87 75,SUPPRESS,6,0
H 87 76,SUPPRESS,7,0
H 87 77,RELEASE,12,41
H 87 78,RELEASE,14,50
H 87 79,SUPPRESS,11,0
H 87 80,RELEASE,14,52
H 87 81,RELEASE,18,46
H 87 82,RELEASE,13,47
H 87 83,RELEASE,26,76
H 87 84,SUPPRESS,8,0
H 87 85,RELEASE,13,36
H 87 86,SUPPRESS,10,0
H 87 87,RELEASE,10,33
H 87 88,SUPPRESS,10,0
H 87 89,RELEASE,18,47
H 87 90,SUPPRESS,8,0
H 87 91,RELEASE,23,63
H 87 92,SUPPRESS,10,0
H 87 93,RELEASE,26,74
H 87 94,RELEASE,16,53
H 87 96,SUPPRESS,6,0
H 87 97,SUPPRESS,7,0
H 87 98,SUPPRESS,9,0
H 87 99,RELEASE,22,64
H 88 12,SUPPRESS,5,0
H 88 13,RELEASE,103,275
H 88 14,RELEASE,21,75
H 88 15,SUPPRESS,3,0
H 88 16,RELEASE,24,79
H 88 17,SUPPRESS,3,0
H 88 18,RELEASE,12,34
H 88 19,SUPPRESS,8,0
H 88 20,SUPPRESS,4,0
H 88 21,SUPPRESS,1,0
H 88 25,SUPPRESS,1,0
H 88 26,SUPPRESS,5,0
H 88 27,SUPPRESS,10,0
H 88 28,SUPPRESS,4,0
H 88 29,SUPPRESS,1,0
H 88 30,SUPPRESS,5,0
H 88 31,SUPPRESS,2,0
H 88 32,RELEASE,10,32
H 88 33,RELEASE,14,60
H 88 34,RELEASE,31,100
H 88 35,RELEASE,14,39
H 88 36,RELEASE,26,92
H 88 37,RELEASE,26,86
H 88 38,RELEASE,13,50
H 88 39,RELEASE,14,34
H 88 40,RELEASE,20,45
H 88 41,RELEASE,15,38
H 88 42,RELEASE,13,40
H 88 43,RELEASE,499,1305
H 88 44,RELEASE,826,1867
H 88 45,RELEASE,612,1456
H 88 46,RELEASE,229,529
H 88 47,RELEASE,13,32
H 88 48,RELEASE,34,80
H 88 49,RELEASE,16,40
H 88 50,RELEASE,13,44
H 88 51,RELEASE,34,123
H 88 52,RELEASE,16,51
H 88 53,RELEASE,11,31
H 88 54,RELEASE,23,69
H 88 55,RELEASE,11,41
H 88 56,SUPPRESS,7,0
H 88 57,RELEASE,19,73
H 88 58,RELEASE,21,57
H 88 59,RELEASE,48,133
H 88 60,RELEASE,96,302
H 88 61,RELEASE,56,117
H 88 62,RELEASE,17,57
H 88 63,RELEASE,27,76
H 88 64,RELEASE,15,56
H 88 65,RELEASE,34,134
H 88 66,RELEASE,70,218
H 88 67,RELEASE,37,94
H 88 68,RELEASE,25,83
H 88 69,RELEASE,25,85
H 88 70,SUPPRESS,7,0
H 88 71,SUPPRESS,5,0
H 88 72,SUPPRESS,4,0
H 88 73,SUPPRESS,5,0
H 88 74,SUPPRESS,7,0
H 88 75,SUPPRESS,5,0
H 88 76,SUPPRESS,6,0
H 88 77,SUPPRESS,4,0
H 88 78,RELEASE,28,65
H 88 79,RELEASE,19,47
H 88 80,SUPPRESS,8,0
H 88 81,SUPPRESS,9,0
H 88 82,RELEASE,11,40
H 88 83,RELEASE,18,56
H 88 84,RELEASE,15,52
H 88 85,RELEASE,14,49
H 88 86,RELEASE,13,42
H 88 87,SUPPRESS,7,0
H 88 88,RELEASE,22,68
H 88 89,RELEASE,277,658
H 88 90,RELEASE,402,1113
H 88 91,RELEASE,162,461
H 88 92,RELEASE,22,49
H 88 93,RELEASE,14,33
H 88 94,RELEASE,14,46
H 88 95,SUPPRESS,10,0
H 88 96,RELEASE,12,49
H 88 97,RELEASE,21,59
H 88 98,RELEASE,17,76
H 88 99,RELEASE,27,56
H 89 11,SUPPRESS,2,0
H 89 12,RELEASE,40,141
H 89 13,RELEASE,35,101
H 89 14,RELEASE,26,67
H 89 15,RELEASE,15,39
H 89 16,RELEASE,14,52
H 89 17,RELEASE,13,46
H 89 18,RELEASE,12,37
H 89 19,RELEASE,14,41
H 89 20,SUPPRESS,9,0
H 89 21,RELEASE,10,31
H 89 22,RELEASE,16,49
H 89 23,SUPPRESS,2,0
H 89 24,RELEASE,19,60
H 89 25,RELEASE,10,43
H 89 26,RELEASE,14,44
H 89 27,RELEASE,11,40
H 89 28,SUPPRESS,8,0
H 89 29,SUPPRESS,3,0
H 89 30,SUPPRESS,7,0
H 89 31,SUPPRESS,4,0
H 89 32,SUPPRESS,10,0
H 89 33,SUPPRESS,10,0
H 89 34,RELEASE,14,44
H 89 35,RELEASE,28,94
H 89 36,RELEASE,20,65
H 89 37,RELEASE,39,145
H 89 38,RELEASE,25,72
H 89 39,SUPPRESS,10,0
H 89 40,RELEASE,10,31
H 89 41,SUPPRESS,5,0
H 89 42,SUPPRESS,9,0
H 89 43,RELEASE,252,662
H 89 44,RELEASE,143,337
H 89 45,RELEASE,144,399
H 89 46,RELEASE,259,679
H 89 47,RELEASE,12,33
H 89 48,SUPPRESS,4,0
H 89 49,RELEASE,12,39
H 89 50,SUPPRESS,10,0
H 89 51,RELEASE,12,31
H 89 52,RELEASE,37,96
H 89 53,RELEASE,18,58
H 89 54,SUPPRESS,9,0
H 89 55,RELEASE,19,60
H 89 56,RELEASE,26,66
H 89 57,RELEASE,17,45
H 89 58,RELEASE,14,55
H 89 59,SUPPRESS,14,0
H 89 60,SUPPRESS,10,0
H 89 61,SUPPRESS,6,0
H 89 62,RELEASE,29,75
H 89 63,RELEASE,15,46
H 89 64,RELEASE,27,94
H 89 65,RELEASE,12,43
H 89 66,RELEASE,52,159
H 89 67,RELEASE,16,43
H 89 68,RELEASE,51,150
H 89 69,RELEASE,16,42
H 89 70,SUPPRESS,10,0
H 89 71,SUPPRESS,6,0
H 89 72,SUPPRESS,8,0
H 89 73,RELEASE,17,53
H 89 74,RELEASE,12,33
H 89 75,RELEASE,20,65
H 89 76,SUPPRESS,5,0
H 89 77,RELEASE,25,63
H 89 78,RELEASE,307,810
H 89 79,SUPPRESS,9,0
H 89 80,RELEASE,14,49
H 89 81,RELEASE,11,33
H 89 82,RELEASE,12,35
H 89 83,SUPPRESS,8,0
H 89 84,RELEASE,14,45
H 89 85,RELEASE,16,51
H 89 86,SUPPRESS,8,0
H 89 87,RELEASE,12,31
H 89 88,RELEASE,13,43
H 89 89,RELEASE,728,1929
H 89 90,RELEASE,1124,2482
H 89 91,RELEASE,433,1316
H 89 92,SUPPRESS,3,0
H 89 93,SUPPRESS,7,0
H 89 94,RELEASE,26,75
H 89 95,RELEASE,59,142
H 89 96,RELEASE,31,73
H 89 97,RELEASE,69,167
H 89 98,RELEASE,28,94
H 89 99,RELEASE,172,525
H 90 11,RELEASE,20,67
H 90 12,RELEASE,24,76
H 90 13,RELEASE,19,44
H 90 14,RELEASE,46,134
H 90 15,RELEASE,250,571
H 90 16,RELEASE,25,82
H 90 17,SUPPRESS,6,0
H 90 18,RELEASE,18,64
H 90 19,RELEASE,15,54
H 90 20,RELEASE,12,37
H 90 21,RELEASE,11,34
H 90 22,RELEASE,18,67
H 90 23,SUPPRESS,5,0
H 90 24,SUPPRESS,5,0
H 90 25,RELEASE,10,31
H 90 26,SUPPRESS,0,0
H 90 27,SUPPRESS,3,0
H 90 30,SUPPRESS,2,0
H 90 32,SUPPRESS,5,0
H 90 33,RELEASE,13,60
H 90 34,RELEASE,17,61
H 90 35,RELEASE,14,41
H 90 36,RELEASE,16,52
H 90 37,RELEASE,21,70
H 90 38,SUPPRESS,4,0
H 90 39,SUPPRESS,9,0
H 90 40,SUPPRESS,5,0
H 90 41,SUPPRESS,9,0
H 90 42,RELEASE,29,77
H 90 43,SUPPRESS,6,0
H 90 44,RELEASE,12,38
H 90 45,RELEASE,13,32
H 90 46,RELEASE,14,51
H 90 48,SUPPRESS,4,0
H 90 49,SUPPRESS,6,0
H 90 50,RELEASE,14,42
H 90 51,RELEASE,18,35
H 90 52,RELEASE,75,177
H 90 53,RELEASE,16,44
H 90 54,RELEASE,16,49
H 90 55,RELEASE,55,167
H 90 56,RELEASE,52,128
H 90 57,RELEASE,123,335
H 90 58,RELEASE,13,30
H 90 59,SUPPRESS,1,0
H 90 60,RELEASE,12,30
H 90 61,SUPPRESS,7,0
H 90 62,RELEASE,25,79
H 90 63,RELEASE,39,116
H 90 64,RELEASE,30,91
H 90 65,RELEASE,19,57
H 90 66,SUPPRESS,1,0
H 90 67,SUPPRESS,3,0
H 90 68,RELEASE,66,208
H 90 69,RELEASE,32,93
H 90 70,RELEASE,14,36
H 90 71,RELEASE,11,51
H 90 72,RELEASE,12,33
H 90 73,RELEASE,19,51
H 90 74,RELEASE,14,42
H 90 75,SUPPRESS,4,0
H 90 76,RELEASE,12,48
H 90 77,SUPPRESS,10,0
H 90 78,RELEASE,22,66
H 90 79,SUPPRESS,3,0
H 90 80,SUPPRESS,5,0
H 90 81,SUPPRESS,4,0
H 90 82,RELEASE,15,39
H 90 83,RELEASE,27,79
H 90 84,RELEASE,77,245
H 90 85,RELEASE,13,43
H 90 86,RELEASE,28,94
H 90 87,RELEASE,21,69
H 90 88,RELEASE,18,53
H 90 89,RELEASE,122,334
H 90 90,RELEASE,611,1509
H 90 91,SUPPRESS,13,0
H 90 92,RELEASE,20,44
H 90 93,SUPPRESS,7,0
H 90 94,RELEASE,35,113
H 90 95,SUPPRESS,8,0
H 90 96,RELEASE,39,108
H 90 97,SUPPRESS,9,0
H 90 98,RELEASE,26,91
H 90 99,RELEASE,69,220
H 91 11,RELEASE,16,34
H 91 12,RELEASE,20,82
H 91 13,RELEASE,22,73
H 91 14,RELEASE,269,682
H 91 15,RELEASE,194,573
H 91 16,RELEASE,19,70
H 91 17,RELEASE,14,50
H 91 18,RELEASE,11,30
H 91 19,SUPPRESS,7,0
H 91 20,SUPPRESS,2,0
H 91 21,RELEASE,13,35
H 91 22,RELEASE,10,33
H 91 23,SUPPRESS,8,0
H 91 24,SUPPRESS,9,0
H 91 25,RELEASE,10,30
H 91 26,SUPPRESS,8,0
H 91 27,SUPPRESS,7,0
H 91 28,SUPPRESS,5,0
H 91 29,SUPPRESS,7,0
H 91 31,SUPPRESS,5,0
H 91 32,SUPPRESS,4,0
H 91 35,SUPPRESS,11,0
H 91 36,RELEASE,14,44
H 91 37,RELEASE,12,43
H 91 38,RELEASE,12,37
H 91 39,SUPPRESS,9,0
H 91 40,RELEASE,12,33
H 91 41,RELEASE,32,79
H 91 42,RELEASE,19,53
H 91 43,SUPPRESS,10,0
H 91 44,SUPPRESS,8,0
H 91 45,SUPPRESS,10,0
H 91 46,RELEASE,23,61
H 91 47,RELEASE,23,55
H 91 48,RELEASE,12,86
H 91 49,SUPPRESS,3,0
H 91 50,RELEASE,19,36
H 91 51,SUPPRESS,9,0
H 91 52,RELEASE,58,141
H 91 53,RELEASE,22,65
H 91 54,RELEASE,24,75
H 91 55,RELEASE,13,35
H 91 56,RELEASE,31,97
H 91 57,RELEASE,62,147
H 91 58,RELEASE,24,75
H 91 60,SUPPRESS,5,0
H 91 61,RELEASE,14,49
H 91 62,RELEASE,12,40
H 91 63,RELEASE,19,65
H 91 64,RELEASE,12,30
H 91 65,SUPPRESS,4,0
H 91 69,SUPPRESS,10,0
H 91 70,RELEASE,16,56
H 91 71,RELEASE,40,115
H 91 72,RELEASE,33,98
H 91 73,RELEASE,36,109
H 91 74,RELEASE,41,131
H 91 75,RELEASE,13,34
H 91 76,SUPPRESS,8,0
H 91 77,RELEASE,27,75
H 91 78,SUPPRESS,8,0
H 91 79,RELEASE,16,57
H 91 80,SUPPRESS,8,0
H 91 81,SUPPRESS,9,0
H 91 82,RELEASE,13,35
H 91 83,RELEASE,21,58
H 91 84,RELEASE,18,52
H 91 85,SUPPRESS,6,0
H 91 86,RELEASE,16,50
H 91 87,RELEASE,25,105
H 91 88,RELEASE,19,59
H 91 89,RELEASE,15,43
H 91 90,RELEASE,11,30
H 91 91,SUPPRESS,9,0
H 91 92,RELEASE,13,42
H 91 93,RELEASE,12,41
H 91 94,SUPPRESS,9,0
H 91 95,RELEASE,23,63
H 91 96,RELEASE,18,48
H 91 97,RELEASE,19,78
H 91 98,RELEASE,22,68
H 91 99,RELEASE,10,37
H 92 11,SUPPRESS,3,0
H 92 12,SUPPRESS,2,0
H 92 13,RELEASE,16,49
H 92 14,SUPPRESS,7,0
H 92 15,SUPPRESS,9,0
H 92 16,RELEASE,26,92
H 92 17,RELEASE,14,45
H 92 18,SUPPRESS,7,0
H 92 19,SUPPRESS,5,0
H 92 20,RELEASE,41,147
H 92 21,RELEASE,118,299
H 92 22,RELEASE,18,80
H 92 23,RELEASE,13,58
H 92 24,RELEASE,13,47
H 92 25,RELEASE,19,64
H 92 26,RELEASE,25,82
H 92 27,RELEASE,176,422
H 92 28,RELEASE,126,313
H 92 29,RELEASE,11,30
H 92 30,SUPPRESS,3,0
H 92 31,SUPPRESS,4,0
H 92 32,SUPPRESS,4,0
H 92 33,SUPPRESS,3,0
H 92 34,SUPPRESS,4,0
H 92 35,RELEASE,14,33
H 92 36,SUPPRESS,5,0
H 92 37,RELEASE,22,79
H 92 38,RELEASE,13,37
H 92 39,RELEASE,15,55
H 92 40,RELEASE,12,44
H 92 41,RELEASE,19,62
H 92 42,RELEASE,22,65
H 92 43,RELEASE,13,44
H 92 44,RELEASE,20,64
H 92 45,RELEASE,12,40
H 92 46,RELEASE,16,43
H 92 47,SUPPRESS,5,0
H 92 48,RELEASE,16,40
H 92 49,RELEASE,29,67
H 92 50,RELEASE,18,58
H 92 51,RELEASE,19,63
H 92 52,RELEASE,17,56
H 92 53,SUPPRESS,5,0
H 92 54,RELEASE,25,75
H 92 55,RELEASE,19,51
H 92 56,RELEASE,27,64
H 92 57,RELEASE,47,124
H 92 58,RELEASE,17,48
H 92 59,SUPPRESS,10,0
H 92 60,RELEASE,33,89
H 92 61,RELEASE,14,44
H 92 62,RELEASE,29,90
H 92 63,RELEASE,79,193
H 92 69,SUPPRESS,1,0
H 92 70,RELEASE,13,43
H 92 71,RELEASE,26,85
H 92 72,RELEASE,20,68
H 92 73,RELEASE,22,69
H 92 74,RELEASE,23,78
H 92 75,RELEASE,15,52
H 92 76,SUPPRESS,8,0
H 92 77,RELEASE,21,58
H 92 78,RELEASE,58,181
H 92 79,RELEASE,95,299
H 92 80,RELEASE,15,39
H 92 81,RELEASE,20,58
H 92 82,SUPPRESS,10,0
H 92 83,SUPPRESS,6,0
H 92 84,RELEASE,13,39
H 92 85,RELEASE,23,68
H 92 86,RELEASE,16,54
H 92 87,RELEASE,44,125
H 92 88,RELEASE,12,38
H 92 89,RELEASE,23,69
H 92 90,RELEASE,16,44
H 92 91,RELEASE,46,122
H 92 92,RELEASE,272,721
H 92 93,RELEASE,225,533
H 92 94,SUPPRESS,6,0
H 92 95,SUPPRESS,4,0
H 92 96,SUPPRESS,4,0
H 92 97,RELEASE,25,75
H 92 98,RELEASE,24,75
H 92 99,RELEASE,18,69
H 93 12,SUPPRESS,6,0
H 93 13,RELEASE,20,61
H 93 14,RELEASE,12,32
H 93 15,RELEASE,76,188
H 93 16,RELEASE,71,155
H 93 17,RELEASE,12,47
H 93 18,RELEASE,12,33
H 93 19,SUPPRESS,8,0
H 93 20,RELEASE,17,44
H 93 21,SUPPRESS,6,0
H 93 22,RELEASE,29,88
H 93 23,RELEASE,17,54
H 93 24,SUPPRESS,7,0
H 93 25,SUPPRESS,5,0
H 93 26,RELEASE,17,49
H 93 27,RELEASE,48,138
H 93 28,RELEASE,13,44
H 93 29,RELEASE,11,37
H 93 30,SUPPRESS,3,0
H 93 33,RELEASE,15,58
H 93 34,RELEASE,18,64
H 93 35,RELEASE,76,214
H 93 36,RELEASE,18,60
H 93 37,RELEASE,15,43
H 93 38,RELEASE,15,47
H 93 39,SUPPRESS,5,0
H 93 40,RELEASE,12,40
H 93 41,RELEASE,16,47
H 93 42,RELEASE,22,81
H 93 43,SUPPRESS,9,0
H 93 44,RELEASE,17,49
H 93 45,SUPPRESS,9,0
H 93 46,RELEASE,14,33
H 93 47,RELEASE,81,213
H 93 48,RELEASE,132,302
H 93 49,SUPPRESS,13,0
H 93 50,SUPPRESS,8,0
H 93 51,RELEASE,19,55
H 93 52,RELEASE,141,369
H 93 53,RELEASE,14,40
H 93 54,RELEASE,17,37
H 93 55,SUPPRESS,9,0
H 93 56,RELEASE,25,69
H 93 57,RELEASE,29,117
H 93 58,RELEASE,60,156
H 93 59,RELEASE,26,74
H 93 60,RELEASE,45,101
H 93 61,RELEASE,44,106
H 93 62,RELEASE,43,129
H 93 63,RELEASE,12,32
H 93 64,SUPPRESS,1,0
H 93 73,SUPPRESS,4,0
H 93 74,RELEASE,56,178
H 93 75,RELEASE,142,443
H 93 76,RELEASE,23,56
H 93 77,RELEASE,36,101
H 93 78,RELEASE,56,190
H 93 79,RELEASE,83,252
H 93 80,RELEASE,29,86
H 93 81,RELEASE,63,178
H 93 82,RELEASE,26,86
H 93 83,RELEASE,28,108
H 93 84,RELEASE,10,39
H 93 85,RELEASE,15,45
H 93 86,RELEASE,27,67
H 93 87,RELEASE,17,62
H 93 88,RELEASE,17,62
H 93 89,RELEASE,39,128
H 93 90,RELEASE,19,41
H 93 91,RELEASE,15,49
H 93 92,RELEASE,222,638
H 93 93,RELEASE,289,733
H 93 94,SUPPRESS,3,0
H 93 95,RELEASE,11,37
H 93 96,RELEASE,18,54
H 93 97,RELEASE,16,45
H 93 98,RELEASE,17,58
H 93 99,RELEASE,27,111
H 94 12,SUPPRESS,7,0
H 94 13,RELEASE,13,43
H 94 14,RELEASE,22,69
H 94 15,RELEASE,17,61
H 94 16,RELEASE,30,83
H 94 17,RELEASE,23,73
H 94 18,RELEASE,28,97
H 94 19,SUPPRESS,8,0
H 94 20,RELEASE,15,52
H 94 21,RELEASE,41,121
H 94 22,SUPPRESS,9,0
H 94 23,RELEASE,12,34
H 94 24,SUPPRESS,4,0
H 94 25,SUPPRESS,9,0
H 94 26,SUPPRESS,7,0
H 94 27,SUPPRESS,7,0
H 94 28,SUPPRESS,11,0
H 94 29,RELEASE,16,68
H 94 30,SUPPRESS,3,0
H 94 31,SUPPRESS,4,0
H 94 32,RELEASE,10,36
H 94 33,RELEASE,18,62
H 94 34,SUPPRESS,8,0
H 94 35,SUPPRESS,6,0
H 94 36,SUPPRESS,10,0
H 94 37,RELEASE,12,34
H 94 38,RELEASE,10,30
H 94 39,RELEASE,13,41
H 94 40,SUPPRESS,7,0
H 94 41,RELEASE,11,31
H 94 42,RELEASE,11,37
H 94 43,RELEASE,20,58
H 94 44,RELEASE,377,999
H 94 45,RELEASE,20,65
H 94 46,RELEASE,20,52
H 94 47,RELEASE,511,1291
H 94 48,RELEASE,468,1108
H 94 49,RELEASE,26,79
H 94 50,RELEASE,67,185
H 94 51,RELEASE,35,81
H 94 52,RELEASE,31,87
H 94 53,RELEASE,20,65
H 94 54,RELEASE,14,39
H 94 55,RELEASE,16,59
H 94 56,RELEASE,21,50
H 94 57,RELEASE,15,45
H 94 58,RELEASE,36,98
H 94 59,RELEASE,23,60
H 94 60,RELEASE,151,423
H 94 61,RELEASE,49,146
H 94 62,RELEASE,23,53
H 94 63,SUPPRESS,1,0
H 94 73,RELEASE,21,62
H 94 74,RELEASE,81,237
H 94 75,SUPPRESS,10,0
H 94 76,RELEASE,16,49
H 94 77,RELEASE,39,124
H 94 78,SUPPRESS,1,0
H 94 79,RELEASE,25,73
H 94 80,SUPPRESS,6,0
H 94 81,RELEASE,25,73
H 94 82,RELEASE,26,98
H 94 83,SUPPRESS,10,0
H 94 84,RELEASE,12,37
H 94 85,RELEASE,241,656
H 94 86,RELEASE,21,56
H 94 87,RELEASE,51,139
H 94 88,RELEASE,57,183
H 94 89,RELEASE,42,139
H 94 90,RELEASE,22,55
H 94 91,RELEASE,16,41
H 94 92,RELEASE,71,213
H 94 93,RELEASE,49,157
H 94 94,RELEASE,37,119
H 94 95,RELEASE,42,125
H 94 96,RELEASE,36,129
H 94 97,RELEASE,44,133
H 94 98,RELEASE,30,93
H 94 99,RELEASE,13,37
H 95 12,SUPPRESS,3,0
H 95 13,SUPPRESS,6,0
H 95 14,RELEASE,24,70
H 95 15,SUPPRESS,10,0
H 95 16,RELEASE,22,68
H 95 17,RELEASE,21,59
H 95 18,RELEASE,22,70
H 95 19,RELEASE,15,48
H 95 20,RELEASE,23,71
H 95 21,RELEASE,16,53
H 95 22,SUPPRESS,3,0
H 95 23,SUPPRESS,3,0
H 95 24,RELEASE,16,52
H 95 25,SUPPRESS,2,0
H 95 26,SUPPRESS,10,0
H 95 27,SUPPRESS,1,0
H 95 28,RELEASE,12,40
H 95 29,SUPPRESS,9,0
H 95 30,RELEASE,18,62
H 95 31,RELEASE,13,36
H 95 32,RELEASE,15,45
H 95 33,RELEASE,16,42
H 95 34,RELEASE,16,50
H 95 35,RELEASE,15,41
H 95 36,RELEASE,17,43
H 95 37,SUPPRESS,7,0
H 95 38,SUPPRESS,8,0
H 95 39,RELEASE,198,487
H 95 40,RELEASE,16,64
H 95 41,RELEASE,19,45
H 95 42,RELEASE,40,107
H 95 43,RELEASE,14,49
H 95 44,RELEASE,39,105
H 95 45,RELEASE,13,37
H 95 46,RELEASE,15,37
H 95 47,RELEASE,33,87
H 95 48,RELEASE,14,51
H 95 49,RELEASE,26,82
H 95 50,RELEASE,22,68
H 95 51,SUPPRESS,8,0
H 95 52,RELEASE,19,53
H 95 53,RELEASE,24,61
H 95 54,RELEASE,16,57
H 95 55,RELEASE,16,39
H 95 56,RELEASE,15,41
H 95 57,RELEASE,20,71
H 95 58,RELEASE,29,91
H 95 59,RELEASE,37,100
H 95 60,RELEASE,22,52
H 95 61,RELEASE,15,50
H 95 62,RELEASE,34,94
H 95 73,RELEASE,14,47
H 95 74,RELEASE,30,94
H 95 75,SUPPRESS,9,0
H 95 76,RELEASE,93,273
H 95 77,RELEASE,107,297
H 95 78,RELEASE,80,227
H 95 79,RELEASE,44,129
H 95 80,RELEASE,14,48
H 95 81,SUPPRESS,3,0
H 95 82,SUPPRESS,1,0
H 95 86,SUPPRESS,4,0
H 95 87,RELEASE,16,54
H 95 88,RELEASE,44,129
H 95 89,RELEASE,46,139
H 95 90,RELEASE,53,143
H 95 91,RELEASE,63,244
H 95 92,RELEASE,56,172
H 95 93,RELEASE,15,44
H 95 94,RELEASE,32,103
H 95 95,RELEASE,30,94
H 95 96,RELEASE,445,1188
H 95 97,RELEASE,32,83
H 95 98,RELEASE,36,123
H 95 99,RELEASE,10,32
H 96 13,SUPPRESS,4,0
H 96 14,RELEASE,59,147
H 96 15,RELEASE,12,44
H 96 16,RELEASE,15,59
H 96 17,RELEASE,70,161
H 96 18,RELEASE,18,49
H 96 19,RELEASE,24,71
H 96 20,RELEASE,14,48
H 96 21,RELEASE,18,81
H 96 22,RELEASE,15,47
H 96 23,SUPPRESS,5,0
H 96 24,SUPPRESS,3,0
H 96 25,RELEASE,10,33
H 96 26,RELEASE,11,33
H 96 27,SUPPRESS,7,0
H 96 28,SUPPRESS,3,0
H 96 29,SUPPRESS,7,0
H 96 30,RELEASE,17,37
H 96 31,SUPPRESS,7,0
H 96 32,RELEASE,12,38
H 96 33,SUPPRESS,8,0
H 96 34,RELEASE,12,39
H 96 35,SUPPRESS,9,0
H 96 36,SUPPRESS,10,0
H 96 37,RELEASE,14,38
H 96 38,RELEASE,20,55
H 96 39,RELEASE,575,1387
H 96 40,RELEASE,46,108
H 96 41,SUPPRESS,10,0
H 96 42,RELEASE,17,41
H 96 43,SUPPRESS,3,0
H 96 44,RELEASE,19,60
H 96 45,RELEASE,10,37
H 96 46,SUPPRESS,8,0
H 96 47,RELEASE,15,39
H 96 48,RELEASE,13,40
H 96 49,SUPPRESS,7,0
H 96 50,RELEASE,127,264
H 96 51,RELEASE,38,113
H 96 52,RELEASE,19,68
H 96 53,RELEASE,26,85
H 96 54,RELEASE,18,50
H 96 55,RELEASE,248,712
H 96 56,RELEASE,28,87
H 96 57,RELEASE,23,56
H 96 58,RELEASE,21,53
H 96 59,SUPPRESS,9,0
H 96 60,RELEASE,27,90
H 96 61,RELEASE,18,63
H 96 62,RELEASE,19,44
H 96 63,RELEASE,23,55
H 96 64,SUPPRESS,1,0
H 96 74,RELEASE,10,32
H 96 75,RELEASE,24,81
H 96 76,RELEASE,16,43
H 96 77,RELEASE,46,143
H 96 78,RELEASE,48,155
H 96 89,SUPPRESS,5,0
H 96 90,SUPPRESS,2,0
H 96 91,RELEASE,105,307
H 96 92,RELEASE,27,81
H 96 93,SUPPRESS,6,0
H 96 94,RELEASE,14,48
H 96 95,RELEASE,13,33
H 96 96,RELEASE,19,67
H 96 97,RELEASE,19,57
H 96 98,RELEASE,16,50
H 96 99,RELEASE,13,38
H 97 12,SUPPRESS,4,0
H 97 13,SUPPRESS,7,0
H 97 14,SUPPRESS,6,0
H 97 15,RELEASE,49,168
H 97 16,RELEASE,27,78
H 97 17,RELEASE,13,38
H 97 18,RELEASE,23,80
H 97 19,RELEASE,27,96
H 97 20,RELEASE,21,79
H 97 21,RELEASE,28,87
H 97 22,RELEASE,21,68
H 97 23,SUPPRESS,6,0
H 97 24,SUPPRESS,4,0
H 97 25,RELEASE,17,55
H 97 26,RELEASE,14,50
H 97 27,SUPPRESS,5,0
H 97 28,SUPPRESS,6,0
H 97 29,SUPPRESS,9,0
H 97 30,RELEASE,10,31
H 97 31,SUPPRESS,7,0
H 97 32,RELEASE,16,43
H 97 33,RELEASE,85,225
H 97 34,RELEASE,19,63
H 97 35,SUPPRESS,8,0
H 97 36,RELEASE,20,68
H 97 37,RELEASE,14,54
H 97 38,RELEASE,14,46
H 97 39,RELEASE,12,39
H 97 40,RELEASE,13,42
H 97 41,SUPPRESS,7,0
H 97 42,SUPPRESS,2,0
H 97 43,RELEASE,20,60
H 97 44,RELEASE,25,67
H 97 45,SUPPRESS,9,0
H 97 46,RELEASE,85,195
H 97 47,RELEASE,19,41
H 97 48,RELEASE,17,45
H 97 49,SUPPRESS,4,0
H 97 50,RELEASE,22,56
H 97 51,RELEASE,16,53
H 97 52,RELEASE,19,63
H 97 53,RELEASE,24,54
H 97 54,RELEASE,14,39
H 97 55,RELEASE,22,47
H 97 56,RELEASE,19,48
H 97 57,RELEASE,32,109
H 97 58,SUPPRESS,7,0
H 97 59,RELEASE,28,101
H 97 60,RELEASE,17,44
H 97 61,RELEASE,17,47
H 97 62,SUPPRESS,6,0
H 97 63,SUPPRESS,5,0
H 97 64,SUPPRESS,1,0
H 97 90,SUPPRESS,10,0
H 97 91,SUPPRESS,5,0
H 97 96,SUPPRESS,1,0
H 97 97,RELEASE,36,100
H 97 98,RELEASE,14,49
H 97 99,SUPPRESS,3,0
H 98 13,RELEASE,15,46
H 98 14,RELEASE,42,108
H 98 15,RELEASE,14,53
H 98 16,RELEASE,23,90
H 98 17,RELEASE,11,34
H 98 18,RELEASE,11,30
H 98 19,RELEASE,37,116
H 98 20,RELEASE,23,82
H 98 21,RELEASE,18,57
H 98 22,SUPPRESS,6,0
H 98 23,RELEASE,15,55
H 98 24,SUPPRESS,7,0
H 98 25,SUPPRESS,7,0
H 98 26,RELEASE,12,33
H 98 27,RELEASE,130,368
H 98 28,RELEASE,11,44
H 98 29,SUPPRESS,4,0
H 98 30,SUPPRESS,1,0
H 98 31,RELEASE,124,349
H 98 32,RELEASE,11,39
H 98 33,RELEASE,14,40
H 98 34,SUPPRESS,12,0
H 98 35,RELEASE,14,56
H 98 36,RELEASE,11,40
H 98 37,RELEASE,11,36
H 98 38,RELEASE,14,43
H 98 39,RELEASE,11,42
H 98 40,RELEASE,18,50
H 98 41,RELEASE,25,64
H 98 42,RELEASE,16,43
H 98 43,SUPPRESS,9,0
H 98 44,RELEASE,30,74
H 98 45,RELEASE,40,100
H 98 46,RELEASE,33,100
H 98 47,RELEASE,14,47
H 98 48,RELEASE,17,58
H 98 49,RELEASE,35,88
H 98 50,RELEASE,110,296
H 98 51,RELEASE,32,69
H 98 52,RELEASE,20,51
H 98 53,RELEASE,17,45
H 98 54,SUPPRESS,7,0
H 98 55,RELEASE,21,58
H 98 56,RELEASE,17,63
H 98 57,RELEASE,15,47
H 98 58,RELEASE,21,58
H 98 59,RELEASE,22,70
H 98 60,RELEASE,15,39
H 98 61,SUPPRESS,2,0
H 98 62,RELEASE,97,297
H 98 63,RELEASE,14,59
H 98 64,SUPPRESS,4,0
H 98 86,SUPPRESS,6,0
H 98 87,SUPPRESS,4,0
H 98 90,RELEASE,18,37
H 98 91,SUPPRESS,6,0
H 98 95,SUPPRESS,9,0
H 98 96,SUPPRESS,6,0
H 98 98,SUPPRESS,3,0
H 99 14,RELEASE,17,48
H 99 15,SUPPRESS,8,0
H 99 16,SUPPRESS,3,0
H 99 17,RELEASE,10,36
H 99 18,RELEASE,151,430
H 99 19,RELEASE,150,372
H 99 20,RELEASE,40,108
H 99 21,RELEASE,36,106
H 99 22,RELEASE,13,40
H 99 23,SUPPRESS,2,0
H 99 24,RELEASE,29,99
H 99 25,SUPPRESS,6,0
H 99 26,RELEASE,17,61
H 99 27,RELEASE,36,114
H 99 28,RELEASE,13,40
H 99 29,RELEASE,28,81
H 99 30,RELEASE,22,73
H 99 31,RELEASE,23,78
H 99 32,SUPPRESS,8,0
H 99 33,RELEASE,23,75
H 99 34,RELEASE,81,170
H 99 35,RELEASE,20,34
H 99 36,SUPPRESS,3,0
H 99 37,RELEASE,73,179
H 99 38,SUPPRESS,9,0
H 99 39,SUPPRESS,2,0
H 99 40,RELEASE,13,41
H 99 41,RELEASE,12,34
H 99 42,RELEASE,16,48
H 99 43,SUPPRESS,11,0
H 99 44,SUPPRESS,8,0
H 99 45,RELEASE,22,53
H 99 46,RELEASE,20,58
H 99 47,RELEASE,32,93
H 99 48,RELEASE,30,80
H 99 49,SUPPRESS,7,0
H 99 50,RELEASE,27,62
H 99 51,RELEASE,39,95
H 99 52,RELEASE,256,544
H 99 53,RELEASE,798,2018
H 99 54,RELEASE,460,1157
H 99 55,RELEASE,108,331
H 99 56,RELEASE,22,73
H 99 57,RELEASE,18,47
H 99 58,RELEASE,12,40
H 99 59,RELEASE,21,61
H 99 60,SUPPRESS,10,0
H 99 61,SUPPRESS,10,0
H 99 62,RELEASE,87,277
H 99 63,RELEASE,21,66
H 99 85,SUPPRESS,1,0
H 99 86,RELEASE,24,81
H 99 87,RELEASE,27,93
H 99 88,RELEASE,35,98
H 99 89,RELEASE,12,34
H 99 90,RELEASE,374,1006
H 99 91,RELEASE,22,67
H 99 92,SUPPRESS,9,0
H 99 93,RELEASE,12,37
H 99 94,SUPPRESS,9,0
H 99 95,RELEASE,23,75
H 99 96,RELEASE,18,60
H 99 97,RELEASE,17,60
H 99 98,SUPPRESS,8,0
H 99 99,SUPPRESS,11,0
J 00 14,RELEASE,15,55
J 00 15,RELEASE,21,71
J 00 16,SUPPRESS,10,0
J 00 17,RELEASE,37,86
J 00 18,SUPPRESS,5,0
J 00 19,RELEASE,35,121
J 00 20,RELEASE,22,57
J 00 21,RELEASE,23,63
J 00 22,RELEASE,14,38
J 00 23,RELEASE,24,82
J 00 24,RELEASE,84,235
J 00 25,RELEASE,12,36
J 00 26,RELEASE,23,48
J 00 27,RELEASE,26,104
J 00 28,SUPPRESS,4,0
J 00 29,RELEASE,13,36
J 00 30,RELEASE,13,40
J 00 31,SUPPRESS,6,0
J 00 32,SUPPRESS,6,0
J 00 33,RELEASE,15,50
J 00 34,SUPPRESS,3,0
J 00 35,RELEASE,14,36
J 00 36,RELEASE,21,62
J 00 37,RELEASE,15,49
J 00 38,SUPPRESS,8,0
J 00 39,SUPPRESS,9,0
J 00 40,RELEASE,12,37
J 00 41,SUPPRESS,9,0
J 00 42,RELEASE,16,49
J 00 43,RELEASE,29,87
J 00 44,SUPPRESS,12,0
J 00 45,RELEASE,24,54
J 00 46,RELEASE,16,51
J 00 47,RELEASE,402,1052
J 00 48,RELEASE,74,201
J 00 49,RELEASE,41,85
J 00 50,RELEASE,20,54
J 00 51,RELEASE,287,811
J 00 52,RELEASE,937,2189
J 00 53,RELEASE,1511,3395
J 00 54,RELEASE,1443,3611
J 00 55,RELEASE,585,1555
J 00 56,RELEASE,16,31
J 00 57,RELEASE,38,97
J 00 58,RELEASE,32,102
J 00 60,RELEASE,17,52
J 00 61,SUPPRESS,3,0
J 00 62,RELEASE,77,247
J 00 63,RELEASE,20,58
J 00 85,SUPPRESS,4,0
J 00 86,SUPPRESS,6,0
J 00 87,RELEASE,25,86
J 00 88,RELEASE,55,163
J 00 89,RELEASE,13,46
J 00 90,SUPPRESS,10,0
J 00 91,RELEASE,37,116
J 00 92,RELEASE,41,121
J 00 93,RELEASE,29,112
J 00 94,SUPPRESS,6,0
J 00 95,RELEASE,48,176
J 00 96,RELEASE,10,33
J 00 97,RELEASE,20,55
J 00 98,RELEASE,30,118
J 00 99,RELEASE,34,119
J 01 14,SUPPRESS,6,0
J 01 15,RELEASE,192,425
J 01 16,RELEASE,89,264
J 01 17,RELEASE,25,96
J 01 18,RELEASE,16,48
J 01 22,SUPPRESS,8,0
J 01 23,SUPPRESS,7,0
J 01 24,RELEASE,25,63
J 01 25,RELEASE,16,56
J 01 26,RELEASE,38,140
J 01 27,RELEASE,28,108
J 01 28,RELEASE,19,70
J 01 29,RELEASE,15,51
J 01 30,SUPPRESS,5,0
J 01 31,RELEASE,11,37
J 01 32,SUPPRESS,5,0
J 01 33,SUPPRESS,8,0
J 01 34,SUPPRESS,9,0
J 01 35,RELEASE,11,39
J 01 36,SUPPRESS,8,0
J 01 37,SUPPRESS,10,0
J 01 38,SUPPRESS,3,0
J 01 39,SUPPRESS,4,0
J 01 40,SUPPRESS,7,0
J 01 41,RELEASE,13,47
J 01 42,RELEASE,23,75
J 01 43,RELEASE,23,56
J 01 44,RELEASE,20,56
J 01 45,SUPPRESS,5,0
J 01 46,RELEASE,26,60
J 01 47,RELEASE,16,46
J 01 48,RELEASE,147,342
J 01 49,RELEASE,22,59
J 01 50,RELEASE,23,61
J 01 51,RELEASE,177,492
J 01 52,RELEASE,438,1062
J 01 53,RELEASE,590,1397
J 01 54,RELEASE,568,1204
J 01 55,SUPPRESS,10,0
J 01 56,SUPPRESS,10,0
J 01 57,RELEASE,19,56
J 01 58,SUPPRESS,4,0
J 01 59,RELEASE,36,117
J 01 60,RELEASE,12,44
J 01 61,RELEASE,41,119
J 01 62,RELEASE,15,44
J 01 63,RELEASE,12,43
J 01 85,SUPPRESS,7,0
J 01 86,RELEASE,13,35
J 01 87,SUPPRESS,8,0
J 01 88,RELEASE,18,55
J 01 89,RELEASE,14,36
J 01 90,SUPPRESS,6,0
J 01 91,RELEASE,25,93
J 01 92,SUPPRESS,7,0
J 01 93,RELEASE,50,129
J 01 94,RELEASE,22,60
J 01 95,RELEASE,10,35
J 01 96,RELEASE,34,102
J 01 97,RELEASE,10,31
J 01 98,RELEASE,23,78
J 01 99,RELEASE,28,56
J 02 13,RELEASE,25,65
J 02 14,RELEASE,26,81
J 02 15,SUPPRESS,9,0
J 02 16,RELEASE,20,69
J 02 17,RELEASE,16,52
J 02 18,SUPPRESS,4,0
J 02 23,SUPPRESS,1,0
J 02 24,RELEASE,23,75
J 02 25,RELEASE,21,88
J 02 26,RELEASE,40,120
J 02 27,RELEASE,20,63
J 02 28,RELEASE,12,34
J 02 29,RELEASE,16,45
J 02 30,RELEASE,12,38
J 02 31,SUPPRESS,5,0
J 02 32,RELEASE,32,82
J 02 33,SUPPRESS,9,0
J 02 34,RELEASE,14,43
J 02 35,SUPPRESS,6,0
J 02 36,SUPPRESS,9,0
J 02 37,SUPPRESS,5,0
J 02 38,SUPPRESS,9,0
J 02 39,SUPPRESS,5,0
J 02 40,SUPPRESS,9,0
J 02 41,RELEASE,15,39
J 02 42,SUPPRESS,7,0
J 02 43,SUPPRESS,6,0
J 02 44,RELEASE,15,51
J 02 45,SUPPRESS,7,0
J 02 46,RELEASE,381,923
J 02 47,RELEASE,44,142
J 02 48,RELEASE,16,56
J 02 49,RELEASE,19,51
J 02 50,RELEASE,22,58
J 02 52,RELEASE,15,43
J 02 53,RELEASE,1264,3187
J 02 54,RELEASE,1106,2661
J 02 55,RELEASE,750,1938
J 02 56,RELEASE,15,40
J 02 57,RELEASE,42,113
J 02 58,RELEASE,45,142
J 02 59,SUPPRESS,9,0
J 02 60,RELEASE,36,102
J 02 61,RELEASE,83,235
J 02 62,RELEASE,13,37
J 02 63,SUPPRESS,9,0
J 02 85,RELEASE,12,32
J 02 86,RELEASE,14,42
J 02 87,SUPPRESS,7,0
J 02 88,SUPPRESS,6,0
J 02 89,SUPPRESS,8,0
J 02 90,SUPPRESS,7,0
J 02 91,SUPPRESS,3,0
J 02 92,SUPPRESS,5,0
J 02 93,RELEASE,23,70
J 02 94,SUPPRESS,7,0
J 02 95,RELEASE,23,63
J 02 96,RELEASE,18,57
J 02 97,RELEASE,36,99
J 02 98,RELEASE,17,58
J 02 99,RELEASE,14,45
J 03 13,RELEASE,25,104
J 03 14,SUPPRESS,4,0
J 03 15,RELEASE,21,76
J 03 16,RELEASE,31,83
J 03 17,RELEASE,130,342
J 03 18,RELEASE,15,41
J 03 22,SUPPRESS,8,0
J 03 23,SUPPRESS,5,0
J 03 24,SUPPRESS,5,0
J 03 25,RELEASE,16,54
J 03 26,RELEASE,192,497
J 03 27,RELEASE,285,796
J 03 28,RELEASE,22,68
J 03 29,SUPPRESS,8,0
J 03 30,RELEASE,16,60
J 03 31,RELEASE,16,58
J 03 32,RELEASE,14,42
J 03 33,SUPPRESS,2,0
J 03 34,RELEASE,23,76
J 03 35,SUPPRESS,6,0
J 03 36,RELEASE,19,57
J 03 37,RELEASE,17,47
J 03 38,RELEASE,15,59
J 03 39,SUPPRESS,6,0
J 03 40,SUPPRESS,5,0
J 03 41,SUPPRESS,5,0
J 03 42,RELEASE,15,40
J 03 43,SUPPRESS,9,0
J 03 44,SUPPRESS,12,0
J 03 45,RELEASE,238,528
J 03 46,RELEASE,792,1938
J 03 47,RELEASE,29,66
J 03 48,RELEASE,14,40
J 03 49,RELEASE,20,47
J 03 50,RELEASE,21,54
J 03 51,RELEASE,14,43
J 03 52,RELEASE,388,990
J 03 53,RELEASE,112,301
J 03 54,RELEASE,683,1769
J 03 55,RELEASE,293,917
J 03 56,RELEASE,399,1081
J 03 57,RELEASE,38,107
J 03 58,SUPPRESS,9,0
J 03 59,RELEASE,41,119
J 03 60,RELEASE,198,621
J 03 61,SUPPRESS,1,0
J 03 85,RELEASE,22,69
J 03 86,SUPPRESS,7,0
J 03 87,SUPPRESS,9,0
J 03 88,SUPPRESS,2,0
J 03 89,RELEASE,32,98
J 03 90,RELEASE,11,34
J 03 91,RELEASE,13,41
J 03 92,SUPPRESS,2,0
J 03 93,RELEASE,23,68
J 03 94,RELEASE,17,45
J 03 95,RELEASE,211,551
J 03 96,RELEASE,19,64
J 03 97,RELEASE,12,39
J 03 98,RELEASE,18,67
J 03 99,RELEASE,18,59
J 04 13,SUPPRESS,5,0
J 04 14,RELEASE,10,31
J 04 15,RELEASE,35,122
J 04 16,RELEASE,24,71
J 04 17,RELEASE,28,90
J 04 18,RELEASE,27,88
J 04 19,RELEASE,14,46
J 04 20,RELEASE,23,82
J 04 21,RELEASE,45,116
J 04 22,RELEASE,32,90
J 04 23,RELEASE,20,72
J 04 25,SUPPRESS,9,0
J 04 26,RELEASE,19,66
J 04 27,RELEASE,235,626
J 04 28,RELEASE,736,1859
J 04 29,RELEASE,19,58
J 04 30,RELEASE,18,59
J 04 31,RELEASE,20,60
J 04 32,RELEASE,18,54
J 04 33,RELEASE,12,35
J 04 34,RELEASE,23,69
J 04 35,RELEASE,12,43
J 04 36,RELEASE,10,30
J 04 37,SUPPRESS,7,0
J 04 38,SUPPRESS,9,0
J 04 39,RELEASE,14,45
J 04 40,SUPPRESS,8,0
J 04 41,SUPPRESS,7,0
J 04 42,SUPPRESS,8,0
J 04 43,SUPPRESS,6,0
J 04 44,SUPPRESS,10,0
J 04 45,SUPPRESS,11,0
J 04 46,RELEASE,42,108
J 04 47,SUPPRESS,7,0
J 04 48,SUPPRESS,5,0
J 04 49,SUPPRESS,1,0
J 04 50,RELEASE,13,30
J 04 51,RELEASE,38,87
J 04 52,RELEASE,83,236
J 04 53,RELEASE,29,80
J 04 54,RELEASE,22,50
J 04 55,RELEASE,38,126
J 04 56,RELEASE,636,1576
J 04 57,RELEASE,243,692
J 04 58,RELEASE,120,322
J 04 59,RELEASE,217,648
J 04 85,RELEASE,14,61
J 04 86,RELEASE,36,118
J 04 87,RELEASE,16,60
J 04 88,RELEASE,10,33
J 04 89,RELEASE,23,72
J 04 90,RELEASE,18,65
J 04 91,RELEASE,23,83
J 04 92,RELEASE,20,57
J 04 93,RELEASE,10,30
J 04 94,SUPPRESS,10,0
J 04 95,RELEASE,10,33
J 04 96,RELEASE,32,92
J 04 97,RELEASE,19,64
J 04 98,RELEASE,20,47
J 04 99,RELEASE,13,44
J 05 13,SUPPRESS,6,0
J 05 14,RELEASE,28,103
J 05 15,RELEASE,25,80
J 05 16,RELEASE,37,109
J 05 17,RELEASE,26,87
J 05 18,RELEASE,38,115
J 05 19,RELEASE,18,62
J 05 20,RELEASE,380,981
J 05 21,RELEASE,34,117
J 05 22,RELEASE,42,153
J 05 23,RELEASE,33,97
J 05 25,SUPPRESS,1,0
J 05 26,RELEASE,12,38
J 05 27,RELEASE,199,493
J 05 28,RELEASE,528,1368
J 05 29,RELEASE,32,85
J 05 30,RELEASE,29,93
J 05 31,RELEASE,20,61
J 05 32,RELEASE,12,33
J 05 33,RELEASE,14,50
J 05 34,SUPPRESS,6,0
J 05 35,RELEASE,25,79
J 05 36,SUPPRESS,6,0
J 05 37,RELEASE,25,74
J 05 38,RELEASE,89,216
J 05 39,RELEASE,125,310
J 05 40,RELEASE,17,47
J 05 41,RELEASE,38,100
J 05 42,RELEASE,16,38
J 05 43,RELEASE,37,113
J 05 44,RELEASE,26,76
J 05 45,RELEASE,12,46
J 05 46,SUPPRESS,6,0
J 05 47,RELEASE,17,46
J 05 48,RELEASE,28,73
J 05 49,RELEASE,16,43
J 05 50,RELEASE,18,55
J 05 51,RELEASE,24,65
J 05 52,RELEASE,32,94
J 05 53,RELEASE,28,72
J 05 54,RELEASE,16,52
J 05 55,RELEASE,165,476
J 05 56,RELEASE,879,2186
J 05 57,RELEASE,76,230
J 05 58,RELEASE,115,357
J 05 59,RELEASE,164,496
J 05 60,SUPPRESS,8,0
J 05 61,SUPPRESS,8,0
J 05 85,RELEASE,12,37
J 05 86,RELEASE,29,93
J 05 87,RELEASE,43,140
J 05 88,RELEASE,11,39
J 05 89,RELEASE,17,42
J 05 90,RELEASE,27,82
J 05 91,RELEASE,25,79
J 05 92,RELEASE,17,60
J 05 93,RELEASE,23,61
J 05 94,RELEASE,22,67
J 05 95,SUPPRESS,8,0
J 05 96,RELEASE,28,64
J 05 97,RELEASE,20,50
J 05 98,RELEASE,20,59
J 05 99,RELEASE,16,37
J 06 14,SUPPRESS,1,0
J 06 15,RELEASE,17,46
J 06 16,RELEASE,158,413
J 06 17,RELEASE,36,99
J 06 18,RELEASE,21,83
J 06 19,RELEASE,25,76
J 06 20,RELEASE,38,112
J 06 21,RELEASE,33,109
J 06 22,RELEASE,37,106
J 06 23,RELEASE,17,53
J 06 24,SUPPRESS,7,0
J 06 25,RELEASE,13,42
J 06 26,RELEASE,44,129
J 06 27,RELEASE,477,1216
J 06 28,RELEASE,173,453
J 06 29,RELEASE,33,86
J 06 30,RELEASE,59,142
J 06 31,RELEASE,18,48
J 06 32,SUPPRESS,11,0
J 06 33,RELEASE,18,51
J 06 34,SUPPRESS,6,0
J 06 35,RELEASE,20,64
J 06 36,RELEASE,16,59
J 06 37,RELEASE,13,46
J 06 38,SUPPRESS,8,0
J 06 39,RELEASE,96,258
J 06 40,RELEASE,13,31
J 06 41,SUPPRESS,4,0
J 06 42,SUPPRESS,6,0
J 06 43,RELEASE,163,385
J 06 44,RELEASE,75,201
J 06 45,RELEASE,23,59
J 06 46,RELEASE,25,71
J 06 47,RELEASE,96,251
J 06 48,RELEASE,636,1437
J 06 49,RELEASE,137,311
J 06 50,RELEASE,32,102
J 06 51,RELEASE,50,154
J 06 52,RELEASE,27,84
J 06 53,RELEASE,54,159
J 06 54,RELEASE,44,101
J 06 55,RELEASE,800,2178
J 06 56,RELEASE,493,1282
J 06 57,RELEASE,1076,2995
J 06 58,SUPPRESS,3,0
J 06 59,RELEASE,260,785
J 06 60,RELEASE,203,549
J 06 61,RELEASE,49,114
J 06 62,SUPPRESS,3,0
J 06 65,SUPPRESS,3,0
J 06 85,RELEASE,11,40
J 06 86,RELEASE,11,49
J 06 87,RELEASE,22,73
J 06 88,RELEASE,17,48
J 06 89,RELEASE,11,38
J 06 90,SUPPRESS,10,0
J 06 91,SUPPRESS,11,0
J 06 92,RELEASE,53,130
J 06 93,RELEASE,30,87
J 06 94,SUPPRESS,9,0
J 06 95,SUPPRESS,5,0
J 06 96,RELEASE,28,77
J 06 97,RELEASE,27,95
J 06 98,RELEASE,19,60
J 06 99,RELEASE,18,56
J 07 17,SUPPRESS,5,0
J 07 19,RELEASE,23,71
J 07 20,RELEASE,28,80
J 07 21,RELEASE,30,108
J 07 22,RELEASE,236,581
J 07 23,RELEASE,29,91
J 07 24,RELEASE,458,1222
J 07 25,RELEASE,433,1213
J 07 26,RELEASE,795,2038
J 07 27,RELEASE,1182,2837
J 07 28,RELEASE,277,776
J 07 29,RELEASE,48,98
J 07 30,SUPPRESS,3,0
J 07 31,RELEASE,16,56
J 07 32,RELEASE,137,369
J 07 33,RELEASE,21,81
J 07 34,RELEASE,20,57
J 07 35,SUPPRESS,7,0
J 07 36,SUPPRESS,5,0
J 07 38,RELEASE,15,42
J 07 39,SUPPRESS,9,0
J 07 40,RELEASE,19,60
J 07 41,SUPPRESS,4,0
J 07 42,RELEASE,13,34
J 07 43,RELEASE,18,52
J 07 44,RELEASE,19,50
J 07 45,RELEASE,11,31
J 07 46,RELEASE,16,36
J 07 47,RELEASE,15,37
J 07 48,RELEASE,24,52
J 07 49,SUPPRESS,9,0
J 07 50,RELEASE,24,86
J 07 51,RELEASE,40,106
J 07 52,RELEASE,61,165
J 07 53,RELEASE,225,587
J 07 54,RELEASE,246,614
J 07 55,RELEASE,15,37
J 07 56,RELEASE,28,60
J 07 57,RELEASE,1680,3868
J 07 58,RELEASE,1538,3362
J 07 59,RELEASE,1075,2694
J 07 60,RELEASE,155,465
J 07 61,SUPPRESS,12,0
J 07 62,RELEASE,19,62
J 07 63,SUPPRESS,1,0
J 07 64,RELEASE,25,73
J 07 65,RELEASE,11,33
J 07 66,RELEASE,36,100
J 07 86,RELEASE,10,41
J 07 87,RELEASE,34,99
J 07 88,RELEASE,22,61
J 07 89,RELEASE,191,492
J 07 90,RELEASE,567,1341
J 07 91,RELEASE,214,485
J 07 92,SUPPRESS,10,0
J 07 93,RELEASE,13,31
J 07 94,SUPPRESS,9,0
J 07 95,RELEASE,12,41
J 07 96,RELEASE,14,38
J 07 97,RELEASE,15,39
J 07 98,RELEASE,30,74
J 07 99,RELEASE,13,32
J 08 18,SUPPRESS,2,0
J 08 19,RELEASE,34,106
J 08 20,RELEASE,66,190
J 08 21,RELEASE,24,133
J 08 22,SUPPRESS,13,0
J 08 23,RELEASE,41,98
J 08 24,RELEASE,410,1135
J 08 25,RELEASE,878,2005
J 08 26,RELEASE,851,1685
J 08 27,RELEASE,799,1911
J 08 28,RELEASE,605,1600
J 08 29,RELEASE,23,71
J 08 30,RELEASE,16,71
J 08 31,RELEASE,11,32
J 08 32,RELEASE,22,71
J 08 33,RELEASE,18,58
J 08 34,RELEASE,25,78
J 08 35,RELEASE,13,51
J 08 36,RELEASE,41,107
J 08 37,SUPPRESS,7,0
J 08 38,SUPPRESS,5,0
J 08 39,RELEASE,13,51
J 08 40,SUPPRESS,7,0
J 08 41,RELEASE,18,44
J 08 42,RELEASE,19,55
J 08 43,RELEASE,22,64
J 08 44,RELEASE,33,107
J 08 45,RELEASE,25,80
J 08 46,RELEASE,19,46
J 08 47,SUPPRESS,8,0
J 08 48,RELEASE,51,95
J 08 49,RELEASE,18,61
J 08 50,RELEASE,21,70
J 08 51,RELEASE,31,91
J 08 52,RELEASE,17,49
J 08 53,RELEASE,40,124
J 08 54,RELEASE,27,66
J 08 55,RELEASE,151,322
J 08 56,RELEASE,484,1231
J 08 57,RELEASE,1688,3817
J 08 58,RELEASE,810,1485
J 08 59,RELEASE,1607,4017
J 08 60,RELEASE,204,605
J 08 61,RELEASE,29,81
J 08 62,RELEASE,18,60
J 08 63,SUPPRESS,9,0
J 08 64,RELEASE,21,69
J 08 65,RELEASE,18,56
J 08 66,RELEASE,112,316
J 08 67,RELEASE,10,31
J 08 68,RELEASE,11,40
J 08 87,SUPPRESS,2,0
J 08 88,SUPPRESS,1,0
J 08 89,SUPPRESS,2,0
J 08 90,RELEASE,731,1685
J 08 91,RELEASE,166,408
J 08 92,RELEASE,20,78
J 08 93,RELEASE,16,58
J 08 94,RELEASE,13,32
J 08 95,SUPPRESS,6,0
J 08 96,RELEASE,11,35
J 08 97,SUPPRESS,11,0
J 08 98,SUPPRESS,11,0
J 08 99,RELEASE,10,34
J 09 18,RELEASE,25,77
J 09 19,RELEASE,27,86
J 09 20,RELEASE,37,112
J 09 21,RELEASE,20,67
J 09 22,RELEASE,28,97
J 09 23,RELEASE,51,133
J 09 24,RELEASE,458,1140
J 09 25,RELEASE,431,1003
J 09 26,RELEASE,859,2164
J 09 27,RELEASE,738,2155
J 09 28,RELEASE,412,1130
J 09 29,RELEASE,16,48
J 09 30,SUPPRESS,8,0
J 09 31,SUPPRESS,9,0
J 09 32,RELEASE,27,88
J 09 33,RELEASE,39,124
J 09 34,RELEASE,33,117
J 09 35,SUPPRESS,7,0
J 09 36,RELEASE,47,149
J 09 37,RELEASE,13,31
J 09 38,SUPPRESS,11,0
J 09 39,SUPPRESS,3,0
J 09 40,RELEASE,15,57
J 09 41,RELEASE,15,39
J 09 42,RELEASE,18,58
J 09 43,RELEASE,22,56
J 09 44,SUPPRESS,6,0
J 09 45,RELEASE,27,84
J 09 46,RELEASE,17,51
J 09 47,RELEASE,14,47
J 09 48,RELEASE,21,53
J 09 49,RELEASE,166,401
J 09 50,SUPPRESS,9,0
J 09 51,RELEASE,18,65
J 09 52,RELEASE,23,60
J 09 53,RELEASE,42,137
J 09 54,SUPPRESS,8,0
J 09 55,RELEASE,166,438
J 09 56,RELEASE,279,751
J 09 57,RELEASE,1007,2290
J 09 58,RELEASE,343,896
J 09 59,RELEASE,329,1030
J 09 60,RELEASE,83,232
J 09 61,RELEASE,15,40
J 09 62,RELEASE,37,118
J 09 63,RELEASE,38,118
J 09 64,RELEASE,15,53
J 09 66,RELEASE,23,80
J 09 67,RELEASE,44,161
J 09 68,RELEASE,12,34
J 09 69,RELEASE,12,39
J 09 70,SUPPRESS,4,0
J 09 77,SUPPRESS,1,0
J 09 78,SUPPRESS,3,0
J 09 79,SUPPRESS,2,0
J 09 89,RELEASE,22,64
J 09 90,RELEASE,317,916
J 09 91,RELEASE,23,57
J 09 92,SUPPRESS,6,0
J 09 94,RELEASE,24,76
J 09 95,SUPPRESS,5,0
J 09 96,SUPPRESS,3,0
J 09 97,SUPPRESS,9,0
J 09 98,SUPPRESS,9,0
J 09 99,RELEASE,40,120
J 10 19,SUPPRESS,8,0
J 10 20,SUPPRESS,8,0
J 10 21,SUPPRESS,5,0
J 10 22,RELEASE,17,54
J 10 23,RELEASE,243,785
J 10 24,RELEASE,67,176
J 10 25,RELEASE,283,852
J 10 26,RELEASE,17,33
J 10 27,RELEASE,246,747
J 10 28,RELEASE,23,50
J 10 29,SUPPRESS,7,0
J 10 30,RELEASE,13,40
J 10 31,RELEASE,22,68
J 10 32,RELEASE,28,75
J 10 33,RELEASE,19,65
J 10 34,RELEASE,15,51
J 10 35,RELEASE,10,32
J 10 36,SUPPRESS,8,0
J 10 37,RELEASE,14,41
J 10 38,RELEASE,12,31
J 10 39,RELEASE,18,58
J 10 40,SUPPRESS,5,0
J 10 41,RELEASE,57,139
J 10 42,RELEASE,302,711
J 10 43,SUPPRESS,8,0
J 10 44,RELEASE,33,93
J 10 45,RELEASE,37,113
J 10 46,RELEASE,26,79
J 10 47,RELEASE,11,38
J 10 48,RELEASE,35,94
J 10 49,RELEASE,224,572
J 10 50,RELEASE,23,81
J 10 51,RELEASE,10,34
J 10 52,SUPPRESS,7,0
J 10 53,RELEASE,21,51
J 10 54,RELEASE,339,865
J 10 55,RELEASE,969,2408
J 10 56,RELEASE,55,142
J 10 57,RELEASE,42,114
J 10 58,RELEASE,794,2041
J 10 59,RELEASE,12,36
J 10 60,RELEASE,13,45
J 10 61,SUPPRESS,11,0
J 10 62,RELEASE,19,54
J 10 63,RELEASE,420,1172
J 10 64,RELEASE,34,123
J 10 65,RELEASE,20,54
J 10 66,RELEASE,30,92
J 10 67,SUPPRESS,7,0
J 10 68,RELEASE,14,33
J 10 69,SUPPRESS,7,0
J 10 70,RELEASE,24,65
J 10 75,SUPPRESS,9,0
J 10 76,SUPPRESS,7,0
J 10 78,SUPPRESS,3,0
J 10 79,SUPPRESS,11,0
J 10 80,SUPPRESS,7,0
J 10 88,SUPPRESS,3,0
J 10 89,RELEASE,13,35
J 10 90,RELEASE,33,101
J 10 91,SUPPRESS,7,0
J 10 92,RELEASE,15,35
J 10 93,RELEASE,29,87
J 10 94,RELEASE,15,50
J 10 95,RELEASE,14,50
J 10 96,RELEASE,20,65
J 10 97,RELEASE,19,45
J 10 98,RELEASE,24,51
J 10 99,SUPPRESS,12,0
J 11 19,SUPPRESS,4,0
J 11 21,RELEASE,26,81
J 11 22,RELEASE,18,51
J 11 23,RELEASE,26,90
J 11 24,RELEASE,35,117
J 11 25,RELEASE,29,88
J 11 26,RELEASE,17,42
J 11 27,RELEASE,19,55
J 11 28,RELEASE,25,89
J 11 29,RELEASE,132,373
J 11 30,SUPPRESS,8,0
J 11 31,RELEASE,19,72
J 11 32,RELEASE,21,65
J 11 33,SUPPRESS,7,0
J 11 34,RELEASE,19,46
J 11 35,RELEASE,13,39
J 11 36,SUPPRESS,10,0
J 11 37,SUPPRESS,3,0
J 11 38,RELEASE,15,44
J 11 39,RELEASE,14,43
J 11 40,RELEASE,14,50
J 11 41,RELEASE,11,30
J 11 42,RELEASE,14,41
J 11 43,RELEASE,76,183
J 11 44,RELEASE,711,1855
J 11 45,RELEASE,1166,2829
J 11 46,RELEASE,739,1812
J 11 47,RELEASE,135,420
J 11 48,RELEASE,202,484
J 11 49,RELEASE,24,62
J 11 50,RELEASE,18,51
J 11 51,RELEASE,30,106
J 11 52,RELEASE,29,80
J 11 53,RELEASE,35,101
J 11 54,RELEASE,33,95
J 11 55,RELEASE,45,130
J 11 56,RELEASE,14,43
J 11 57,RELEASE,44,134
J 11 58,RELEASE,190,503
J 11 59,RELEASE,29,98
J 11 60,SUPPRESS,4,0
J 11 61,SUPPRESS,9,0
J 11 62,RELEASE,21,76
J 11 63,RELEASE,11,37
J 11 64,RELEASE,36,97
J 11 65,RELEASE,44,118
J 11 66,RELEASE,29,89
J 11 67,SUPPRESS,7,0
J 11 70,RELEASE,28,73
J 11 71,SUPPRESS,4,0
J 11 75,RELEASE,11,30
J 11 76,RELEASE,50,144
J 11 77,RELEASE,17,55
J 11 78,RELEASE,24,45
J 11 79,RELEASE,19,57
J 11 80,RELEASE,11,39
J 11 81,RELEASE,13,43
J 11 88,RELEASE,32,55
J 11 89,RELEASE,24,71
J 11 90,RELEASE,48,131
J 11 91,RELEASE,21,62
J 11 92,RELEASE,29,87
J 11 93,RELEASE,19,63
J 11 94,RELEASE,10,31
J 11 95,RELEASE,15,40
J 11 96,RELEASE,25,74
J 11 97,RELEASE,23,61
J 11 98,RELEASE,39,103
J 11 99,SUPPRESS,14,0
J 12 19,SUPPRESS,8,0
J 12 20,SUPPRESS,1,0
J 12 21,RELEASE,30,99
J 12 22,RELEASE,16,57
J 12 23,RELEASE,45,167
J 12 24,RELEASE,35,116
J 12 25,RELEASE,32,114
J 12 26,RELEASE,27,85
J 12 27,RELEASE,14,49
J 12 28,RELEASE,35,123
J 12 29,RELEASE,16,47
J 12 30,RELEASE,27,87
J 12 31,RELEASE,22,69
J 12 32,RELEASE,21,79
J 12 33,RELEASE,15,42
J 12 34,SUPPRESS,8,0
J 12 35,SUPPRESS,8,0
J 12 36,RELEASE,11,35
J 12 37,RELEASE,11,43
J 12 38,RELEASE,19,71
J 12 39,SUPPRESS,8,0
J 12 40,RELEASE,12,42
J 12 41,SUPPRESS,9,0
J 12 42,RELEASE,10,34
J 12 43,RELEASE,14,32
J 12 44,RELEASE,269,802
J 12 45,RELEASE,1144,2230
J 12 46,RELEASE,1148,2272
J 12 47,RELEASE,277,603
J 12 48,RELEASE,17,39
J 12 49,RELEASE,20,55
J 12 50,RELEASE,19,42
J 12 51,SUPPRESS,3,0
J 12 52,RELEASE,29,88
J 12 53,RELEASE,155,406
J 12 54,RELEASE,70,198
J 12 55,RELEASE,17,51
J 12 56,RELEASE,21,57
J 12 57,RELEASE,30,79
J 12 58,RELEASE,405,1014
J 12 59,RELEASE,78,185
J 12 60,SUPPRESS,11,0
J 12 61,RELEASE,24,81
J 12 62,RELEASE,13,37
J 12 63,SUPPRESS,8,0
J 12 64,RELEASE,216,544
J 12 65,RELEASE,160,473
J 12 66,RELEASE,33,118
J 12 67,RELEASE,290,760
J 12 68,RELEASE,14,46
J 12 69,RELEASE,13,30
J 12 70,RELEASE,20,52
J 12 71,RELEASE,23,70
J 12 72,SUPPRESS,9,0
J 12 73,SUPPRESS,1,0
J 12 74,SUPPRESS,1,0
J 12 75,SUPPRESS,5,0
J 12 76,RELEASE,31,97
J 12 77,RELEASE,14,60
J 12 78,RELEASE,16,48
J 12 79,RELEASE,15,48
J 12 80,RELEASE,22,68
J 12 81,RELEASE,26,84
J 12 82,RELEASE,15,39
J 12 87,SUPPRESS,3,0
J 12 88,RELEASE,62,171
J 12 89,SUPPRESS,3,0
J 12 90,RELEASE,22,59
J 12 91,RELEASE,25,91
J 12 92,RELEASE,46,130
J 12 93,RELEASE,20,48
J 12 94,RELEASE,25,72
J 12 95,RELEASE,37,104
J 12 96,RELEASE,48,116
J 12 97,RELEASE,65,159
J 12 98,RELEASE,17,43
J 12 99,SUPPRESS,2,0
J 13 18,RELEASE,289,617
J 13 19,RELEASE,320,950
J 13 20,RELEASE,199,629
J 13 21,RELEASE,239,717
J 13 22,RELEASE,44,139
J 13 23,RELEASE,18,66
J 13 24,RELEASE,25,75
J 13 25,RELEASE,30,104
J 13 26,RELEASE,29,95
J 13 27,RELEASE,21,77
J 13 28,SUPPRESS,5,0
J 13 29,RELEASE,21,68
J 13 30,RELEASE,11,41
J 13 31,RELEASE,31,113
J 13 32,RELEASE,30,100
J 13 33,RELEASE,13,39
J 13 34,RELEASE,20,65
J 13 35,SUPPRESS,6,0
J 13 36,RELEASE,11,31
J 13 37,RELEASE,21,65
J 13 38,RELEASE,14,40
J 13 39,SUPPRESS,7,0
J 13 40,SUPPRESS,7,0
J 13 41,SUPPRESS,9,0
J 13 42,SUPPRESS,9,0
J 13 43,SUPPRESS,6,0
J 13 44,RELEASE,31,72
J 13 45,RELEASE,703,1800
J 13 46,RELEASE,746,1950
J 13 47,RELEASE,87,254
J 13 48,SUPPRESS,6,0
J 13 49,RELEASE,15,44
J 13 50,RELEASE,23,70
J 13 51,RELEASE,49,126
J 13 52,RELEASE,32,98
J 13 53,RELEASE,549,1345
J 13 54,RELEASE,48,141
J 13 55,RELEASE,28,85
J 13 56,SUPPRESS,5,0
J 13 57,SUPPRESS,11,0
J 13 58,RELEASE,321,807
J 13 59,RELEASE,89,252
J 13 60,RELEASE,17,45
J 13 61,RELEASE,13,38
J 13 62,SUPPRESS,9,0
J 13 63,RELEASE,19,54
J 13 64,RELEASE,24,75
J 13 65,SUPPRESS,8,0
J 13 66,RELEASE,29,99
J 13 67,RELEASE,89,266
J 13 68,RELEASE,15,42
J 13 69,RELEASE,55,156
J 13 70,RELEASE,43,132
J 13 71,RELEASE,35,117
J 13 72,RELEASE,27,91
J 13 73,SUPPRESS,2,0
J 13 75,SUPPRESS,3,0
J 13 76,RELEASE,20,59
J 13 77,RELEASE,20,56
J 13 78,RELEASE,26,81
J 13 79,RELEASE,11,32
J 13 80,RELEASE,16,50
J 13 81,RELEASE,12,32
J 13 82,RELEASE,14,36
J 13 84,SUPPRESS,1,0
J 13 87,RELEASE,83,232
J 13 88,RELEASE,155,481
J 13 89,RELEASE,168,553
J 13 90,SUPPRESS,8,0
J 13 91,RELEASE,31,64
J 13 92,SUPPRESS,9,0
J 13 93,RELEASE,14,38
J 13 94,RELEASE,34,89
J 13 95,RELEASE,24,70
J 13 96,RELEASE,26,69
J 13 97,RELEASE,21,61
J 13 98,SUPPRESS,8,0
J 13 99,RELEASE,24,72
J 14 17,RELEASE,24,92
J 14 18,RELEASE,1599,3593
J 14 19,RELEASE,464,1320
J 14 20,RELEASE,20,74
J 14 21,RELEASE,69,218
J 14 22,SUPPRESS,5,0
J 14 23,RELEASE,11,44
J 14 24,RELEASE,11,41
J 14 25,RELEASE,19,59
J 14 26,RELEASE,28,86
J 14 27,RELEASE,30,101
J 14 28,RELEASE,33,109
J 14 29,RELEASE,20,62
J 14 30,RELEASE,14,50
J 14 31,SUPPRESS,9,0
J 14 32,RELEASE,12,38
J 14 33,SUPPRESS,9,0
J 14 34,RELEASE,15,39
J 14 35,RELEASE,15,44
J 14 36,RELEASE,40,127
J 14 37,RELEASE,10,34
J 14 38,RELEASE,12,32
J 14 39,RELEASE,12,39
J 14 40,SUPPRESS,4,0
J 14 41,SUPPRESS,2,0
J 14 42,SUPPRESS,7,0
J 14 43,SUPPRESS,9,0
J 14 44,RELEASE,16,46
J 14 45,RELEASE,174,461
J 14 46,SUPPRESS,10,0
J 14 47,RELEASE,21,56
J 14 48,SUPPRESS,9,0
J 14 49,SUPPRESS,7,0
J 14 50,RELEASE,21,87
J 14 51,RELEASE,140,355
J 14 52,RELEASE,17,47
J 14 53,SUPPRESS,8,0
J 14 54,RELEASE,71,186
J 14 55,RELEASE,18,38
J 14 56,RELEASE,22,53
J 14 57,RELEASE,11,39
J 14 58,RELEASE,16,50
J 14 59,RELEASE,241,699
J 14 60,RELEASE,1208,2857
J 14 61,RELEASE,17,48
J 14 62,RELEASE,14,34
J 14 63,RELEASE,14,50
J 14 64,SUPPRESS,7,0
J 14 65,SUPPRESS,4,0
J 14 66,RELEASE,15,40
J 14 67,RELEASE,29,76
J 14 68,RELEASE,36,107
J 14 69,RELEASE,39,124
J 14 70,SUPPRESS,8,0
J 14 71,RELEASE,33,91
J 14 72,RELEASE,22,60
J 14 73,RELEASE,14,47
J 14 74,RELEASE,19,59
J 14 75,RELEASE,241,671
J 14 76,RELEASE,584,1629
J 14 77,RELEASE,18,40
J 14 78,SUPPRESS,7,0
J 14 80,SUPPRESS,1,0
J 14 81,SUPPRESS,7,0
J 14 82,SUPPRESS,8,0
J 14 83,SUPPRESS,6,0
J 14 84,SUPPRESS,13,0
J 14 85,RELEASE,536,1035
J 14 86,RELEASE,481,901
J 14 87,RELEASE,833,1933
J 14 88,RELEASE,884,2353
J 14 89,RELEASE,135,350
J 14 90,SUPPRESS,9,0
J 14 91,SUPPRESS,10,0
J 14 92,RELEASE,14,70
J 14 93,RELEASE,37,97
J 14 94,SUPPRESS,5,0
J 14 95,RELEASE,30,80
J 14 96,RELEASE,504,1206
J 14 97,RELEASE,128,323
J 14 98,RELEASE,15,40
J 14 99,RELEASE,24,89
J 15 18,RELEASE,334,861
J 15 19,RELEASE,68,181
J 15 20,RELEASE,22,57
J 15 21,RELEASE,11,41
J 15 22,SUPPRESS,7,0
J 15 23,SUPPRESS,4,0
J 15 24,SUPPRESS,3,0
J 15 25,RELEASE,25,90
J 15 26,RELEASE,70,201
J 15 27,RELEASE,366,1055
J 15 28,RELEASE,27,105
J 15 29,RELEASE,13,57
J 15 30,RELEASE,17,60
J 15 31,RELEASE,17,42
J 15 32,RELEASE,20,60
J 15 33,RELEASE,24,72
J 15 34,RELEASE,16,54
J 15 35,SUPPRESS,10,0
J 15 36,RELEASE,22,72
J 15 37,SUPPRESS,9,0
J 15 38,SUPPRESS,8,0
J 15 39,SUPPRESS,6,0
J 15 40,SUPPRESS,10,0
J 15 41,RELEASE,23,73
J 15 42,RELEASE,14,32
J 15 43,SUPPRESS,6,0
J 15 44,SUPPRESS,10,0
J 15 45,RELEASE,13,32
J 15 46,SUPPRESS,10,0
J 15 47,RELEASE,26,59
J 15 48,RELEASE,30,71
J 15 49,RELEASE,20,52
J 15 50,RELEASE,18,52
J 15 51,RELEASE,22,60
J 15 52,RELEASE,10,40
J 15 53,RELEASE,30,79
J 15 54,SUPPRESS,9,0
J 15 55,RELEASE,14,46
J 15 56,RELEASE,11,31
J 15 57,RELEASE,15,51
J 15 58,SUPPRESS,4,0
J 15 59,RELEASE,22,57
J 15 60,RELEASE,617,1302
J 15 61,RELEASE,13,48
J 15 62,RELEASE,35,94
J 15 63,SUPPRESS,11,0
J 15 64,SUPPRESS,4,0
J 15 65,RELEASE,27,80
J 15 66,SUPPRESS,9,0
J 15 67,RELEASE,27,71
J 15 68,RELEASE,27,80
J 15 69,RELEASE,24,68
J 15 70,RELEASE,18,53
J 15 71,SUPPRESS,8,0
J 15 72,RELEASE,419,1236
J 15 73,RELEASE,414,1221
J 15 74,SUPPRESS,3,0
J 15 75,RELEASE,430,1070
J 15 76,RELEASE,665,1704
J 15 77,RELEASE,13,40
J 15 78,RELEASE,17,52
J 15 79,RELEASE,139,971
J 15 81,SUPPRESS,3,0
J 15 82,SUPPRESS,5,0
J 15 83,SUPPRESS,6,0
J 15 84,RELEASE,13,115
J 15 85,RELEASE,266,683
J 15 86,RELEASE,1303,3132
J 15 87,RELEASE,1110,2609
J 15 88,RELEASE,314,957
J 15 89,RELEASE,34,74
J 15 90,SUPPRESS,8,0
J 15 91,SUPPRESS,7,0
J 15 92,RELEASE,12,34
J 15 93,RELEASE,23,77
J 15 94,RELEASE,15,44
J 15 95,RELEASE,18,48
J 15 96,RELEASE,294,720
J 15 97,RELEASE,10,59
J 15 98,RELEASE,13,30
J 15 99,RELEASE,21,54
J 16 18,RELEASE,35,96
J 16 19,RELEASE,22,67
J 16 20,RELEASE,12,37
J 16 21,RELEASE,22,77
J 16 22,RELEASE,23,61
J 16 23,SUPPRESS,5,0
J 16 25,RELEASE,31,125
J 16 26,RELEASE,47,158
J 16 27,RELEASE,71,204
J 16 28,RELEASE,36,130
J 16 29,RELEASE,20,74
J 16 30,RELEASE,26,82
J 16 31,RELEASE,11,41
J 16 32,RELEASE,32,109
J 16 33,RELEASE,18,63
J 16 34,RELEASE,22,69
J 16 35,RELEASE,15,49
J 16 36,RELEASE,14,36
J 16 37,RELEASE,11,36
J 16 38,SUPPRESS,7,0
J 16 39,SUPPRESS,8,0
J 16 40,RELEASE,14,36
J 16 41,RELEASE,12,31
J 16 42,RELEASE,17,63
J 16 43,SUPPRESS,7,0
J 16 44,RELEASE,50,118
J 16 45,RELEASE,29,68
J 16 46,SUPPRESS,10,0
J 16 47,RELEASE,23,60
J 16 48,RELEASE,18,52
J 16 49,RELEASE,18,47
J 16 50,RELEASE,16,43
J 16 51,RELEASE,37,111
J 16 52,RELEASE,28,91
J 16 53,SUPPRESS,5,0
J 16 54,RELEASE,17,49
J 16 55,RELEASE,14,38
J 16 56,RELEASE,11,44
J 16 57,RELEASE,10,30
J 16 58,RELEASE,12,41
J 16 59,RELEASE,25,80
J 16 60,RELEASE,14,38
J 16 61,SUPPRESS,10,0
J 16 62,RELEASE,11,37
J 16 63,RELEASE,137,388
J 16 64,RELEASE,23,66
J 16 65,RELEASE,28,62
J 16 66,RELEASE,23,67
J 16 67,RELEASE,109,249
J 16 68,RELEASE,29,69
J 16 69,SUPPRESS,2,0
J 16 70,RELEASE,20,55
J 16 71,RELEASE,22,61
J 16 72,RELEASE,34,84
J 16 73,RELEASE,12,38
J 16 74,SUPPRESS,1,0
J 16 75,RELEASE,99,308
J 16 76,RELEASE,39,103
J 16 77,RELEASE,16,33
J 16 78,RELEASE,21,63
J 16 79,RELEASE,14,35
J 16 80,RELEASE,17,42
J 16 81,RELEASE,14,33
J 16 82,SUPPRESS,3,0
J 16 83,RELEASE,17,42
J 16 84,RELEASE,33,72
J 16 85,RELEASE,476,1079
J 16 86,RELEASE,1470,3442
J 16 87,RELEASE,880,1923
J 16 88,RELEASE,254,760
J 16 89,RELEASE,21,60
J 16 90,RELEASE,14,41
J 16 91,SUPPRESS,4,0
J 16 92,SUPPRESS,6,0
J 16 93,SUPPRESS,7,0
J 16 94,RELEASE,18,55
J 16 95,SUPPRESS,10,0
J 16 96,SUPPRESS,10,0
J 16 97,RELEASE,28,154
J 16 98,RELEASE,31,89
J 16 99,SUPPRESS,7,0
J 17 18,RELEASE,389,813
J 17 19,RELEASE,67,187
J 17 20,RELEASE,13,36
J 17 21,SUPPRESS,8,0
J 17 22,SUPPRESS,0,0
J 17 23,SUPPRESS,5,0
J 17 24,RELEASE,17,62
J 17 25,SUPPRESS,7,0
J 17 26,RELEASE,17,62
J 17 27,RELEASE,14,44
J 17 28,RELEASE,13,44
J 17 29,SUPPRESS,9,0
J 17 30,RELEASE,19,70
J 17 31,RELEASE,13,42
J 17 32,RELEASE,33,92
J 17 33,RELEASE,39,100
J 17 34,RELEASE,12,33
J 17 35,SUPPRESS,7,0
J 17 36,SUPPRESS,7,0
J 17 37,RELEASE,16,41
J 17 38,RELEASE,12,38
J 17 39,RELEASE,20,71
J 17 40,RELEASE,87,224
J 17 41,RELEASE,15,41
J 17 42,RELEASE,10,35
J 17 43,RELEASE,15,51
J 17 44,SUPPRESS,8,0
J 17 45,SUPPRESS,9,0
J 17 46,SUPPRESS,8,0
J 17 47,RELEASE,24,70
J 17 48,RELEASE,20,51
J 17 49,RELEASE,26,66
J 17 50,RELEASE,15,43
J 17 51,RELEASE,58,161
J 17 52,RELEASE,20,54
J 17 53,SUPPRESS,9,0
J 17 54,SUPPRESS,9,0
J 17 55,SUPPRESS,9,0
J 17 56,SUPPRESS,7,0
J 17 57,RELEASE,18,55
J 17 58,RELEASE,26,79
J 17 59,RELEASE,46,123
J 17 60,SUPPRESS,8,0
J 17 61,RELEASE,22,53
J 17 62,RELEASE,17,45
J 17 63,RELEASE,1011,2779
J 17 64,SUPPRESS,3,0
J 17 65,SUPPRESS,4,0
J 17 66,RELEASE,17,44
J 17 67,RELEASE,17,43
J 17 68,RELEASE,14,34
J 17 69,SUPPRESS,9,0
J 17 70,RELEASE,15,44
J 17 71,RELEASE,10,40
J 17 72,RELEASE,24,66
J 17 73,SUPPRESS,6,0
J 17 74,SUPPRESS,8,0
J 17 75,SUPPRESS,6,0
J 17 76,SUPPRESS,9,0
J 17 77,RELEASE,21,63
J 17 78,SUPPRESS,5,0
J 17 79,RELEASE,18,63
J 17 80,RELEASE,33,70
J 17 81,RELEASE,11,39
J 17 82,SUPPRESS,8,0
J 17 83,SUPPRESS,4,0
J 17 84,SUPPRESS,6,0
J 17 85,RELEASE,828,1768
J 17 86,RELEASE,483,1032
J 17 87,RELEASE,149,384
J 17 88,RELEASE,13,34
J 17 89,RELEASE,19,44
J 17 90,SUPPRESS,10,0
J 17 91,SUPPRESS,3,0
J 17 92,SUPPRESS,3,0
J 17 93,SUPPRESS,1,0
J 17 94,SUPPRESS,11,0
J 17 95,RELEASE,15,34
J 17 96,RELEASE,22,57
J 17 97,RELEASE,27,86
J 17 98,RELEASE,15,37
J 17 99,RELEASE,48,124
J 18 15,RELEASE,18,52
J 18 16,RELEASE,24,63
J 18 17,RELEASE,28,101
J 18 18,RELEASE,391,964
J 18 19,RELEASE,254,697
J 18 20,SUPPRESS,5,0
J 18 21,SUPPRESS,2,0
J 18 22,SUPPRESS,7,0
J 18 23,SUPPRESS,0,0
J 18 24,SUPPRESS,1,0
J 18 25,SUPPRESS,1,0
J 18 27,RELEASE,25,72
J 18 28,SUPPRESS,8,0
J 18 29,RELEASE,17,53
J 18 30,RELEASE,11,38
J 18 31,RELEASE,18,56
J 18 32,RELEASE,11,33
J 18 33,RELEASE,25,65
J 18 34,RELEASE,22,70
J 18 35,RELEASE,12,39
J 18 36,RELEASE,13,49
J 18 37,RELEASE,31,81
J 18 38,RELEASE,23,77
J 18 39,RELEASE,12,47
J 18 40,RELEASE,16,53
J 18 41,RELEASE,18,55
J 18 42,RELEASE,10,35
J 18 43,RELEASE,16,43
J 18 44,SUPPRESS,11,0
J 18 45,RELEASE,15,41
J 18 46,RELEASE,12,39
J 18 47,RELEASE,21,65
J 18 48,RELEASE,13,37
J 18 49,RELEASE,24,69
J 18 50,RELEASE,19,52
J 18 51,RELEASE,30,78
J 18 52,RELEASE,16,31
J 18 53,RELEASE,26,64
J 18 54,RELEASE,15,41
J 18 55,RELEASE,24,62
J 18 56,RELEASE,15,45
J 18 57,RELEASE,10,47
J 18 58,RELEASE,22,65
J 18 59,SUPPRESS,5,0
J 18 60,SUPPRESS,9,0
J 18 61,RELEASE,18,48
J 18 62,RELEASE,13,40
J 18 63,RELEASE,18,56
J 18 64,RELEASE,16,45
J 18 65,RELEASE,18,41
J 18 66,SUPPRESS,10,0
J 18 67,RELEASE,16,41
J 18 68,RELEASE,27,82
J 18 69,RELEASE,24,54
J 18 70,RELEASE,14,33
J 18 71,SUPPRESS,9,0
J 18 72,RELEASE,15,40
J 18 73,RELEASE,12,33
J 18 74,RELEASE,14,44
J 18 75,RELEASE,12,42
J 18 76,SUPPRESS,10,0
J 18 77,SUPPRESS,9,0
J 18 78,RELEASE,16,50
J 18 79,RELEASE,13,38
J 18 80,SUPPRESS,8,0
J 18 81,SUPPRESS,7,0
J 18 82,SUPPRESS,12,0
J 18 83,SUPPRESS,5,0
J 18 84,RELEASE,21,54
J 18 85,RELEASE,73,164
J 18 86,RELEASE,11,30
J 18 87,RELEASE,14,31
J 18 88,SUPPRESS,5,0
J 18 89,SUPPRESS,8,0
J 18 90,SUPPRESS,5,0
J 18 91,RELEASE,15,46
J 18 92,SUPPRESS,2,0
J 18 93,SUPPRESS,10,0
J 18 95,SUPPRESS,7,0
J 18 96,RELEASE,11,32
J 18 97,RELEASE,12,45
J 18 98,SUPPRESS,10,0
J 18 99,RELEASE,89,214
J 19 14,SUPPRESS,1,0
J 19 15,RELEASE,67,178
J 19 16,SUPPRESS,1,0
J 19 19,RELEASE,17,86
J 19 20,RELEASE,24,62
J 19 21,SUPPRESS,7,0
J 19 22,SUPPRESS,1,0
J 19 23,SUPPRESS,2,0
J 19 24,SUPPRESS,3,0
J 19 27,RELEASE,16,49
J 19 28,RELEASE,14,53
J 19 29,RELEASE,12,42
J 19 30,RELEASE,11,35
J 19 31,RELEASE,10,32
J 19 32,RELEASE,19,52
J 19 33,RELEASE,796,1852
J 19 34,RELEASE,28,84
J 19 35,SUPPRESS,10,0
J 19 36,SUPPRESS,8,0
J 19 37,RELEASE,21,71
J 19 38,RELEASE,21,70
J 19 39,RELEASE,20,74
J 19 40,RELEASE,11,46
J 19 41,RELEASE,11,33
J 19 42,RELEASE,15,47
J 19 43,RELEASE,20,47
J 19 44,RELEASE,16,53
J 19 45,SUPPRESS,9,0
J 19 46,RELEASE,13,31
J 19 47,RELEASE,12,33
J 19 48,SUPPRESS,9,0
J 19 49,SUPPRESS,6,0
J 19 50,SUPPRESS,3,0
J 19 51,RELEASE,18,43
J 19 52,RELEASE,467,1097
J 19 53,RELEASE,259,618
J 19 54,RELEASE,23,62
J 19 55,RELEASE,25,79
J 19 56,SUPPRESS,9,0
J 19 57,RELEASE,33,78
J 19 58,RELEASE,23,56
J 19 59,RELEASE,25,68
J 19 60,RELEASE,12,31
J 19 61,RELEASE,80,211
J 19 62,RELEASE,16,45
J 19 63,RELEASE,11,32
J 19 64,RELEASE,19,49
J 19 65,RELEASE,14,39
J 19 66,RELEASE,18,39
J 19 67,RELEASE,12,37
J 19 68,SUPPRESS,8,0
J 19 69,RELEASE,24,61
J 19 70,RELEASE,22,61
J 19 71,RELEASE,24,72
J 19 72,SUPPRESS,7,0
J 19 73,RELEASE,14,42
J 19 74,RELEASE,15,44
J 19 75,RELEASE,10,33
J 19 76,SUPPRESS,6,0
J 19 77,RELEASE,13,37
J 19 78,RELEASE,26,77
J 19 79,RELEASE,13,45
J 19 80,RELEASE,24,61
J 19 81,RELEASE,12,35
J 19 82,RELEASE,17,49
J 19 83,RELEASE,32,85
J 19 84,RELEASE,175,439
J 19 85,RELEASE,27,73
J 19 86,SUPPRESS,4,0
J 19 87,RELEASE,24,70
J 19 88,SUPPRESS,5,0
J 19 89,SUPPRESS,5,0
J 19 90,SUPPRESS,8,0
J 19 91,RELEASE,20,61
J 19 92,SUPPRESS,8,0
J 19 93,SUPPRESS,4,0
J 19 94,RELEASE,23,69
J 19 95,RELEASE,21,67
J 19 96,RELEASE,26,75
J 19 97,RELEASE,10,31
J 19 98,SUPPRESS,7,0
J 19 99,RELEASE,15,35
J 20 14,SUPPRESS,2,0
J 20 15,RELEASE,22,48
J 20 20,SUPPRESS,1,0
J 20 21,SUPPRESS,4,0
J 20 22,RELEASE,15,49
J 20 24,SUPPRESS,1,0
J 20 25,SUPPRESS,5,0
J 20 26,SUPPRESS,2,0
J 20 27,SUPPRESS,11,0
J 20 28,RELEASE,147,443
J 20 29,RELEASE,51,149
J 20 30,RELEASE,13,47
J 20 31,RELEASE,13,37
J 20 32,RELEASE,18,47
J 20 33,RELEASE,251,669
J 20 34,RELEASE,26,83
J 20 35,SUPPRESS,7,0
J 20 36,RELEASE,18,38
J 20 37,RELEASE,21,67
J 20 38,RELEASE,13,30
J 20 39,SUPPRESS,7,0
J 20 40,RELEASE,43,117
J 20 41,SUPPRESS,6,0
J 20 42,RELEASE,11,40
J 20 43,RELEASE,12,34
J 20 44,SUPPRESS,8,0
J 20 45,RELEASE,20,65
J 20 46,SUPPRESS,8,0
J 20 47,RELEASE,11,35
J 20 48,SUPPRESS,9,0
J 20 49,RELEASE,17,54
J 20 50,RELEASE,18,55
J 20 51,SUPPRESS,5,0
J 20 52,RELEASE,694,1848
J 20 53,RELEASE,1137,2534
J 20 54,RELEASE,41,97
J 20 55,RELEASE,13,38
J 20 56,RELEASE,15,53
J 20 57,RELEASE,26,76
J 20 58,RELEASE,15,32
J 20 59,RELEASE,56,155
J 20 60,RELEASE,37,96
J 20 61,RELEASE,20,59
J 20 62,RELEASE,84,215
J 20 63,RELEASE,20,50
J 20 64,RELEASE,21,61
J 20 65,SUPPRESS,7,0
J 20 66,SUPPRESS,7,0
J 20 67,SUPPRESS,11,0
J 20 68,RELEASE,66,173
J 20 69,RELEASE,31,98
J 20 70,SUPPRESS,7,0
J 20 71,RELEASE,11,30
J 20 72,RELEASE,13,37
J 20 73,SUPPRESS,7,0
J 20 74,SUPPRESS,5,0
J 20 75,SUPPRESS,11,0
J 20 76,RELEASE,10,35
J 20 77,RELEASE,18,45
J 20 78,RELEASE,35,114
J 20 79,SUPPRESS,9,0
J 20 80,RELEASE,23,67
J 20 81,RELEASE,16,48
J 20 82,RELEASE,33,102
J 20 83,RELEASE,15,56
J 20 84,SUPPRESS,4,0
J 20 85,RELEASE,31,67
J 20 86,SUPPRESS,6,0
J 20 87,RELEASE,21,38
J 20 88,SUPPRESS,10,0
J 20 89,RELEASE,13,40
J 20 90,SUPPRESS,7,0
J 20 91,RELEASE,12,37
J 20 92,SUPPRESS,7,0
J 20 93,RELEASE,19,62
J 20 94,RELEASE,14,37
J 20 95,RELEASE,17,62
J 20 97,SUPPRESS,3,0
J 20 98,RELEASE,13,36
J 20 99,SUPPRESS,6,0
J 21 14,SUPPRESS,6,0
J 21 15,RELEASE,15,50
J 21 25,SUPPRESS,3,0
J 21 26,RELEASE,13,38
J 21 27,RELEASE,13,51
J 21 28,RELEASE,337,888
J 21 29,RELEASE,183,455
J 21 30,SUPPRESS,11,0
J 21 31,RELEASE,15,36
J 21 32,RELEASE,15,41
J 21 33,RELEASE,14,43
J 21 34,SUPPRESS,10,0
J 21 35,RELEASE,15,54
J 21 36,RELEASE,24,65
J 21 37,RELEASE,23,57
J 21 38,SUPPRESS,9,0
J 21 39,SUPPRESS,7,0
J 21 40,RELEASE,23,62
J 21 41,RELEASE,17,50
J 21 42,RELEASE,11,31
J 21 43,SUPPRESS,7,0
J 21 44,RELEASE,11,34
J 21 45,SUPPRESS,10,0
J 21 46,RELEASE,14,47
J 21 47,RELEASE,15,57
J 21 48,SUPPRESS,6,0
J 21 49,RELEASE,19,55
J 21 50,RELEASE,40,98
J 21 51,RELEASE,27,80
J 21 52,RELEASE,13,33
J 21 53,RELEASE,187,508
J 21 54,RELEASE,42,103
J 21 55,RELEASE,23,63
J 21 56,RELEASE,15,51
J 21 57,RELEASE,20,61
J 21 58,RELEASE,22,58
J 21 59,RELEASE,27,80
J 21 60,RELEASE,30,102
J 21 61,RELEASE,112,322
J 21 62,RELEASE,68,198
J 21 63,RELEASE,20,61
J 21 64,RELEASE,22,51
J 21 65,RELEASE,19,59
J 21 66,RELEASE,17,39
J 21 67,RELEASE,23,62
J 21 68,RELEASE,16,44
J 21 70,RELEASE,246,672
J 21 71,RELEASE,22,77
J 21 73,RELEASE,12,37
J 21 74,SUPPRESS,9,0
J 21 75,RELEASE,69,229
J 21 76,SUPPRESS,7,0
J 21 77,RELEASE,12,32
J 21 78,SUPPRESS,4,0
J 21 79,SUPPRESS,12,0
J 21 80,RELEASE,18,54
J 21 81,RELEASE,27,76
J 21 82,RELEASE,13,43
J 21 83,RELEASE,14,38
J 21 84,RELEASE,17,42
J 21 85,SUPPRESS,9,0
J 21 86,SUPPRESS,8,0
J 21 87,SUPPRESS,5,0
J 21 88,RELEASE,12,38
J 21 89,SUPPRESS,8,0
J 21 90,RELEASE,21,68
J 21 91,RELEASE,14,46
J 21 92,RELEASE,12,30
J 21 93,RELEASE,11,32
J 21 94,SUPPRESS,4,0
J 21 95,SUPPRESS,6,0
J 21 96,SUPPRESS,2,0
J 21 98,SUPPRESS,6,0
J 21 99,RELEASE,17,48
J 22 14,RELEASE,17,40
J 22 15,SUPPRESS,9,0
J 22 16,SUPPRESS,5,0
J 22 25,SUPPRESS,6,0
J 22 26,RELEASE,18,59
J 22 27,RELEASE,23,93
J 22 28,RELEASE,14,38
J 22 29,RELEASE,36,101
J 22 30,RELEASE,11,40
J 22 31,SUPPRESS,9,0
J 22 32,SUPPRESS,8,0
J 22 33,RELEASE,16,31
J 22 34,RELEASE,13,43
J 22 35,RELEASE,11,36
J 22 36,SUPPRESS,10,0
J 22 37,RELEASE,15,40
J 22 38,RELEASE,14,34
J 22 39,RELEASE,13,38
J 22 40,RELEASE,11,34
J 22 41,RELEASE,12,43
J 22 42,RELEASE,18,52
J 22 43,RELEASE,15,41
J 22 44,SUPPRESS,8,0
J 22 45,RELEASE,24,73
J 22 46,RELEASE,20,59
J 22 47,RELEASE,18,49
J 22 48,RELEASE,58,174
J 22 49,SUPPRESS,6,0
J 22 50,RELEASE,21,65
J 22 51,RELEASE,21,65
J 22 52,RELEASE,15,54
J 22 53,RELEASE,26,80
J 22 54,RELEASE,26,70
J 22 55,RELEASE,12,35
J 22 56,RELEASE,21,51
J 22 57,SUPPRESS,9,0
J 22 58,SUPPRESS,11,0
J 22 59,RELEASE,16,78
J 22 60,RELEASE,98,281
J 22 61,SUPPRESS,6,0
J 22 62,RELEASE,195,483
J 22 63,RELEASE,41,111
J 22 64,RELEASE,21,53
J 22 65,RELEASE,15,51
J 22 66,RELEASE,41,101
J 22 67,RELEASE,22,70
J 22 68,RELEASE,10,36
J 22 69,SUPPRESS,3,0
J 22 71,RELEASE,22,55
J 22 72,RELEASE,13,35
J 22 73,SUPPRESS,9,0
J 22 74,SUPPRESS,6,0
J 22 75,SUPPRESS,6,0
J 22 76,SUPPRESS,1,0
J 22 77,RELEASE,14,33
J 22 78,RELEASE,17,54
J 22 79,RELEASE,27,83
J 22 80,RELEASE,13,33
J 22 81,RELEASE,30,74
J 22 82,SUPPRESS,7,0
J 22 83,RELEASE,20,62
J 22 84,RELEASE,15,46
J 22 85,RELEASE,356,752
J 22 86,SUPPRESS,0,0
J 22 87,RELEASE,267,640
J 22 88,RELEASE,19,55
J 22 89,RELEASE,32,91
J 22 90,SUPPRESS,4,0
J 22 91,RELEASE,13,37
J 22 92,RELEASE,13,37
J 22 93,SUPPRESS,9,0
J 22 94,RELEASE,11,36
J 22 95,SUPPRESS,10,0
J 22 98,SUPPRESS,8,0
J 22 99,RELEASE,22,58
J 23 14,RELEASE,10,35
J 23 15,RELEASE,23,56
J 23 27,SUPPRESS,7,0
J 23 28,RELEASE,12,44
J 23 29,RELEASE,21,70
J 23 30,RELEASE,19,69
J 23 31,RELEASE,15,50
J 23 32,SUPPRESS,6,0
J 23 33,SUPPRESS,9,0
J 23 34,SUPPRESS,10,0
J 23 35,SUPPRESS,5,0
J 23 36,SUPPRESS,10,0
J 23 37,SUPPRESS,7,0
J 23 38,RELEASE,14,42
J 23 39,RELEASE,19,56
J 23 40,SUPPRESS,7,0
J 23 41,RELEASE,16,60
J 23 42,RELEASE,10,34
J 23 43,RELEASE,14,45
J 23 44,RELEASE,12,41
J 23 45,RELEASE,15,51
J 23 46,SUPPRESS,10,0
J 23 47,SUPPRESS,10,0
J 23 48,RELEASE,59,156
J 23 49,RELEASE,11,31
J 23 50,RELEASE,26,73
J 23 51,RELEASE,35,104
J 23 52,RELEASE,12,37
J 23 53,RELEASE,28,79
J 23 54,SUPPRESS,10,0
J 23 55,RELEASE,23,63
J 23 56,SUPPRESS,8,0
J 23 57,RELEASE,29,61
J 23 58,RELEASE,128,354
J 23 59,RELEASE,38,104
J 23 60,RELEASE,450,948
J 23 61,RELEASE,122,267
J 23 62,RELEASE,38,98
J 23 63,RELEASE,41,114
J 23 64,RELEASE,559,1502
J 23 65,RELEASE,244,583
J 23 66,RELEASE,117,308
J 23 67,RELEASE,23,58
J 23 68,RELEASE,35,79
J 23 69,RELEASE,17,46
J 23 70,SUPPRESS,6,0
J 23 71,SUPPRESS,10,0
J 23 72,RELEASE,11,45
J 23 73,SUPPRESS,10,0
J 23 74,SUPPRESS,4,0
J 23 75,SUPPRESS,9,0
J 23 76,RELEASE,10,30
J 23 77,RELEASE,11,31
J 23 78,RELEASE,14,43
J 23 79,RELEASE,27,91
J 23 80,RELEASE,18,47
J 23 81,RELEASE,12,36
J 23 82,SUPPRESS,8,0
J 23 83,RELEASE,19,59
J 23 84,RELEASE,114,315
J 23 85,RELEASE,244,556
J 23 86,RELEASE,37,63
J 23 87,SUPPRESS,6,0
J 23 88,RELEASE,23,54
J 23 89,RELEASE,47,116
J 23 90,RELEASE,34,103
J 23 91,RELEASE,22,76
J 23 92,RELEASE,23,61
J 23 93,SUPPRESS,8,0
J 23 94,SUPPRESS,1,0
J 23 95,SUPPRESS,1,0
J 23 96,SUPPRESS,4,0
J 23 97,SUPPRESS,1,0
J 23 98,SUPPRESS,3,0
J 23 99,SUPPRESS,8,0
J 24 11,RELEASE,24,56
J 24 12,SUPPRESS,1,0
J 24 14,RELEASE,20,65
J 24 15,RELEASE,39,118
J 24 16,RELEASE,13,54
J 24 28,SUPPRESS,7,0
J 24 29,RELEASE,13,40
J 24 30,RELEASE,13,52
J 24 31,SUPPRESS,9,0
J 24 32,RELEASE,13,52
J 24 33,SUPPRESS,9,0
J 24 34,SUPPRESS,2,0
J 24 35,RELEASE,10,30
J 24 36,RELEASE,19,57
J 24 37,SUPPRESS,4,0
J 24 38,SUPPRESS,10,0
J 24 39,RELEASE,116,278
J 24 40,RELEASE,27,78
J 24 41,RELEASE,26,78
J 24 42,SUPPRESS,8,0
J 24 43,SUPPRESS,5,0
J 24 44,RELEASE,17,47
J 24 45,RELEASE,12,37
J 24 46,RELEASE,21,55
J 24 47,RELEASE,19,61
J 24 48,RELEASE,20,52
J 24 49,RELEASE,72,201
J 24 50,RELEASE,49,167
J 24 51,RELEASE,10,31
J 24 52,RELEASE,13,36
J 24 53,RELEASE,19,57
J 24 54,SUPPRESS,11,0
J 24 55,RELEASE,12,35
J 24 56,SUPPRESS,12,0
J 24 57,SUPPRESS,2,0
J 24 58,RELEASE,333,565
J 24 59,RELEASE,415,892
J 24 60,RELEASE,84,212
J 24 61,RELEASE,16,40
J 24 62,SUPPRESS,7,0
J 24 63,RELEASE,483,1268
J 24 64,RELEASE,1153,2874
J 24 65,RELEASE,1948,4835
J 24 66,RELEASE,1278,3198
J 24 67,RELEASE,30,71
J 24 68,RELEASE,50,127
J 24 71,SUPPRESS,5,0
J 24 72,SUPPRESS,6,0
J 24 73,SUPPRESS,2,0
J 24 74,SUPPRESS,10,0
J 24 75,SUPPRESS,4,0
J 24 76,SUPPRESS,6,0
J 24 77,SUPPRESS,3,0
J 24 78,SUPPRESS,9,0
J 24 79,RELEASE,30,88
J 24 80,SUPPRESS,4,0
J 24 81,SUPPRESS,9,0
J 24 82,RELEASE,13,43
J 24 83,SUPPRESS,7,0
J 24 84,SUPPRESS,9,0
J 24 85,RELEASE,10,33
J 24 86,SUPPRESS,6,0
J 24 87,RELEASE,23,60
J 24 88,RELEASE,13,32
J 24 89,RELEASE,14,33
J 24 90,SUPPRESS,12,0
J 24 91,RELEASE,27,70
J 24 92,SUPPRESS,8,0
J 24 93,SUPPRESS,3,0
J 24 94,SUPPRESS,4,0
J 24 95,SUPPRESS,4,0
J 24 96,SUPPRESS,6,0
J 24 97,SUPPRESS,5,0
J 24 98,SUPPRESS,1,0
J 24 99,RELEASE,13,42
J 25 10,SUPPRESS,7,0
J 25 11,RELEASE,17,38
J 25 13,SUPPRESS,13,0
J 25 14,RELEASE,21,59
J 25 15,RELEASE,20,57
J 25 16,RELEASE,16,43
J 25 17,RELEASE,15,58
J 25 29,SUPPRESS,1,0
J 25 30,SUPPRESS,9,0
J 25 31,RELEASE,12,35
J 25 32,RELEASE,12,46
J 25 33,RELEASE,36,115
J 25 34,RELEASE,14,44
J 25 35,SUPPRESS,7,0
J 25 36,RELEASE,14,40
J 25 37,SUPPRESS,8,0
J 25 38,RELEASE,16,39
J 25 39,RELEASE,21,53
J 25 40,SUPPRESS,9,0
J 25 41,RELEASE,11,33
J 25 42,SUPPRESS,8,0
J 25 43,SUPPRESS,8,0
J 25 44,SUPPRESS,10,0
J 25 45,RELEASE,19,56
J 25 46,RELEASE,29,84
J 25 47,RELEASE,24,69
J 25 48,RELEASE,10,31
J 25 49,RELEASE,250,643
J 25 50,RELEASE,121,325
J 25 51,RELEASE,24,65
J 25 52,RELEASE,12,41
J 25 53,RELEASE,13,34
J 25 54,RELEASE,11,33
J 25 55,RELEASE,19,55
J 25 56,RELEASE,13,43
J 25 57,SUPPRESS,0,0
J 25 58,RELEASE,148,340
J 25 59,RELEASE,393,1011
J 25 60,RELEASE,17,43
J 25 61,RELEASE,56,112
J 25 62,RELEASE,276,724
J 25 63,RELEASE,1506,3403
J 25 64,RELEASE,1813,4125
J 25 65,RELEASE,1458,3708
J 25 66,RELEASE,802,2332
J 25 67,SUPPRESS,10,0
J 25 68,RELEASE,11,38
J 25 69,RELEASE,115,382
J 25 70,RELEASE,11,32
J 25 71,SUPPRESS,1,0
J 25 72,SUPPRESS,5,0
J 25 73,RELEASE,18,48
J 25 74,SUPPRESS,3,0
J 25 75,SUPPRESS,3,0
J 25 76,SUPPRESS,6,0
J 25 77,SUPPRESS,5,0
J 25 78,RELEASE,12,36
J 25 79,SUPPRESS,8,0
J 25 80,SUPPRESS,7,0
J 25 81,SUPPRESS,5,0
J 25 82,SUPPRESS,8,0
J 25 83,RELEASE,18,50
J 25 84,RELEASE,17,45
J 25 85,SUPPRESS,7,0
J 25 86,SUPPRESS,6,0
J 25 87,RELEASE,11,36
J 25 88,SUPPRESS,12,0
J 25 89,RELEASE,207,513
J 25 90,RELEASE,113,233
J 25 91,RELEASE,274,712
J 25 92,RELEASE,273,680
J 25 93,RELEASE,28,50
J 25 94,SUPPRESS,5,0
J 25 95,RELEASE,26,85
J 25 96,RELEASE,12,42
J 25 97,SUPPRESS,9,0
J 25 98,SUPPRESS,4,0
J 25 99,SUPPRESS,8,0
J 26 10,RELEASE,14,58
J 26 11,RELEASE,13,30
J 26 12,RELEASE,20,65
J 26 13,RELEASE,23,76
J 26 14,RELEASE,19,74
J 26 15,RELEASE,12,37
J 26 16,RELEASE,14,46
J 26 17,RELEASE,18,63
J 26 18,RELEASE,14,38
J 26 19,SUPPRESS,9,0
J 26 30,SUPPRESS,4,0
J 26 31,SUPPRESS,4,0
J 26 32,RELEASE,17,54
J 26 33,RELEASE,13,38
J 26 34,RELEASE,28,107
J 26 35,RELEASE,11,44
J 26 36,RELEASE,13,40
J 26 37,SUPPRESS,3,0
J 26 38,RELEASE,20,59
J 26 39,RELEASE,14,44
J 26 40,RELEASE,14,40
J 26 41,SUPPRESS,6,0
J 26 42,SUPPRESS,7,0
J 26 43,SUPPRESS,12,0
J 26 44,SUPPRESS,10,0
J 26 45,RELEASE,10,33
J 26 46,RELEASE,14,45
J 26 47,SUPPRESS,9,0
J 26 48,RELEASE,23,69
J 26 49,RELEASE,50,141
J 26 50,RELEASE,10,30
J 26 51,RELEASE,20,64
J 26 52,RELEASE,13,40
J 26 53,RELEASE,24,67
J 26 54,RELEASE,43,121
J 26 55,RELEASE,38,90
J 26 56,RELEASE,18,56
J 26 57,RELEASE,14,37
J 26 58,RELEASE,20,44
J 26 59,RELEASE,20,58
J 26 60,RELEASE,213,522
J 26 61,RELEASE,53,142
J 26 62,RELEASE,240,537
J 26 63,RELEASE,1011,2269
J 26 64,RELEASE,820,1712
J 26 65,RELEASE,730,2162
J 26 66,RELEASE,1063,2781
J 26 67,RELEASE,591,1490
J 26 68,RELEASE,502,1491
J 26 69,RELEASE,996,2923
J 26 70,RELEASE,19,54
J 26 71,SUPPRESS,5,0
J 26 72,SUPPRESS,16,0
J 26 73,RELEASE,24,69
J 26 74,SUPPRESS,4,0
J 26 75,SUPPRESS,1,0
J 26 76,SUPPRESS,3,0
J 26 77,SUPPRESS,8,0
J 26 78,SUPPRESS,8,0
J 26 79,SUPPRESS,7,0
J 26 80,SUPPRESS,4,0
J 26 81,SUPPRESS,3,0
J 26 82,SUPPRESS,9,0
J 26 83,RELEASE,75,195
J 26 84,RELEASE,64,184
J 26 85,RELEASE,31,84
J 26 86,RELEASE,18,44
J 26 88,RELEASE,14,40
J 26 89,RELEASE,352,760
J 26 90,RELEASE,29,63
J 26 91,RELEASE,16,42
J 26 92,SUPPRESS,8,0
J 26 93,RELEASE,16,39
J 26 94,RELEASE,13,35
J 26 95,RELEASE,16,37
J 26 96,RELEASE,17,51
J 26 97,SUPPRESS,6,0
J 26 98,RELEASE,17,41
J 26 99,RELEASE,12,33
J 27 10,RELEASE,31,91
J 27 11,RELEASE,36,95
J 27 12,RELEASE,11,36
J 27 13,RELEASE,19,65
J 27 14,RELEASE,20,74
J 27 15,SUPPRESS,7,0
J 27 16,SUPPRESS,3,0
J 27 17,SUPPRESS,1,0
J 27 18,RELEASE,16,50
J 27 19,RELEASE,68,179
J 27 20,RELEASE,12,52
J 27 21,RELEASE,10,33
J 27 22,SUPPRESS,1,0
J 27 23,SUPPRESS,1,0
J 27 30,SUPPRESS,11,0
J 27 31,SUPPRESS,8,0
J 27 32,SUPPRESS,9,0
J 27 33,RELEASE,28,78
J 27 34,SUPPRESS,10,0
J 27 35,SUPPRESS,9,0
J 27 36,SUPPRESS,9,0
J 27 37,SUPPRESS,9,0
J 27 38,RELEASE,14,36
J 27 39,RELEASE,21,65
J 27 40,SUPPRESS,9,0
J 27 41,SUPPRESS,6,0
J 27 42,SUPPRESS,7,0
J 27 43,SUPPRESS,2,0
J 27 44,RELEASE,12,40
J 27 45,SUPPRESS,7,0
J 27 46,RELEASE,32,86
J 27 47,RELEASE,14,48
J 27 48,RELEASE,19,53
J 27 49,RELEASE,16,38
J 27 50,RELEASE,23,46
J 27 51,SUPPRESS,8,0
J 27 52,RELEASE,20,41
J 27 53,SUPPRESS,11,0
J 27 54,RELEASE,15,37
J 27 55,RELEASE,16,45
J 27 56,RELEASE,16,52
J 27 57,RELEASE,15,46
J 27 58,RELEASE,22,54
J 27 59,RELEASE,22,67
J 27 60,RELEASE,18,51
J 27 61,RELEASE,20,61
J 27 62,RELEASE,39,96
J 27 63,RELEASE,929,1974
J 27 64,RELEASE,1731,3745
J 27 65,RELEASE,1313,2931
J 27 66,RELEASE,1106,2530
J 27 67,RELEASE,580,1561
J 27 68,RELEASE,1383,3774
J 27 69,RELEASE,1888,5147
J 27 70,RELEASE,1106,2947
J 27 71,RELEASE,613,1768
J 27 72,RELEASE,97,259
J 27 73,SUPPRESS,2,0
J 27 78,RELEASE,11,40
J 27 81,SUPPRESS,7,0
J 27 82,SUPPRESS,9,0
J 27 83,RELEASE,63,144
J 27 84,RELEASE,24,63
J 27 85,RELEASE,16,37
J 27 86,SUPPRESS,7,0
J 27 87,SUPPRESS,9,0
J 27 88,SUPPRESS,6,0
J 27 89,RELEASE,85,205
J 27 90,RELEASE,466,1296
J 27 91,RELEASE,247,674
J 27 92,RELEASE,25,69
J 27 93,RELEASE,26,59
J 27 94,SUPPRESS,10,0
J 27 95,RELEASE,12,37
J 27 96,RELEASE,21,64
J 27 97,SUPPRESS,3,0
J 27 98,SUPPRESS,6,0
J 27 99,SUPPRESS,10,0
J 28 11,SUPPRESS,3,0
J 28 12,RELEASE,82,240
J 28 13,RELEASE,47,136
J 28 14,RELEASE,23,157
J 28 15,RELEASE,32,70
J 28 16,RELEASE,23,65
J 28 17,RELEASE,16,47
J 28 18,RELEASE,15,53
J 28 19,RELEASE,32,105
J 28 20,SUPPRESS,11,0
J 28 21,SUPPRESS,5,0
J 28 22,SUPPRESS,1,0
J 28 30,SUPPRESS,2,0
J 28 31,RELEASE,17,68
J 28 32,RELEASE,14,47
J 28 33,RELEASE,195,583
J 28 34,SUPPRESS,10,0
J 28 35,RELEASE,12,37
J 28 36,SUPPRESS,8,0
J 28 37,RELEASE,12,49
J 28 38,RELEASE,24,76
J 28 39,RELEASE,15,38
J 28 40,SUPPRESS,4,0
J 28 41,SUPPRESS,5,0
J 28 42,SUPPRESS,7,0
J 28 43,SUPPRESS,4,0
J 28 45,SUPPRESS,9,0
J 28 46,SUPPRESS,3,0
J 28 47,RELEASE,28,62
J 28 48,RELEASE,17,54
J 28 49,RELEASE,339,871
J 28 50,RELEASE,27,73
J 28 51,RELEASE,13,34
J 28 52,SUPPRESS,8,0
J 28 53,SUPPRESS,11,0
J 28 54,RELEASE,26,66
J 28 55,RELEASE,17,52
J 28 56,RELEASE,21,61
J 28 57,SUPPRESS,4,0
J 28 58,RELEASE,28,82
J 28 59,SUPPRESS,8,0
J 28 60,RELEASE,60,164
J 28 61,RELEASE,54,127
J 28 62,RELEASE,16,43
J 28 63,RELEASE,453,1180
J 28 64,RELEASE,100,253
J 28 65,RELEASE,95,223
J 28 66,RELEASE,103,193
J 28 67,RELEASE,1579,3413
J 28 68,RELEASE,1009,2135
J 28 69,RELEASE,926,2204
J 28 70,RELEASE,1788,4516
J 28 71,RELEASE,2132,5230
J 28 72,SUPPRESS,9,0
J 28 78,SUPPRESS,6,0
J 28 80,SUPPRESS,5,0
J 28 81,SUPPRESS,13,0
J 28 82,RELEASE,266,748
J 28 83,RELEASE,224,504
J 28 84,RELEASE,17,40
J 28 85,SUPPRESS,12,0
J 28 86,RELEASE,28,68
J 28 87,RELEASE,329,872
J 28 88,SUPPRESS,5,0
J 28 89,RELEASE,22,61
J 28 90,RELEASE,898,1992
J 28 91,RELEASE,1365,2862
J 28 92,RELEASE,623,1687
J 28 93,RELEASE,50,120
J 28 94,SUPPRESS,10,0
J 28 95,RELEASE,14,31
J 28 96,SUPPRESS,9,0
J 28 97,SUPPRESS,1,0
J 28 98,SUPPRESS,3,0
J 28 99,SUPPRESS,6,0
J 29 12,RELEASE,36,108
J 29 13,RELEASE,42,106
J 29 14,RELEASE,618,1573
J 29 15,RELEASE,11,35
J 29 16,RELEASE,33,107
J 29 17,RELEASE,35,117
J 29 18,RELEASE,28,90
J 29 19,RELEASE,17,58
J 29 20,RELEASE,11,36
J 29 30,SUPPRESS,6,0
J 29 31,SUPPRESS,6,0
J 29 32,RELEASE,20,71
J 29 33,RELEASE,20,67
J 29 34,SUPPRESS,6,0
J 29 36,SUPPRESS,8,0
J 29 37,RELEASE,21,62
J 29 38,RELEASE,16,50
J 29 39,SUPPRESS,11,0
J 29 40,RELEASE,11,32
J 29 41,SUPPRESS,9,0
J 29 42,SUPPRESS,8,0
J 29 43,SUPPRESS,9,0
J 29 44,SUPPRESS,1,0
J 29 45,SUPPRESS,6,0
J 29 46,SUPPRESS,5,0
J 29 47,RELEASE,22,79
J 29 48,RELEASE,12,34
J 29 49,RELEASE,128,301
J 29 50,RELEASE,16,36
J 29 51,RELEASE,17,50
J 29 52,RELEASE,18,50
J 29 53,RELEASE,22,67
J 29 54,RELEASE,135,401
J 29 55,RELEASE,163,396
J 29 56,RELEASE,225,543
J 29 57,RELEASE,18,50
J 29 58,RELEASE,18,47
J 29 59,RELEASE,12,37
J 29 60,RELEASE,35,92
J 29 61,RELEASE,15,44
J 29 62,RELEASE,32,73
J 29 63,RELEASE,17,47
J 29 64,RELEASE,73,179
J 29 65,RELEASE,11,30
J 29 66,RELEASE,247,540
J 29 67,RELEASE,346,724
J 29 68,RELEASE,1016,2216
J 29 69,RELEASE,843,2405
J 29 70,RELEASE,1892,4667
J 29 71,RELEASE,2249,5332
J 29 72,RELEASE,951,2407
J 29 73,RELEASE,703,1784
J 29 74,SUPPRESS,4,0
J 29 75,SUPPRESS,3,0
J 29 76,RELEASE,36,86
J 29 77,RELEASE,581,1582
J 29 78,RELEASE,29,70
J 29 79,SUPPRESS,1,0
J 29 80,SUPPRESS,1,0
J 29 81,RELEASE,339,979
J 29 82,RELEASE,465,1355
J 29 83,SUPPRESS,286,0
J 29 84,RELEASE,39,124
J 29 85,RELEASE,22,54
J 29 86,RELEASE,57,176
J 29 87,RELEASE,19,51
J 29 88,RELEASE,10,31
J 29 89,RELEASE,51,134
J 29 90,RELEASE,164,370
J 29 91,RELEASE,830,1930
J 29 92,RELEASE,20,87
J 29 93,RELEASE,42,97
J 29 94,SUPPRESS,10,0
J 29 95,RELEASE,16,44
J 29 96,RELEASE,12,37
J 30 12,SUPPRESS,4,0
J 30 13,RELEASE,381,931
J 30 14,RELEASE,947,2205
J 30 15,RELEASE,122,329
J 30 16,RELEASE,22,77
J 30 17,RELEASE,19,56
J 30 18,RELEASE,27,88
J 30 19,RELEASE,26,90
J 30 20,RELEASE,16,45
J 30 30,RELEASE,11,32
J 30 31,RELEASE,16,38
J 30 32,RELEASE,23,75
J 30 33,SUPPRESS,9,0
J 30 34,SUPPRESS,7,0
J 30 35,RELEASE,10,33
J 30 36,RELEASE,24,75
J 30 37,SUPPRESS,8,0
J 30 38,RELEASE,28,83
J 30 39,RELEASE,66,184
J 30 40,RELEASE,10,35
J 30 41,RELEASE,12,33
J 30 42,SUPPRESS,9,0
J 30 43,SUPPRESS,4,0
J 30 44,SUPPRESS,4,0
J 30 47,SUPPRESS,2,0
J 30 48,SUPPRESS,8,0
J 30 49,RELEASE,12,35
J 30 50,RELEASE,18,57
J 30 51,RELEASE,28,70
J 30 52,RELEASE,18,53
J 30 53,SUPPRESS,9,0
J 30 54,RELEASE,14,37
J 30 55,RELEASE,83,203
J 30 56,RELEASE,44,109
J 30 57,RELEASE,27,72
J 30 58,RELEASE,14,42
J 30 59,RELEASE,17,40
J 30 60,RELEASE,14,42
J 30 61,RELEASE,20,58
J 30 62,SUPPRESS,7,0
J 30 63,RELEASE,21,55
J 30 64,RELEASE,24,69
J 30 65,RELEASE,36,85
J 30 66,RELEASE,182,467
J 30 67,SUPPRESS,5,0
J 30 68,RELEASE,420,1089
J 30 69,RELEASE,2096,4864
J 30 70,RELEASE,1102,2738
J 30 71,RELEASE,1495,3308
J 30 72,RELEASE,1558,3865
J 30 73,RELEASE,2111,5337
J 30 74,RELEASE,1554,3675
J 30 75,RELEASE,1170,3014
J 30 76,RELEASE,1637,3658
J 30 77,RELEASE,1184,2937
J 30 78,SUPPRESS,3,0
J 30 79,SUPPRESS,1,0
J 30 80,SUPPRESS,1,0
J 30 81,RELEASE,907,2664
J 30 82,RELEASE,512,1221
J 30 83,RELEASE,637,1724
J 30 84,RELEASE,259,617
J 30 85,RELEASE,29,69
J 30 86,RELEASE,21,47
J 30 87,SUPPRESS,7,0
J 30 88,RELEASE,28,79
J 30 89,RELEASE,18,37
J 30 90,SUPPRESS,12,0
J 30 91,RELEASE,17,44
J 30 92,RELEASE,17,47
J 30 93,RELEASE,26,62
J 30 94,RELEASE,18,46
J 30 95,RELEASE,12,30
J 30 96,RELEASE,17,51
J 31 13,RELEASE,18,47
J 31 14,RELEASE,189,444
J 31 15,RELEASE,322,854
J 31 16,RELEASE,16,55
J 31 17,RELEASE,18,53
J 31 18,RELEASE,36,87
J 31 19,RELEASE,26,66
J 31 20,RELEASE,20,68
J 31 21,SUPPRESS,7,0
J 31 31,SUPPRESS,7,0
J 31 32,RELEASE,16,53
J 31 33,RELEASE,24,79
J 31 34,RELEASE,10,31
J 31 35,RELEASE,16,50
J 31 36,SUPPRESS,5,0
J 31 37,SUPPRESS,9,0
J 31 38,RELEASE,31,105
J 31 39,RELEASE,12,33
J 31 40,SUPPRESS,5,0
J 31 41,SUPPRESS,5,0
J 31 43,SUPPRESS,10,0
J 31 46,SUPPRESS,1,0
J 31 47,SUPPRESS,2,0
J 31 48,SUPPRESS,9,0
J 31 49,RELEASE,22,66
J 31 50,RELEASE,27,86
J 31 51,RELEASE,25,68
J 31 52,RELEASE,23,70
J 31 53,SUPPRESS,6,0
J 31 54,RELEASE,12,40
J 31 55,RELEASE,10,32
J 31 56,RELEASE,18,53
J 31 57,RELEASE,17,46
J 31 58,RELEASE,12,34
J 31 59,RELEASE,19,53
J 31 60,RELEASE,30,98
J 31 61,RELEASE,12,33
J 31 62,SUPPRESS,17,0
J 31 63,RELEASE,22,70
J 31 64,RELEASE,19,54
J 31 65,RELEASE,67,175
J 31 66,SUPPRESS,9,0
J 31 67,RELEASE,70,172
J 31 68,RELEASE,215,570
J 31 69,RELEASE,1456,3225
J 31 70,RELEASE,692,1643
J 31 71,RELEASE,199,381
J 31 72,RELEASE,561,1192
J 31 73,RELEASE,2870,6939
J 31 74,RELEASE,2145,4687
J 31 75,RELEASE,2770,5812
J 31 76,RELEASE,2553,5740
J 31 77,RELEASE,2224,5138
J 31 78,RELEASE,395,1057
J 31 81,RELEASE,571,1454
J 31 82,RELEASE,1820,3869
J 31 83,RELEASE,1831,4077
J 31 84,RELEASE,1151,2607
J 31 85,RELEASE,65,129
J 31 86,RELEASE,23,56
J 31 87,RELEASE,27,74
J 31 88,SUPPRESS,7,0
J 31 89,RELEASE,26,70
J 31 90,RELEASE,20,65
J 31 91,RELEASE,12,36
J 31 92,RELEASE,13,31
J 31 93,RELEASE,244,527
J 31 94,RELEASE,52,175
J 31 95,RELEASE,22,48
J 31 96,RELEASE,24,71
J 31 97,SUPPRESS,2,0
J 32 14,RELEASE,16,49
J 32 15,RELEASE,136,393
J 32 16,RELEASE,10,35
J 32 17,RELEASE,26,79
J 32 18,RELEASE,28,75
J 32 19,RELEASE,18,57
J 32 20,RELEASE,21,61
J 32 21,RELEASE,12,34
J 32 32,SUPPRESS,3,0
J 32 33,RELEASE,25,77
J 32 34,SUPPRESS,10,0
J 32 35,RELEASE,22,56
J 32 36,SUPPRESS,10,0
J 32 38,RELEASE,18,51
J 32 39,SUPPRESS,9,0
J 32 40,RELEASE,20,75
J 32 41,RELEASE,12,44
J 32 42,RELEASE,10,52
J 32 45,SUPPRESS,4,0
J 32 46,SUPPRESS,4,0
J 32 47,SUPPRESS,7,0
J 32 48,SUPPRESS,9,0
J 32 49,RELEASE,17,51
J 32 50,RELEASE,15,47
J 32 51,RELEASE,18,43
J 32 52,SUPPRESS,11,0
J 32 53,SUPPRESS,7,0
J 32 54,RELEASE,18,49
J 32 55,RELEASE,14,42
J 32 56,SUPPRESS,7,0
J 32 57,RELEASE,32,83
J 32 58,RELEASE,50,147
J 32 59,RELEASE,21,53
J 32 60,RELEASE,15,51
J 32 61,RELEASE,14,32
J 32 62,RELEASE,15,50
J 32 63,RELEASE,17,56
J 32 64,RELEASE,132,310
J 32 65,RELEASE,82,216
J 32 66,RELEASE,54,151
J 32 67,RELEASE,137,311
J 32 68,RELEASE,18,60
J 32 69,RELEASE,354,875
J 32 70,RELEASE,967,2451
J 32 71,RELEASE,1746,3852
J 32 72,RELEASE,3889,8488
J 32 73,RELEASE,2250,4772
J 32 74,RELEASE,2925,6304
J 32 75,RELEASE,2758,5871
J 32 76,RELEASE,2622,6405
J 32 77,RELEASE,1339,3313
J 32 78,RELEASE,805,2082
J 32 80,RELEASE,39,116
J 32 81,RELEASE,876,2108
J 32 82,RELEASE,1238,3142
J 32 83,RELEASE,1254,3057
J 32 84,RELEASE,1502,3508
J 32 85,RELEASE,102,205
J 32 86,RELEASE,13,36
J 32 87,SUPPRESS,7,0
J 32 88,RELEASE,15,40
J 32 89,RELEASE,29,77
J 32 90,SUPPRESS,3,0
J 32 91,RELEASE,15,42
J 32 92,RELEASE,25,75
J 32 93,RELEASE,168,457
J 32 94,SUPPRESS,8,0
J 32 95,RELEASE,18,48
J 32 96,RELEASE,36,100
J 32 97,RELEASE,13,33
J 32 98,SUPPRESS,3,0
J 33 14,RELEASE,17,35
J 33 15,RELEASE,26,60
J 33 16,RELEASE,80,244
J 33 17,RELEASE,17,61
J 33 18,RELEASE,19,54
J 33 19,RELEASE,22,68
J 33 20,RELEASE,20,71
J 33 21,SUPPRESS,11,0
J 33 32,SUPPRESS,7,0
J 33 33,RELEASE,14,39
J 33 34,SUPPRESS,5,0
J 33 35,RELEASE,373,982
J 33 36,RELEASE,58,143
J 33 37,SUPPRESS,1,0
J 33 38,RELEASE,18,47
J 33 39,SUPPRESS,3,0
J 33 40,SUPPRESS,2,0
J 33 41,SUPPRESS,8,0
J 33 42,RELEASE,12,35
J 33 43,SUPPRESS,5,0
J 33 44,SUPPRESS,8,0
J 33 45,SUPPRESS,11,0
J 33 46,SUPPRESS,1,0
J 33 47,SUPPRESS,2,0
J 33 48,RELEASE,13,42
J 33 49,RELEASE,16,40
J 33 50,SUPPRESS,10,0
J 33 51,RELEASE,19,46
J 33 52,SUPPRESS,7,0
J 33 53,SUPPRESS,9,0
J 33 54,RELEASE,14,43
J 33 55,RELEASE,15,53
J 33 56,RELEASE,14,37
J 33 57,SUPPRESS,10,0
J 33 58,SUPPRESS,6,0
J 33 59,RELEASE,13,34
J 33 60,RELEASE,19,51
J 33 61,RELEASE,13,30
J 33 62,RELEASE,18,53
J 33 63,RELEASE,49,122
J 33 64,RELEASE,19,49
J 33 65,RELEASE,57,139
J 33 66,RELEASE,23,67
J 33 67,RELEASE,111,283
J 33 68,RELEASE,1167,2275
J 33 69,RELEASE,47,81
J 33 70,RELEASE,837,2205
J 33 71,RELEASE,1415,5554
J 33 72,RELEASE,2811,6810
J 33 73,RELEASE,2182,4968
J 33 74,RELEASE,1599,5092
J 33 75,RELEASE,3039,6769
J 33 76,RELEASE,2925,6646
J 33 77,RELEASE,2267,5146
J 33 78,RELEASE,1741,4382
J 33 79,RELEASE,628,1457
J 33 80,RELEASE,1343,3084
J 33 81,RELEASE,796,1675
J 33 82,RELEASE,208,540
J 33 83,RELEASE,135,384
J 33 84,RELEASE,1119,2456
J 33 85,RELEASE,14,43
J 33 86,SUPPRESS,3,0
J 33 87,SUPPRESS,5,0
J 33 88,SUPPRESS,1,0
J 33 89,SUPPRESS,9,0
J 33 90,RELEASE,12,31
J 33 91,RELEASE,178,442
J 33 92,SUPPRESS,7,0
J 33 93,SUPPRESS,10,0
J 33 94,RELEASE,13,31
J 33 95,SUPPRESS,7,0
J 33 96,RELEASE,24,75
J 33 97,RELEASE,13,34
J 33 98,SUPPRESS,4,0
J 34 16,RELEASE,186,465
J 34 17,RELEASE,25,74
J 34 18,RELEASE,35,118
J 34 19,RELEASE,58,180
J 34 20,RELEASE,38,133
J 34 21,RELEASE,15,59
J 34 22,SUPPRESS,5,0
J 34 32,RELEASE,35,65
J 34 33,RELEASE,85,233
J 34 34,RELEASE,26,73
J 34 35,RELEASE,305,755
J 34 36,RELEASE,464,1360
J 34 37,RELEASE,20,48
J 34 38,RELEASE,15,43
J 34 39,RELEASE,11,33
J 34 40,RELEASE,53,143
J 34 41,RELEASE,15,37
J 34 42,SUPPRESS,9,0
J 34 43,RELEASE,10,30
J 34 44,RELEASE,15,44
J 34 45,SUPPRESS,7,0
J 34 46,RELEASE,20,60
J 34 47,RELEASE,21,54
J 34 48,RELEASE,15,41
J 34 49,RELEASE,24,71
J 34 50,SUPPRESS,8,0
J 34 51,RELEASE,12,31
J 34 52,RELEASE,23,64
J 34 53,RELEASE,18,60
J 34 54,RELEASE,13,38
J 34 55,RELEASE,17,40
J 34 56,RELEASE,24,73
J 34 57,RELEASE,11,30
J 34 58,SUPPRESS,8,0
J 34 59,RELEASE,57,160
J 34 60,RELEASE,10,38
J 34 61,SUPPRESS,9,0
J 34 62,RELEASE,20,64
J 34 63,RELEASE,16,40
J 34 64,SUPPRESS,9,0
J 34 65,RELEASE,31,101
J 34 66,RELEASE,41,126
J 34 67,RELEASE,35,140
J 34 68,RELEASE,1116,2723
J 34 69,RELEASE,502,1037
J 34 70,RELEASE,520,1184
J 34 71,RELEASE,3444,7307
J 34 72,RELEASE,2849,6643
J 34 73,RELEASE,1527,3150
J 34 74,RELEASE,793,1810
J 34 75,RELEASE,502,950
J 34 76,RELEASE,631,1335
J 34 77,RELEASE,780,1408
J 34 78,RELEASE,563,1067
J 34 79,RELEASE,658,1401
J 34 80,RELEASE,825,1661
J 34 81,RELEASE,2021,3967
J 34 82,RELEASE,1769,4065
J 34 83,RELEASE,770,1894
J 34 84,RELEASE,1455,3197
J 34 85,RELEASE,185,494
J 34 86,RELEASE,16,32
J 34 87,SUPPRESS,6,0
J 34 88,SUPPRESS,4,0
J 34 89,SUPPRESS,4,0
J 34 90,SUPPRESS,5,0
J 34 91,SUPPRESS,6,0
J 34 92,RELEASE,17,51
J 34 93,SUPPRESS,6,0
J 34 94,SUPPRESS,6,0
J 34 95,RELEASE,13,33
J 34 96,RELEASE,19,50
J 34 97,RELEASE,20,65
J 34 98,SUPPRESS,8,0
J 34 99,SUPPRESS,6,0
J 35 17,RELEASE,35,75
J 35 18,RELEASE,65,175
J 35 19,RELEASE,103,302
J 35 20,RELEASE,57,180
J 35 21,RELEASE,23,65
J 35 22,RELEASE,25,70
J 35 31,RELEASE,18,53
J 35 32,RELEASE,21,50
J 35 33,RELEASE,37,95
J 35 34,RELEASE,23,63
J 35 35,RELEASE,20,54
J 35 36,RELEASE,181,450
J 35 37,RELEASE,138,372
J 35 38,RELEASE,16,55
J 35 39,RELEASE,28,98
J 35 40,RELEASE,48,143
J 35 41,SUPPRESS,9,0
J 35 42,RELEASE,10,33
J 35 43,RELEASE,15,35
J 35 44,SUPPRESS,11,0
J 35 45,RELEASE,15,52
J 35 46,RELEASE,24,68
J 35 47,RELEASE,31,98
J 35 48,SUPPRESS,8,0
J 35 49,SUPPRESS,9,0
J 35 50,RELEASE,21,54
J 35 51,RELEASE,17,39
J 35 52,RELEASE,428,1107
J 35 53,RELEASE,154,427
J 35 54,RELEASE,16,41
J 35 55,RELEASE,17,42
J 35 56,SUPPRESS,11,0
J 35 57,RELEASE,13,34
J 35 58,SUPPRESS,12,0
J 35 59,RELEASE,22,63
J 35 60,RELEASE,37,103
J 35 61,RELEASE,21,68
J 35 62,RELEASE,18,47
J 35 63,RELEASE,32,87
J 35 64,RELEASE,34,113
J 35 65,RELEASE,26,70
J 35 66,RELEASE,28,73
J 35 67,RELEASE,34,101
J 35 68,RELEASE,971,2421
J 35 69,RELEASE,1915,4441
J 35 70,RELEASE,1062,2461
J 35 71,RELEASE,1899,4442
J 35 72,RELEASE,2909,6123
J 35 73,RELEASE,4638,9336
J 35 74,RELEASE,2558,5414
J 35 75,RELEASE,75,132
J 35 80,RELEASE,43,103
J 35 81,RELEASE,459,827
J 35 82,RELEASE,932,2164
J 35 83,RELEASE,1281,3085
J 35 84,RELEASE,1186,3016
J 35 85,RELEASE,138,398
J 35 86,SUPPRESS,7,0
J 35 87,SUPPRESS,5,0
J 35 88,SUPPRESS,1,0
J 35 89,SUPPRESS,9,0
J 35 90,SUPPRESS,5,0
J 35 91,SUPPRESS,6,0
J 35 92,RELEASE,17,48
J 35 93,RELEASE,11,31
J 35 94,RELEASE,17,46
J 35 95,RELEASE,14,39
J 35 96,SUPPRESS,8,0
J 35 97,SUPPRESS,5,0
J 35 98,RELEASE,14,39
J 35 99,RELEASE,11,38
J 36 17,SUPPRESS,1,0
J 36 18,RELEASE,56,149
J 36 19,RELEASE,227,625
J 36 20,RELEASE,45,128
J 36 21,RELEASE,36,97
J 36 22,SUPPRESS,5,0
J 36 23,SUPPRESS,1,0
J 36 30,RELEASE,238,532
J 36 31,RELEASE,381,1075
J 36 32,RELEASE,258,672
J 36 33,RELEASE,52,124
J 36 34,RELEASE,64,175
J 36 35,SUPPRESS,5,0
J 36 36,RELEASE,23,62
J 36 37,RELEASE,15,34
J 36 38,SUPPRESS,5,0
J 36 39,RELEASE,18,45
J 36 40,RELEASE,13,50
J 36 41,RELEASE,11,36
J 36 42,RELEASE,14,39
J 36 43,RELEASE,72,217
J 36 44,RELEASE,21,56
J 36 45,SUPPRESS,4,0
J 36 46,RELEASE,27,73
J 36 47,RELEASE,29,77
J 36 48,RELEASE,33,82
J 36 49,RELEASE,211,593
J 36 50,RELEASE,13,35
J 36 51,RELEASE,17,45
J 36 52,RELEASE,860,1767
J 36 53,RELEASE,426,1158
J 36 54,RELEASE,27,57
J 36 55,RELEASE,32,85
J 36 56,RELEASE,36,106
J 36 57,RELEASE,15,70
J 36 58,RELEASE,20,66
J 36 59,RELEASE,13,35
J 36 60,RELEASE,17,39
J 36 61,RELEASE,16,41
J 36 62,RELEASE,14,36
J 36 63,RELEASE,50,149
J 36 64,RELEASE,1134,2894
J 36 65,RELEASE,719,1712
J 36 66,RELEASE,263,701
J 36 67,RELEASE,85,282
J 36 68,RELEASE,1011,2892
J 36 69,RELEASE,1149,2731
J 36 70,RELEASE,240,547
J 36 71,RELEASE,2008,4737
J 36 72,RELEASE,1650,3616
J 36 73,RELEASE,3511,6846
J 36 74,RELEASE,2954,5995
J 36 75,RELEASE,272,568
J 36 83,RELEASE,416,1131
J 36 84,RELEASE,223,858
J 36 85,RELEASE,712,1839
J 36 86,RELEASE,15,47
J 36 87,SUPPRESS,3,0
J 36 89,SUPPRESS,1,0
J 36 90,SUPPRESS,1,0
J 36 92,RELEASE,15,47
J 36 93,RELEASE,15,42
J 36 94,RELEASE,12,36
J 36 95,SUPPRESS,1,0
J 36 96,SUPPRESS,8,0
J 36 97,RELEASE,14,37
J 36 98,RELEASE,13,43
J 36 99,RELEASE,14,46
J 37 18,RELEASE,14,35
J 37 19,RELEASE,333,786
J 37 20,RELEASE,261,662
J 37 21,RELEASE,32,84
J 37 22,RELEASE,32,72
J 37 23,RELEASE,19,51
J 37 24,SUPPRESS,1,0
J 37 29,RELEASE,128,245
J 37 30,RELEASE,395,937
J 37 31,RELEASE,843,1713
J 37 32,RELEASE,1132,2795
J 37 33,SUPPRESS,8,0
J 37 34,RELEASE,42,127
J 37 35,SUPPRESS,7,0
J 37 36,RELEASE,24,61
J 37 37,RELEASE,14,42
J 37 38,RELEASE,27,94
J 37 39,RELEASE,14,47
J 37 40,RELEASE,20,50
J 37 41,SUPPRESS,7,0
J 37 42,RELEASE,16,50
J 37 43,RELEASE,17,63
J 37 44,RELEASE,15,41
J 37 45,RELEASE,19,54
J 37 46,RELEASE,14,49
J 37 47,RELEASE,12,39
J 37 48,RELEASE,34,104
J 37 49,RELEASE,20,55
J 37 50,RELEASE,24,53
J 37 51,RELEASE,139,326
J 37 52,RELEASE,714,1639
J 37 53,RELEASE,13,37
J 37 54,RELEASE,16,51
J 37 55,SUPPRESS,4,0
J 37 56,RELEASE,12,37
J 37 57,RELEASE,13,32
J 37 58,RELEASE,13,32
J 37 59,SUPPRESS,9,0
J 37 60,RELEASE,12,30
J 37 61,SUPPRESS,7,0
J 37 62,RELEASE,10,33
J 37 63,RELEASE,13,41
J 37 64,RELEASE,293,675
J 37 65,RELEASE,243,725
J 37 66,RELEASE,155,456
J 37 67,SUPPRESS,8,0
J 37 68,RELEASE,10,31
J 37 69,RELEASE,17,43
J 37 70,RELEASE,19,53
J 37 71,RELEASE,1140,2671
J 37 72,RELEASE,912,2109
J 37 73,RELEASE,2061,4610
J 37 74,RELEASE,2308,5008
J 37 75,RELEASE,1658,3490
J 37 83,SUPPRESS,11,0
J 37 84,RELEASE,768,1785
J 37 85,RELEASE,1002,2134
J 37 86,RELEASE,167,434
J 37 87,SUPPRESS,1,0
J 37 89,SUPPRESS,1,0
J 37 90,SUPPRESS,7,0
J 37 91,SUPPRESS,3,0
J 37 92,RELEASE,17,50
J 37 93,RELEASE,12,37
J 37 94,RELEASE,12,41
J 37 95,RELEASE,20,49
J 37 96,RELEASE,18,40
J 37 97,RELEASE,77,194
J 37 98,SUPPRESS,7,0
J 37 99,SUPPRESS,1,0
J 38 23,SUPPRESS,11,0
J 38 24,RELEASE,22,56
J 38 25,SUPPRESS,6,0
J 38 26,RELEASE,10,30
J 38 27,SUPPRESS,11,0
J 38 28,RELEASE,17,42
J 38 29,SUPPRESS,59,0
J 38 31,SUPPRESS,0,0
J 38 32,RELEASE,169,376
J 38 33,RELEASE,22,92
J 38 34,RELEASE,13,36
J 38 35,RELEASE,10,40
J 38 36,RELEASE,21,74
J 38 37,RELEASE,12,32
J 38 38,SUPPRESS,11,0
J 38 39,SUPPRESS,8,0
J 38 40,RELEASE,12,35
J 38 41,SUPPRESS,7,0
J 38 42,RELEASE,13,42
J 38 43,RELEASE,14,37
J 38 44,RELEASE,20,54
J 38 45,SUPPRESS,3,0
J 38 46,RELEASE,19,62
J 38 47,RELEASE,24,74
J 38 48,RELEASE,38,126
J 38 49,RELEASE,23,47
J 38 50,RELEASE,19,57
J 38 51,SUPPRESS,8,0
J 38 52,SUPPRESS,8,0
J 38 53,RELEASE,20,59
J 38 54,RELEASE,15,41
J 38 55,SUPPRESS,4,0
J 38 56,SUPPRESS,10,0
J 38 57,SUPPRESS,8,0
J 38 58,RELEASE,20,63
J 38 59,RELEASE,25,68
J 38 60,SUPPRESS,9,0
J 38 61,RELEASE,17,42
J 38 62,RELEASE,21,63
J 38 63,RELEASE,19,65
J 38 64,RELEASE,10,30
J 38 65,RELEASE,13,37
J 38 66,RELEASE,14,49
J 38 67,SUPPRESS,8,0
J 38 68,RELEASE,12,34
J 38 69,RELEASE,60,155
J 38 70,RELEASE,78,173
J 38 71,RELEASE,506,1195
J 38 72,RELEASE,1408,3047
J 38 73,RELEASE,1373,3149
J 38 74,RELEASE,1252,3039
J 38 75,RELEASE,972,2330
J 38 76,RELEASE,1224,2650
J 38 77,SUPPRESS,5,0
J 38 84,SUPPRESS,4,0
J 38 85,RELEASE,165,311
J 38 86,RELEASE,52,110
J 38 87,SUPPRESS,8,0
J 38 88,RELEASE,12,30
J 38 89,SUPPRESS,9,0
J 38 90,RELEASE,16,45
J 38 91,RELEASE,14,40
J 38 92,RELEASE,17,45
J 38 93,RELEASE,12,41
J 38 94,SUPPRESS,9,0
J 38 95,RELEASE,18,50
J 38 96,RELEASE,24,69
J 38 97,RELEASE,13,38
J 38 98,SUPPRESS,9,0
J 38 99,SUPPRESS,10,0
J 39 33,SUPPRESS,4,0
J 39 34,RELEASE,12,39
J 39 35,RELEASE,23,71
J 39 36,RELEASE,53,152
J 39 37,RELEASE,14,39
J 39 38,RELEASE,18,54
J 39 39,RELEASE,21,64
J 39 40,SUPPRESS,11,0
J 39 41,SUPPRESS,9,0
J 39 42,SUPPRESS,8,0
J 39 43,SUPPRESS,0,0
J 39 44,RELEASE,24,71
J 39 45,RELEASE,13,39
J 39 46,RELEASE,17,50
J 39 47,RELEASE,26,56
J 39 48,RELEASE,347,812
J 39 49,RELEASE,217,608
J 39 50,SUPPRESS,6,0
J 39 51,RELEASE,13,32
J 39 52,SUPPRESS,7,0
J 39 53,RELEASE,14,47
J 39 54,SUPPRESS,9,0
J 39 55,RELEASE,11,39
J 39 56,RELEASE,13,34
J 39 57,RELEASE,19,56
J 39 58,RELEASE,76,181
J 39 59,RELEASE,19,51
J 39 60,RELEASE,13,41
J 39 61,RELEASE,24,72
J 39 62,RELEASE,26,65
J 39 63,SUPPRESS,9,0
J 39 64,SUPPRESS,7,0
J 39 65,SUPPRESS,5,0
J 39 66,RELEASE,14,35
J 39 67,RELEASE,25,65
J 39 68,RELEASE,31,150
J 39 69,RELEASE,123,252
J 39 70,RELEASE,25,57
J 39 71,RELEASE,27,60
J 39 72,RELEASE,869,2036
J 39 73,RELEASE,1783,3972
J 39 74,RELEASE,326,1000
J 39 75,RELEASE,321,797
J 39 76,RELEASE,97,225
J 39 77,RELEASE,371,1003
J 39 78,RELEASE,1384,2915
J 39 79,RELEASE,497,921
J 39 86,RELEASE,222,488
J 39 87,RELEASE,158,434
J 39 88,RELEASE,644,1453
J 39 89,RELEASE,313,807
J 39 90,RELEASE,17,50
J 39 91,RELEASE,20,54
J 39 92,RELEASE,15,43
J 39 93,SUPPRESS,8,0
J 39 94,SUPPRESS,11,0
J 39 95,SUPPRESS,3,0
J 39 96,RELEASE,66,178
J 39 97,RELEASE,26,65
J 39 98,SUPPRESS,5,0
J 39 99,RELEASE,13,30
J 40 34,SUPPRESS,1,0
J 40 35,RELEASE,15,32
J 40 36,RELEASE,643,1404
J 40 37,RELEASE,16,45
J 40 38,RELEASE,12,30
J 40 39,RELEASE,59,156
J 40 40,RELEASE,106,276
J 40 41,RELEASE,182,444
J 40 42,SUPPRESS,3,0
J 40 43,SUPPRESS,7,0
J 40 44,SUPPRESS,7,0
J 40 45,RELEASE,20,64
J 40 46,RELEASE,19,67
J 40 47,RELEASE,24,75
J 40 48,RELEASE,43,117
J 40 49,RELEASE,11,49
J 40 50,RELEASE,16,45
J 40 51,RELEASE,19,55
J 40 52,SUPPRESS,14,0
J 40 53,RELEASE,19,61
J 40 54,RELEASE,15,38
J 40 55,RELEASE,21,48
J 40 56,SUPPRESS,8,0
J 40 57,SUPPRESS,11,0
J 40 58,RELEASE,901,2112
J 40 59,RELEASE,398,834
J 40 60,RELEASE,14,30
J 40 61,RELEASE,29,75
J 40 62,SUPPRESS,8,0
J 40 63,SUPPRESS,7,0
J 40 64,RELEASE,21,56
J 40 65,SUPPRESS,11,0
J 40 66,RELEASE,378,1046
J 40 67,RELEASE,293,629
J 40 68,RELEASE,20,59
J 40 69,SUPPRESS,12,0
J 40 70,RELEASE,18,56
J 40 71,RELEASE,30,67
J 40 72,RELEASE,452,1145
J 40 73,RELEASE,1442,3105
J 40 74,SUPPRESS,5,0
J 40 75,SUPPRESS,7,0
J 40 76,RELEASE,14,31
J 40 77,SUPPRESS,5,0
J 40 78,RELEASE,581,1474
J 40 79,RELEASE,786,1817
J 40 80,RELEASE,72,180
J 40 86,RELEASE,330,495
J 40 87,RELEASE,1158,2484
J 40 88,RELEASE,1601,3655
J 40 89,RELEASE,696,1657
J 40 90,SUPPRESS,13,0
J 40 91,RELEASE,17,48
J 40 92,RELEASE,19,44
J 40 93,RELEASE,12,31
J 40 94,SUPPRESS,10,0
J 40 95,SUPPRESS,5,0
J 40 96,SUPPRESS,8,0
J 40 97,RELEASE,11,34
J 40 98,SUPPRESS,6,0
J 40 99,RELEASE,240,525
J 41 37,SUPPRESS,12,0
J 41 38,SUPPRESS,7,0
J 41 39,RELEASE,15,41
J 41 40,SUPPRESS,7,0
J 41 41,SUPPRESS,9,0
J 41 42,RELEASE,19,55
J 41 43,SUPPRESS,13,0
J 41 44,RELEASE,12,32
J 41 45,RELEASE,85,253
J 41 46,RELEASE,26,85
J 41 47,RELEASE,36,124
J 41 48,RELEASE,27,78
J 41 49,RELEASE,25,66
J 41 50,RELEASE,26,78
J 41 51,RELEASE,13,38
J 41 52,RELEASE,13,37
J 41 53,SUPPRESS,6,0
J 41 54,SUPPRESS,7,0
J 41 55,RELEASE,20,53
J 41 56,SUPPRESS,3,0
J 41 57,RELEASE,15,47
J 41 58,RELEASE,135,450
J 41 59,RELEASE,29,76
J 41 60,SUPPRESS,13,0
J 41 61,RELEASE,15,42
J 41 62,RELEASE,19,55
J 41 63,SUPPRESS,7,0
J 41 64,RELEASE,17,39
J 41 65,RELEASE,26,70
J 41 66,RELEASE,23,61
J 41 67,RELEASE,20,49
J 41 68,SUPPRESS,9,0
J 41 69,RELEASE,16,55
J 41 70,RELEASE,14,32
J 41 71,RELEASE,16,39
J 41 72,RELEASE,271,694
J 41 73,RELEASE,1441,3201
J 41 74,RELEASE,323,731
J 41 75,SUPPRESS,7,0
J 41 76,RELEASE,29,81
J 41 77,SUPPRESS,14,0
J 41 78,RELEASE,181,477
J 41 79,RELEASE,465,1119
J 41 80,RELEASE,198,559
J 41 81,RELEASE,22,54
J 41 86,SUPPRESS,9,0
J 41 87,RELEASE,877,1524
J 41 88,RELEASE,1259,2895
J 41 89,RELEASE,724,1732
J 41 90,RELEASE,142,412
J 41 91,SUPPRESS,6,0
J 41 92,SUPPRESS,1,0
J 41 94,SUPPRESS,7,0
J 41 95,SUPPRESS,9,0
J 41 96,RELEASE,10,38
J 41 97,RELEASE,12,33
J 41 98,RELEASE,10,31
J 42 36,SUPPRESS,3,0
J 42 37,SUPPRESS,6,0
J 42 38,RELEASE,18,51
J 42 39,RELEASE,19,53
J 42 40,SUPPRESS,8,0
J 42 41,SUPPRESS,9,0
J 42 42,RELEASE,14,41
J 42 43,SUPPRESS,12,0
J 42 44,RELEASE,20,66
J 42 45,RELEASE,25,61
J 42 46,RELEASE,22,75
J 42 47,RELEASE,39,136
J 42 48,RELEASE,17,61
J 42 49,RELEASE,39,118
J 42 50,SUPPRESS,10,0
J 42 51,RELEASE,20,56
J 42 52,RELEASE,20,52
J 42 53,RELEASE,23,56
J 42 54,SUPPRESS,4,0
J 42 55,SUPPRESS,9,0
J 42 56,RELEASE,31,82
J 42 57,SUPPRESS,9,0
J 42 58,RELEASE,11,30
J 42 59,RELEASE,28,72
J 42 60,SUPPRESS,8,0
J 42 61,RELEASE,21,53
J 42 62,RELEASE,21,57
J 42 63,RELEASE,407,1037
J 42 64,RELEASE,137,333
J 42 65,RELEASE,21,53
J 42 66,RELEASE,31,82
J 42 67,RELEASE,12,35
J 42 68,SUPPRESS,11,0
J 42 69,RELEASE,10,33
J 42 70,SUPPRESS,9,0
J 42 71,RELEASE,23,58
J 42 72,RELEASE,401,939
J 42 73,RELEASE,2097,4508
J 42 74,RELEASE,1133,2802
J 42 75,SUPPRESS,4,0
J 42 76,RELEASE,12,31
J 42 77,SUPPRESS,8,0
J 42 78,SUPPRESS,11,0
J 42 79,SUPPRESS,5,0
J 42 80,RELEASE,106,258
J 42 81,RELEASE,76,217
J 42 87,RELEASE,37,65
J 42 88,RELEASE,1578,3369
J 42 89,RELEASE,995,2703
J 42 90,RELEASE,800,2320
J 42 91,SUPPRESS,6,0
J 42 92,SUPPRESS,2,0
J 42 93,SUPPRESS,6,0
J 42 94,RELEASE,11,34
J 42 95,SUPPRESS,2,0
J 42 96,SUPPRESS,5,0
J 42 97,RELEASE,58,151
J 42 98,RELEASE,55,102
J 42 99,SUPPRESS,1,0
J 43 36,RELEASE,170,435
J 43 37,SUPPRESS,9,0
J 43 38,RELEASE,18,44
J 43 39,SUPPRESS,7,0
J 43 40,RELEASE,18,52
J 43 41,RELEASE,17,50
J 43 42,SUPPRESS,9,0
J 43 43,SUPPRESS,9,0
J 43 44,RELEASE,26,62
J 43 45,RELEASE,10,33
J 43 46,RELEASE,21,72
J 43 47,RELEASE,13,50
J 43 48,RELEASE,30,95
J 43 49,RELEASE,52,179
J 43 50,RELEASE,16,55
J 43 51,RELEASE,31,85
J 43 52,SUPPRESS,7,0
J 43 53,RELEASE,12,33
J 43 54,RELEASE,17,46
J 43 55,RELEASE,19,51
J 43 56,RELEASE,11,35
J 43 57,SUPPRESS,14,0
J 43 58,SUPPRESS,7,0
J 43 59,RELEASE,26,62
J 43 60,RELEASE,13,36
J 43 61,RELEASE,19,53
J 43 62,RELEASE,30,84
J 43 63,RELEASE,478,1115
J 43 64,RELEASE,279,791
J 43 65,SUPPRESS,10,0
J 43 66,RELEASE,15,32
J 43 67,RELEASE,13,33
J 43 68,SUPPRESS,9,0
J 43 69,RELEASE,21,50
J 43 70,RELEASE,10,31
J 43 71,RELEASE,52,128
J 43 72,SUPPRESS,351,0
J 43 73,RELEASE,1458,3456
J 43 74,RELEASE,317,946
J 43 75,SUPPRESS,7,0
J 43 76,RELEASE,15,39
J 43 77,RELEASE,20,46
J 43 78,SUPPRESS,10,0
J 43 79,SUPPRESS,7,0
J 43 80,RELEASE,47,124
J 43 81,RELEASE,142,514
J 43 82,SUPPRESS,2,0
J 43 88,RELEASE,343,779
J 43 89,RELEASE,285,709
J 43 90,SUPPRESS,5,0
J 43 91,SUPPRESS,9,0
J 43 92,SUPPRESS,11,0
J 43 93,SUPPRESS,5,0
J 43 94,RELEASE,13,35
J 43 95,RELEASE,14,44
J 43 96,RELEASE,11,30
J 43 97,RELEASE,39,103
J 44 36,RELEASE,30,87
J 44 37,RELEASE,18,51
J 44 38,RELEASE,24,72
J 44 39,SUPPRESS,7,0
J 44 40,SUPPRESS,8,0
J 44 41,SUPPRESS,8,0
J 44 42,SUPPRESS,6,0
J 44 43,RELEASE,14,35
J 44 44,SUPPRESS,10,0
J 44 45,RELEASE,19,55
J 44 46,SUPPRESS,6,0
J 44 47,SUPPRESS,5,0
J 44 48,RELEASE,87,254
J 44 49,RELEASE,13,38
J 44 50,RELEASE,130,300
J 44 51,RELEASE,17,48
J 44 52,RELEASE,14,46
J 44 53,RELEASE,11,57
J 44 54,SUPPRESS,11,0
J 44 55,RELEASE,13,37
J 44 56,RELEASE,16,41
J 44 57,RELEASE,28,79
J 44 58,RELEASE,74,221
J 44 59,SUPPRESS,8,0
J 44 60,RELEASE,24,68
J 44 61,RELEASE,16,42
J 44 62,SUPPRESS,8,0
J 44 63,RELEASE,31,69
J 44 64,RELEASE,19,47
J 44 65,RELEASE,15,32
J 44 66,RELEASE,16,47
J 44 67,RELEASE,22,62
J 44 68,RELEASE,63,165
J 44 69,RELEASE,390,896
J 44 70,RELEASE,18,57
J 44 71,SUPPRESS,8,0
J 44 72,SUPPRESS,3,0
J 44 73,RELEASE,31,60
J 44 74,SUPPRESS,11,0
J 44 75,SUPPRESS,3,0
J 44 76,RELEASE,15,37
J 44 77,SUPPRESS,3,0
J 44 78,SUPPRESS,9,0
J 44 79,SUPPRESS,8,0
J 44 80,RELEASE,34,83
J 44 81,RELEASE,300,668
J 44 82,RELEASE,51,110
J 44 89,SUPPRESS,11,0
J 44 90,SUPPRESS,4,0
J 44 91,RELEASE,13,32
J 44 92,SUPPRESS,5,0
J 44 93,RELEASE,305,734
J 44 94,RELEASE,232,577
J 44 95,SUPPRESS,8,0
J 44 96,RELEASE,16,51
J 44 97,RELEASE,39,97
J 44 98,SUPPRESS,13,0
J 44 99,RELEASE,42,92
J 45 36,RELEASE,17,37
J 45 37,SUPPRESS,6,0
J 45 38,SUPPRESS,5,0
J 45 39,RELEASE,13,30
J 45 40,SUPPRESS,5,0
J 45 41,RELEASE,13,37
J 45 42,RELEASE,13,48
J 45 43,RELEASE,15,48
J 45 44,SUPPRESS,3,0
J 45 45,SUPPRESS,1,0
J 45 46,RELEASE,11,32
J 45 47,RELEASE,20,61
J 45 48,RELEASE,35,98
J 45 49,RELEASE,18,51
J 45 50,RELEASE,19,69
J 45 51,RELEASE,400,1057
J 45 52,RELEASE,411,948
J 45 53,SUPPRESS,6,0
J 45 54,SUPPRESS,8,0
J 45 55,RELEASE,12,40
J 45 56,RELEASE,11,34
J 45 57,RELEASE,65,171
J 45 58,RELEASE,122,310
J 45 59,RELEASE,16,42
J 45 60,RELEASE,21,55
J 45 61,RELEASE,22,56
J 45 62,RELEASE,20,52
J 45 63,RELEASE,25,63
J 45 64,SUPPRESS,14,0
J 45 65,SUPPRESS,5,0
J 45 66,RELEASE,18,48
J 45 67,SUPPRESS,4,0
J 45 68,RELEASE,460,1107
J 45 69,RELEASE,1091,2160
J 45 70,RELEASE,17,39
J 45 71,SUPPRESS,5,0
J 45 72,SUPPRESS,8,0
J 45 73,SUPPRESS,9,0
J 45 74,RELEASE,52,119
J 45 75,RELEASE,113,261
J 45 76,SUPPRESS,1,0
J 45 77,SUPPRESS,6,0
J 45 78,SUPPRESS,7,0
J 45 79,SUPPRESS,4,0
J 45 80,RELEASE,13,30
J 45 81,RELEASE,33,103
J 45 82,RELEASE,368,949
J 45 83,RELEASE,43,109
J 45 89,SUPPRESS,3,0
J 45 90,SUPPRESS,6,0
J 45 91,RELEASE,18,33
J 45 92,RELEASE,12,32
J 45 93,RELEASE,56,148
J 45 94,RELEASE,52,128
J 45 95,SUPPRESS,9,0
J 45 96,RELEASE,12,31
J 45 98,SUPPRESS,4,0
J 45 99,SUPPRESS,10,0
J 46 35,SUPPRESS,5,0
J 46 36,RELEASE,16,41
J 46 37,SUPPRESS,1,0
J 46 38,SUPPRESS,5,0
J 46 39,RELEASE,14,42
J 46 40,RELEASE,17,57
J 46 41,RELEASE,10,31
J 46 42,RELEASE,13,31
J 46 46,RELEASE,15,38
J 46 47,RELEASE,17,47
J 46 48,RELEASE,16,48
J 46 49,RELEASE,28,90
J 46 50,RELEASE,19,56
J 46 51,RELEASE,16,42
J 46 52,RELEASE,66,165
J 46 53,RELEASE,10,32
J 46 54,RELEASE,30,82
J 46 55,RELEASE,11,32
J 46 56,RELEASE,25,63
J 46 57,RELEASE,36,99
J 46 58,RELEASE,32,96
J 46 59,RELEASE,12,39
J 46 60,RELEASE,18,54
J 46 61,RELEASE,11,38
J 46 62,RELEASE,91,261
J 46 63,SUPPRESS,11,0
J 46 64,RELEASE,22,56
J 46 65,SUPPRESS,9,0
J 46 66,RELEASE,23,57
J 46 67,RELEASE,32,77
J 46 68,RELEASE,213,509
J 46 69,RELEASE,1763,3941
J 46 70,RELEASE,213,534
J 46 71,RELEASE,13,41
J 46 72,RELEASE,18,43
J 46 73,RELEASE,22,47
J 46 74,RELEASE,55,136
J 46 75,RELEASE,23,59
J 46 76,SUPPRESS,7,0
J 46 77,RELEASE,19,49
J 46 78,RELEASE,16,35
J 46 79,SUPPRESS,3,0
J 46 80,RELEASE,21,57
J 46 81,RELEASE,250,557
J 46 82,RELEASE,245,571
J 46 90,RELEASE,17,45
J 46 91,RELEASE,56,119
J 46 92,RELEASE,161,350
J 46 94,RELEASE,24,57
J 46 95,SUPPRESS,1,0
J 46 96,RELEASE,15,30
J 46 97,RELEASE,18,38
J 46 98,RELEASE,19,55
J 46 99,RELEASE,12,34
J 47 36,RELEASE,19,41
J 47 37,RELEASE,27,73
J 47 38,RELEASE,18,50
J 47 39,SUPPRESS,9,0
J 47 40,SUPPRESS,7,0
J 47 41,RELEASE,10,35
J 47 42,SUPPRESS,3,0
J 47 43,SUPPRESS,2,0
J 47 45,SUPPRESS,2,0
J 47 46,RELEASE,11,32
J 47 47,SUPPRESS,4,0
J 47 48,RELEASE,21,52
J 47 49,RELEASE,29,80
J 47 50,RELEASE,25,68
J 47 51,SUPPRESS,7,0
J 47 52,SUPPRESS,11,0
J 47 53,SUPPRESS,11,0
J 47 54,SUPPRESS,5,0
J 47 55,RELEASE,14,45
J 47 56,RELEASE,28,69
J 47 57,SUPPRESS,7,0
J 47 58,SUPPRESS,6,0
J 47 59,RELEASE,15,37
J 47 60,RELEASE,30,73
J 47 61,RELEASE,17,45
J 47 62,RELEASE,24,67
J 47 63,RELEASE,20,53
J 47 64,RELEASE,23,54
J 47 65,RELEASE,18,44
J 47 66,RELEASE,22,56
J 47 67,RELEASE,13,44
J 47 68,SUPPRESS,4,0
J 47 69,RELEASE,129,325
J 47 70,SUPPRESS,7,0
J 47 71,SUPPRESS,12,0
J 47 72,SUPPRESS,5,0
J 47 73,RELEASE,273,614
J 47 74,RELEASE,431,1080
J 47 75,RELEASE,57,142
J 47 76,SUPPRESS,10,0
J 47 77,SUPPRESS,10,0
J 47 78,SUPPRESS,3,0
J 47 79,SUPPRESS,8,0
J 47 80,RELEASE,402,974
J 47 81,RELEASE,500,1127
J 47 82,RELEASE,72,200
J 47 90,SUPPRESS,10,0
J 47 91,RELEASE,374,931
J 47 92,RELEASE,1119,2279
J 47 93,RELEASE,21,50
J 47 94,RELEASE,431,1037
J 47 95,RELEASE,49,99
J 47 96,RELEASE,19,41
J 47 97,RELEASE,18,45
J 47 98,SUPPRESS,8,0
J 47 99,SUPPRESS,5,0
J 48 36,RELEASE,20,52
J 48 38,RELEASE,14,42
J 48 39,RELEASE,23,63
J 48 40,RELEASE,56,159
J 48 41,RELEASE,10,30
J 48 42,RELEASE,150,407
J 48 43,RELEASE,955,2558
J 48 44,RELEASE,791,1585
J 48 45,RELEASE,431,1008
J 48 46,RELEASE,15,125
J 48 47,SUPPRESS,7,0
J 48 48,SUPPRESS,4,0
J 48 49,RELEASE,22,54
J 48 50,RELEASE,11,34
J 48 51,RELEASE,13,38
J 48 52,RELEASE,11,37
J 48 53,SUPPRESS,12,0
J 48 54,SUPPRESS,6,0
J 48 55,RELEASE,13,32
J 48 56,SUPPRESS,9,0
J 48 57,SUPPRESS,10,0
J 48 58,SUPPRESS,9,0
J 48 59,RELEASE,32,77
J 48 60,SUPPRESS,11,0
J 48 61,SUPPRESS,11,0
J 48 62,SUPPRESS,11,0
J 48 63,RELEASE,13,40
J 48 64,RELEASE,220,550
J 48 65,RELEASE,25,64
J 48 66,RELEASE,13,42
J 48 67,RELEASE,23,59
J 48 68,SUPPRESS,5,0
J 48 69,RELEASE,18,48
J 48 70,RELEASE,12,30
J 48 71,SUPPRESS,8,0
J 48 72,RELEASE,1252,3064
J 48 73,RELEASE,1409,2777
J 48 74,RELEASE,1716,3359
J 48 75,RELEASE,684,1670
J 48 76,SUPPRESS,10,0
J 48 77,SUPPRESS,1,0
J 48 79,RELEASE,246,589
J 48 80,RELEASE,1828,4063
J 48 81,RELEASE,1349,2821
J 48 82,RELEASE,62,128
J 48 92,SUPPRESS,2,0
J 48 93,RELEASE,19,44
J 48 94,SUPPRESS,5,0
J 48 95,RELEASE,20,60
J 48 96,SUPPRESS,4,0
J 48 97,SUPPRESS,3,0
J 48 98,SUPPRESS,2,0
J 49 36,SUPPRESS,5,0
J 49 37,SUPPRESS,1,0
J 49 38,SUPPRESS,9,0
J 49 39,SUPPRESS,5,0
J 49 40,RELEASE,15,35
J 49 41,SUPPRESS,4,0
J 49 42,SUPPRESS,3,0
J 49 43,RELEASE,659,1680
J 49 44,RELEASE,689,1800
J 49 45,RELEASE,465,1287
J 49 46,RELEASE,74,192
J 49 47,SUPPRESS,5,0
J 49 48,SUPPRESS,9,0
J 49 49,RELEASE,39,105
J 49 50,RELEASE,15,45
J 49 51,RELEASE,13,43
J 49 52,RELEASE,27,57
J 49 53,RELEASE,16,39
J 49 54,RELEASE,11,30
J 49 55,SUPPRESS,9,0
J 49 56,RELEASE,20,50
J 49 57,RELEASE,15,44
J 49 58,RELEASE,18,49
J 49 59,RELEASE,26,62
J 49 60,RELEASE,131,292
J 49 61,RELEASE,41,107
J 49 62,RELEASE,20,56
J 49 63,SUPPRESS,13,0
J 49 64,RELEASE,26,70
J 49 65,RELEASE,53,135
J 49 66,RELEASE,20,53
J 49 67,SUPPRESS,4,0
J 49 73,RELEASE,529,1115
J 49 74,RELEASE,1764,3550
J 49 75,RELEASE,654,1605
J 49 76,RELEASE,23,58
J 49 77,RELEASE,107,232
J 49 78,RELEASE,305,836
J 49 79,RELEASE,1209,3149
J 49 80,RELEASE,2342,5201
J 49 81,RELEASE,1780,3915
J 49 82,RELEASE,354,782
J 50 36,RELEASE,21,57
J 50 37,RELEASE,15,52
J 50 38,RELEASE,10,38
J 50 39,RELEASE,18,49
J 50 40,RELEASE,15,49
J 50 41,SUPPRESS,9,0
J 50 43,SUPPRESS,5,0
J 50 44,SUPPRESS,5,0
J 50 45,RELEASE,400,980
J 50 46,RELEASE,20,55
J 50 47,SUPPRESS,9,0
J 50 49,SUPPRESS,4,0
J 50 50,RELEASE,29,76
J 50 51,SUPPRESS,7,0
J 50 52,RELEASE,20,50
J 50 53,SUPPRESS,8,0
J 50 54,RELEASE,13,32
J 50 55,SUPPRESS,4,0
J 50 56,RELEASE,14,35
J 50 57,SUPPRESS,3,0
J 50 58,RELEASE,15,40
J 50 59,RELEASE,14,34
J 50 60,RELEASE,211,531
J 50 61,RELEASE,22,54
J 50 62,RELEASE,34,89
J 50 63,RELEASE,37,99
J 50 64,SUPPRESS,13,0
J 50 65,RELEASE,37,81
J 50 66,SUPPRESS,1,0
J 50 72,RELEASE,23,67
J 50 73,RELEASE,857,2098
J 50 74,RELEASE,1747,4430
J 50 75,RELEASE,854,2306
J 50 76,RELEASE,11,30
J 50 77,RELEASE,65,165
J 50 78,RELEASE,1418,3659
J 50 79,RELEASE,234,543
J 50 80,RELEASE,1360,2956
J 50 81,RELEASE,1330,2521
J 50 82,RELEASE,473,961
J 51 34,SUPPRESS,2,0
J 51 35,RELEASE,13,32
J 51 36,SUPPRESS,8,0
J 51 37,SUPPRESS,1,0
J 51 38,RELEASE,16,32
J 51 39,SUPPRESS,9,0
J 51 40,SUPPRESS,9,0
J 51 41,SUPPRESS,7,0
J 51 42,RELEASE,15,33
J 51 43,SUPPRESS,1,0
J 51 44,RELEASE,10,30
J 51 45,SUPPRESS,3,0
J 51 46,RELEASE,48,128
J 51 47,RELEASE,19,55
J 51 48,SUPPRESS,1,0
J 51 50,SUPPRESS,2,0
J 51 51,RELEASE,15,39
J 51 52,RELEASE,79,217
J 51 53,RELEASE,185,470
J 51 54,RELEASE,18,51
J 51 55,RELEASE,19,39
J 51 56,SUPPRESS,6,0
J 51 57,RELEASE,21,43
J 51 58,RELEASE,13,31
J 51 59,RELEASE,14,37
J 51 60,RELEASE,30,80
J 51 61,RELEASE,26,55
J 51 62,RELEASE,15,31
J 51 63,SUPPRESS,2,0
J 51 64,SUPPRESS,1,0
J 51 65,RELEASE,12,34
J 51 71,RELEASE,17,40
J 51 72,SUPPRESS,8,0
J 51 73,RELEASE,19,52
J 51 74,RELEASE,776,1842
J 51 75,SUPPRESS,11,0
J 51 76,RELEASE,13,32
J 51 77,SUPPRESS,2,0
J 51 78,RELEASE,424,915
J 51 79,RELEASE,1924,4283
J 51 80,RELEASE,1153,2475
J 51 81,RELEASE,1114,2475
J 51 82,RELEASE,625,1568
J 52 33,SUPPRESS,2,0
J 52 34,SUPPRESS,4,0
J 52 35,SUPPRESS,3,0
J 52 36,SUPPRESS,4,0
J 52 37,SUPPRESS,4,0
J 52 38,SUPPRESS,3,0
J 52 39,SUPPRESS,9,0
J 52 40,SUPPRESS,2,0
J 52 41,RELEASE,15,30
J 52 42,SUPPRESS,3,0
J 52 43,SUPPRESS,5,0
J 52 44,RELEASE,92,306
J 52 45,SUPPRESS,7,0
J 52 46,SUPPRESS,7,0
J 52 47,RELEASE,22,59
J 52 48,SUPPRESS,7,0
J 52 50,SUPPRESS,2,0
J 52 51,RELEASE,40,122
J 52 52,RELEASE,941,2026
J 52 53,RELEASE,215,471
J 52 54,SUPPRESS,4,0
J 52 55,RELEASE,13,33
J 52 56,RELEASE,11,70
J 52 57,SUPPRESS,11,0
J 52 58,RELEASE,15,37
J 52 59,RELEASE,12,31
J 52 60,SUPPRESS,1,0
J 52 61,RELEASE,135,294
J 52 62,RELEASE,30,70
J 52 63,SUPPRESS,9,0
J 52 64,SUPPRESS,7,0
J 52 65,SUPPRESS,4,0
J 52 70,SUPPRESS,1,0
J 52 71,SUPPRESS,7,0
J 52 72,RELEASE,95,211
J 52 73,SUPPRESS,11,0
J 52 74,RELEASE,14,30
J 52 75,RELEASE,13,32
J 52 76,SUPPRESS,10,0
J 52 77,RELEASE,11,31
J 52 78,RELEASE,18,42
J 52 79,RELEASE,1185,3215
J 52 80,RELEASE,1605,3989
J 52 81,RELEASE,1692,3734
J 52 82,RELEASE,633,1482
J 52 83,SUPPRESS,3,0
J 53 34,SUPPRESS,1,0
J 53 35,RELEASE,147,389
J 53 36,RELEASE,275,634
J 53 37,RELEASE,15,41
J 53 38,SUPPRESS,10,0
J 53 39,RELEASE,21,61
J 53 40,SUPPRESS,9,0
J 53 41,RELEASE,15,42
J 53 42,SUPPRESS,11,0
J 53 43,SUPPRESS,8,0
J 53 44,SUPPRESS,2,0
J 53 45,SUPPRESS,3,0
J 53 46,SUPPRESS,6,0
J 53 47,RELEASE,88,267
J 53 48,RELEASE,13,50
J 53 49,SUPPRESS,7,0
J 53 52,SUPPRESS,9,0
J 53 53,SUPPRESS,2,0
J 53 56,SUPPRESS,3,0
J 53 57,SUPPRESS,1,0
J 53 58,SUPPRESS,8,0
J 53 59,SUPPRESS,1,0
J 53 64,SUPPRESS,4,0
J 53 70,RELEASE,13,34
J 53 71,RELEASE,17,47
J 53 72,SUPPRESS,13,0
J 53 73,RELEASE,12,42
J 53 74,RELEASE,28,68
J 53 75,SUPPRESS,11,0
J 53 76,SUPPRESS,8,0
J 53 77,SUPPRESS,8,0
J 53 78,RELEASE,16,51
J 53 79,RELEASE,214,711
J 53 80,RELEASE,830,2084
J 53 81,RELEASE,608,1454
J 53 82,RELEASE,508,1137
J 53 83,RELEASE,427,804
J 54 35,SUPPRESS,3,0
J 54 36,RELEASE,17,40
J 54 37,RELEASE,14,41
J 54 38,RELEASE,13,32
J 54 39,SUPPRESS,8,0
J 54 40,RELEASE,13,32
J 54 41,SUPPRESS,9,0
J 54 42,SUPPRESS,4,0
J 54 43,RELEASE,15,37
J 54 44,SUPPRESS,9,0
J 54 45,RELEASE,13,37
J 54 46,SUPPRESS,4,0
J 54 47,RELEASE,42,131
J 54 48,SUPPRESS,10,0
J 54 49,SUPPRESS,3,0
J 54 69,SUPPRESS,1,0
J 54 70,SUPPRESS,6,0
J 54 71,RELEASE,14,42
J 54 72,RELEASE,13,30
J 54 73,RELEASE,19,48
J 54 74,RELEASE,12,33
J 54 75,SUPPRESS,7,0
J 54 76,SUPPRESS,5,0
J 54 77,SUPPRESS,5,0
J 54 78,SUPPRESS,10,0
J 54 79,RELEASE,22,61
J 54 80,RELEASE,17,41
J 54 81,RELEASE,25,66
J 54 82,RELEASE,20,35
J 54 83,RELEASE,266,575
J 55 36,RELEASE,66,153
J 55 37,RELEASE,615,1549
J 55 38,SUPPRESS,9,0
J 55 39,RELEASE,15,41
J 55 40,SUPPRESS,12,0
J 55 41,RELEASE,13,42
J 55 42,SUPPRESS,10,0
J 55 43,SUPPRESS,5,0
J 55 44,SUPPRESS,1,0
J 55 45,SUPPRESS,8,0
J 55 46,RELEASE,10,41
J 55 47,SUPPRESS,3,0
J 55 48,RELEASE,33,95
J 55 49,RELEASE,14,45
J 55 69,SUPPRESS,8,0
J 55 70,SUPPRESS,10,0
J 55 71,RELEASE,13,33
J 55 72,RELEASE,22,55
J 55 73,SUPPRESS,7,0
J 55 74,RELEASE,12,39
J 55 75,SUPPRESS,7,0
J 55 76,RELEASE,13,39
J 55 77,RELEASE,16,52
J 55 78,SUPPRESS,4,0
J 55 79,RELEASE,94,212
J 55 80,SUPPRESS,5,0
J 55 81,SUPPRESS,7,0
J 55 82,SUPPRESS,12,0
J 55 83,RELEASE,131,264
J 56 36,SUPPRESS,10,0
J 56 37,RELEASE,20,44
J 56 38,RELEASE,14,30
J 56 39,SUPPRESS,9,0
J 56 40,RELEASE,20,60
J 56 41,RELEASE,17,55
J 56 42,SUPPRESS,9,0
J 56 43,RELEASE,16,35
J 56 44,SUPPRESS,9,0
J 56 45,RELEASE,12,40
J 56 46,RELEASE,12,39
J 56 47,SUPPRESS,9,0
J 56 48,SUPPRESS,6,0
J 56 49,SUPPRESS,1,0
J 56 50,SUPPRESS,7,0
J 56 67,SUPPRESS,1,0
J 56 68,SUPPRESS,8,0
J 56 69,SUPPRESS,3,0
J 56 70,SUPPRESS,9,0
J 56 71,RELEASE,20,49
J 56 72,SUPPRESS,6,0
J 56 73,RELEASE,17,51
J 56 74,SUPPRESS,7,0
J 56 75,RELEASE,13,43
J 56 76,SUPPRESS,11,0
J 56 77,RELEASE,21,62
J 56 78,RELEASE,12,35
J 56 79,RELEASE,28,66
J 56 80,SUPPRESS,10,0
J 56 81,RELEASE,58,150
J 56 82,RELEASE,51,121
J 56 83,SUPPRESS,9,0
J 57 38,SUPPRESS,3,0
J 57 39,RELEASE,27,80
J 57 40,RELEASE,33,79
J 57 41,SUPPRESS,6,0
J 57 42,SUPPRESS,9,0
J 57 43,SUPPRESS,8,0
J 57 44,SUPPRESS,9,0
J 57 45,RELEASE,23,66
J 57 46,SUPPRESS,9,0
J 57 47,RELEASE,14,35
J 57 48,RELEASE,11,31
J 57 49,SUPPRESS,2,0
J 57 50,SUPPRESS,6,0
J 57 51,SUPPRESS,1,0
J 57 52,SUPPRESS,6,0
J 57 53,SUPPRESS,6,0
J 57 54,SUPPRESS,1,0
J 57 67,RELEASE,102,207
J 57 68,RELEASE,214,448
J 57 69,RELEASE,22,60
J 57 70,RELEASE,22,54
J 57 71,RELEASE,65,163
J 57 72,RELEASE,73,199
J 57 73,RELEASE,14,44
J 57 74,RELEASE,25,65
J 57 75,SUPPRESS,7,0
J 57 76,RELEASE,36,82
J 57 77,RELEASE,17,48
J 57 78,RELEASE,25,65
J 57 79,RELEASE,27,67
J 57 80,RELEASE,195,446
J 57 81,RELEASE,134,336
J 57 82,SUPPRESS,8,0
J 58 39,SUPPRESS,1,0
J 58 40,SUPPRESS,5,0
J 58 41,RELEASE,102,239
J 58 42,RELEASE,65,149
J 58 43,SUPPRESS,10,0
J 58 44,RELEASE,13,40
J 58 45,RELEASE,16,46
J 58 46,RELEASE,10,37
J 58 47,SUPPRESS,6,0
J 58 48,RELEASE,15,35
J 58 49,RELEASE,247,538
J 58 50,SUPPRESS,9,0
J 58 51,SUPPRESS,2,0
J 58 52,SUPPRESS,2,0
J 58 53,SUPPRESS,9,0
J 58 54,SUPPRESS,3,0
J 58 55,SUPPRESS,6,0
J 58 63,SUPPRESS,1,0
J 58 64,SUPPRESS,1,0
J 58 65,SUPPRESS,6,0
J 58 66,RELEASE,13,30
J 58 67,SUPPRESS,2,0
J 58 68,RELEASE,136,297
J 58 69,RELEASE,20,61
J 58 70,RELEASE,44,122
J 58 71,SUPPRESS,5,0
J 58 72,RELEASE,351,845
J 58 73,SUPPRESS,10,0
J 58 74,RELEASE,33,88
J 58 75,RELEASE,91,233
J 58 76,RELEASE,73,179
J 58 77,RELEASE,18,55
J 58 78,RELEASE,202,602
J 58 79,RELEASE,878,1814
J 58 80,RELEASE,622,1333
J 58 81,RELEASE,41,89
J 59 41,RELEASE,51,104
J 59 42,RELEASE,29,69
J 59 43,RELEASE,12,32
J 59 44,RELEASE,16,33
J 59 45,RELEASE,102,257
J 59 46,SUPPRESS,2,0
J 59 47,SUPPRESS,6,0
J 59 48,SUPPRESS,3,0
J 59 49,RELEASE,20,44
J 59 50,RELEASE,654,1440
J 59 51,RELEASE,263,640
J 59 52,SUPPRESS,3,0
J 59 53,SUPPRESS,4,0
J 59 54,SUPPRESS,5,0
J 59 55,RELEASE,15,37
J 59 56,SUPPRESS,4,0
J 59 61,SUPPRESS,2,0
J 59 62,RELEASE,239,466
J 59 63,RELEASE,72,149
J 59 64,RELEASE,20,41
J 59 65,SUPPRESS,9,0
J 59 66,SUPPRESS,10,0
J 59 67,SUPPRESS,8,0
J 59 68,RELEASE,11,33
J 59 69,SUPPRESS,3,0
J 59 70,RELEASE,14,44
J 59 71,SUPPRESS,6,0
J 59 72,RELEASE,13,38
J 59 73,RELEASE,24,60
J 59 74,SUPPRESS,10,0
J 59 75,RELEASE,585,1358
J 59 76,RELEASE,357,819
J 59 77,SUPPRESS,9,0
J 59 78,RELEASE,355,989
J 59 79,RELEASE,869,1647
J 59 80,SUPPRESS,6,0
J 60 47,SUPPRESS,8,0
J 60 48,RELEASE,13,30
J 60 49,SUPPRESS,11,0
J 60 50,RELEASE,42,106
J 60 51,RELEASE,87,250
J 60 52,RELEASE,16,54
J 60 53,RELEASE,11,38
J 60 54,RELEASE,14,39
J 60 55,RELEASE,26,84
J 60 56,RELEASE,38,109
J 60 57,SUPPRESS,7,0
J 60 58,RELEASE,18,50
J 60 59,RELEASE,23,46
J 60 60,RELEASE,12,32
J 60 61,RELEASE,20,48
J 60 62,RELEASE,195,483
J 60 63,RELEASE,16,43
J 60 64,RELEASE,13,33
J 60 65,RELEASE,11,30
J 60 66,SUPPRESS,1,0
J 60 67,RELEASE,14,51
J 60 68,RELEASE,27,76
J 60 69,RELEASE,17,50
J 60 70,SUPPRESS,10,0
J 60 71,RELEASE,19,56
J 60 72,RELEASE,11,37
J 60 73,RELEASE,19,44
J 60 74,RELEASE,29,66
J 60 75,RELEASE,68,169
J 61 46,SUPPRESS,4,0
J 61 47,SUPPRESS,5,0
J 61 48,SUPPRESS,4,0
J 61 49,SUPPRESS,4,0
J 61 50,RELEASE,19,46
J 61 51,SUPPRESS,10,0
J 61 52,RELEASE,26,84
J 61 53,RELEASE,14,43
J 61 54,SUPPRESS,9,0
J 61 55,RELEASE,22,60
J 61 56,RELEASE,30,84
J 61 57,RELEASE,52,150
J 61 58,RELEASE,14,45
J 61 59,RELEASE,47,135
J 61 60,RELEASE,15,36
J 61 61,RELEASE,104,278
J 61 62,RELEASE,20,56
J 61 63,RELEASE,23,56
J 61 64,SUPPRESS,4,0
J 61 65,RELEASE,11,30
J 61 66,RELEASE,15,35
J 61 67,RELEASE,17,45
J 61 68,SUPPRESS,7,0
J 61 69,SUPPRESS,2,0
J 61 70,SUPPRESS,7,0
J 61 71,SUPPRESS,9,0
J 61 72,RELEASE,15,35
J 61 73,RELEASE,53,108
J 61 74,RELEASE,19,35
J 62 45,SUPPRESS,1,0
J 62 46,SUPPRESS,2,0
J 62 47,SUPPRESS,5,0
J 62 48,SUPPRESS,6,0
J 62 49,SUPPRESS,4,0
J 62 50,SUPPRESS,12,0
J 62 51,SUPPRESS,8,0
J 62 52,RELEASE,15,45
J 62 53,RELEASE,62,151
J 62 54,RELEASE,24,70
J 62 55,RELEASE,25,86
J 62 56,RELEASE,14,36
J 62 57,RELEASE,20,51
J 62 58,RELEASE,21,62
J 62 59,SUPPRESS,8,0
J 62 60,RELEASE,22,61
J 62 61,RELEASE,11,33
J 62 62,RELEASE,32,94
J 62 63,RELEASE,20,47
J 62 64,SUPPRESS,4,0
J 62 65,RELEASE,24,80
J 62 66,SUPPRESS,7,0
J 62 67,SUPPRESS,6,0
J 62 68,RELEASE,440,1010
J 62 69,RELEASE,481,1022
J 62 70,RELEASE,18,36
J 62 71,SUPPRESS,5,0
J 62 72,SUPPRESS,3,0
J 63 48,SUPPRESS,4,0
J 63 49,SUPPRESS,3,0
J 63 50,SUPPRESS,3,0
J 63 51,SUPPRESS,7,0
J 63 52,SUPPRESS,2,0
J 63 53,SUPPRESS,7,0
J 63 54,RELEASE,11,39
J 63 55,RELEASE,16,34
J 63 56,RELEASE,144,325
J 63 57,RELEASE,85,213
J 63 58,RELEASE,65,162
J 63 59,RELEASE,20,50
J 63 60,RELEASE,17,46
J 63 62,RELEASE,29,99
J 63 63,RELEASE,92,154
J 63 64,RELEASE,142,382
J 63 65,SUPPRESS,5,0
J 63 66,SUPPRESS,13,0
J 63 67,SUPPRESS,12,0
J 63 71,SUPPRESS,3,0
J 64 51,SUPPRESS,18,0
J 64 52,RELEASE,14,35
J 64 53,RELEASE,17,56
J 64 54,SUPPRESS,10,0
J 64 55,SUPPRESS,4,0
J 64 57,RELEASE,324,787
J 64 58,SUPPRESS,3,0
J 64 59,SUPPRESS,8,0
J 64 60,SUPPRESS,3,0
J 64 61,RELEASE,38,82
J 64 62,RELEASE,13,38
J 64 63,RELEASE,312,720
J 64 64,RELEASE,82,199
J 65 57,SUPPRESS,13,0
J 65 58,RELEASE,23,59
J 65 59,RELEASE,459,1242
J 65 60,RELEASE,320,772
J 65 61,RELEASE,42,98
J 65 62,SUPPRESS,9,0
J 65 63,RELEASE,14,34
J 66 59,RELEASE,26,60
J 66 60,RELEASE,112,257
J 66 61,SUPPRESS,1,0
J 66 62,RELEASE,10,30
J 66 63,SUPPRESS,10,0
